idx_issue,등록일자,상태,구분,작성자명,작성자명(form DB),프로젝트명,관련제품,이슈내용,발생원인,개선방안
1057,2026.7.21,등록,,이은지,이은지,PNA52676-알로스타,프라우드 투톤 명함지갑,"명함지갑 덮개 안쪽의 자성이 너무 약해서 잘 열리는 현상 발생
(명함지갑 뒤쪽을 잡고 들면 자동으로 덮개가 열릴정도)",,
1056,2026.7.13,등록,,지윤미,지윤미,PNA51468-IBK창공,리멤버 탁상시계,디스플레이 화면 불량으로 사용 어려움,제품 불량,
1055,2026.7.7,등록,,황휘민,황휘민,PNA51627-한국전력공사,비주얼핏 키캡키링,"키캡이 쉽게 빠지는 이슈가 있다고 합니다. 
가방에 메고 다니는 도중에 키캡이 빠졌다는 이슈를 직원 2~3명으로부터 전달받았다고 합니다. (100개 제작 후 대부분의 수량은 행사참여자에게 배포하였고 일부수량만 임직원에게 배포한 것으로 이슈 발생 비율이 꽤 높습니다)",다른 키캡과 비교해보니 저희 키캡의 홀이 약간 큰 것 같습니다.,
1054,2026.7.3,등록,,우예림,우예림,PNA52623-그래피디자인,카드트레이 피규어 세트,"본 건은 차주 수요일(7/8) 출고 예정 건입니다.

다만 로고 색상값 확인을 위해 피규어 샘플 인쇄를 2회 진행했고, 샘플 제작 후 최종 색상값을 C:90, M:100, Y:16, K:0으로 확정하여 제작했습니다.

고객사에서 색상값에 민감하신 상황이라, 이전에 민정님께도 인쇄 방식 및 소재에 따른 색감 차이 가능성을 확인 후 안내드린 바 있습니다. 
다만 현재 제가 보기에도 지류와 피규어 간 색상 차이가 비교적 크게 나는 상황입니다.

이에 따라 아래 내용 확인 부탁드립니다.

1. 피규어를 지류 색상에 맞춰 재제작하는 방식
2. 지류를 피규어 색상에 맞춰 재제작하는 방식

위 두 가지 방식 중 어떤 방식이 더 빠르게 재제작 가능한지 확인 부탁드립니다.
또한 각 방식별 재제작 비용과 예상 소요시간도 함께 확인 요청드립니다.",,
1053,2026.7.1,등록,,송지영,송지영,PNA51849-광주새롬학교,풀커버 스티치 노트,"키트 구성에서 -> 단품 구성으로 변경되면서 고객이 따로 opp포장 옵션을 요청하지 ㅇ낳아 풀커버 스티치 노트가 OPP 없이 출고되었는데 

홈페이지에는 OPP가 필수로 지정되어 있어서 고객은 따로 요청하지 않아도 OPP가 추가되는 것인지 알고 계셨습니다. 

고객이 회수해서 OPP포장하고 싶어하시는 상황인데 오늘 중으로 회수 가능할지 확인 부탁드립니다. 
",,
1052,2026.7.1,등록,,우예림,우예림,PNA52116-함샤우트(롯데웰푸드),페이퍼 샤쉐,"페이퍼 샤쉐 800개 제작 건

제작한 샤쉐 중 패키지 파손이 1개가 우선적으로 발견되어 불량품에 대한 불안도가 높아져 고객사에서 여유 수량분 추가 전달 요청하셨습니다. 
고객사에서 일정 상 전량 검수 및 신시어리 회수 진행할 수 없는 상황이라고 합니다. 
기존 전달된 여유 수량분 8개에서 추가적으로 전달 가능한 여유 수량분 있을 지 확인 요청드립니다.",,
1051,2026.6.18,등록,,현동원,현동원,PNA51510-웍스피어,미니어처 NFC 키링,본 건 NFC 키링이 발주확정시안에 있는 시안이 아닌 이전 OS샘플 프로젝트 당시 진행했던 시안으로 제작됨. 검수 단계에서 확인되지 않음. ㅠ,"
",
1050,2026.6.17,등록,,우예림,우예림,PNA52138-한국애질런트테크놀로지,에센셜 장우산,"에센셜 장우산 70개 제작 건입니다.
전량 우산 패키지의 로고 'A' 부분이 누락된 상태로 인쇄된 것으로 확인됩니다.
고객사 일정상 차주 화요일(6/23)에 경주 현장에서 바로 사용 예정이라고 하여, 일정이 촉박한 상황입니다.
본 건 전량 회수 후 재제작 진행이 가능할지 빠르게 확인 부탁드립니다.
",,
1049,2026.6.11,등록,,이은지,이은지,PNA52102-커스텀그라운드,주차번호판 피규어세트,"고객이 표본으로 검수하신 수량 하나에서 첨부된 블랙 정사각형 파츠 누락이 확인됨. 회수 후 전량 검수 요청.
(입하 사진 상 전량 이슈는 아닌 것으로 추정)",,
1048,2026.6.8,등록,,우예림,우예림,PNA51837-케이뱅크,Motion 스탠다드 박스,"본 건 휘민님 컨펌 하에 모션박스 200개만 제작 진행된 건입니다.

임가공 시 박스에 메시지 카드를 끼워 작업하였으며, 투명 슬리브는 별도로 전달된 것으로 확인됩니다.

고객사 포장 작업 중, 메시지 카드 삽입부의 동일한 위치가 찢어진 박스가 총 29개 발견되었습니다. 제공된 여분 수량 4개(샘플 1개 + 여분 3개)를 초과하는 수량으로 확인되어 재제작이 필요할 것으로 보입니다.

아울러 투명 슬리브의 스크래치가 심한 제품도 약 10개 발견되었습니다.

본 제품은 6/10(수)에는 포장 완료 필요한 것으로 전달받았는데, 재제작 시 6/10(수) 출고 가능 여부 확인 부탁드립니다.
",박스 : 임가공 시 메시지 카드를 끼우면서 생긴 불량(찢어짐)으로 추정,
1047,2026.5.29,등록,,우예림,우예림,PNA51914-OSSTUDIO,스탠딩 휴대용 선풍기,"본 건 스탠딩 휴대용 선풍기 200개 제작 건입니다.

한 박스에 20개씩 총 10박스 제공된 것으로 확인되며, 현재 고객사에서 3박스를 개봉하여 검수한 결과 사진과 같이 선풍기 바디 색상이 눈에 띄게 누렇게 보이는 제품이 약 10~11개 발견되었다고 합니다.

현재 본 건 출고확인서가 업로드되어 있지 않아 여유수량분 확인이 어려운 상황입니다.

추가로 우려되는 점은, 본 프로젝트 이후 PNA51823 건으로 동일 제품 2,100개 제작이 진행 중인데 동일한 이슈가 반복될 가능성입니다.

이에 아래 내용 확인 부탁드립니다.

1. 현재 발견된 색상 이슈 제품에 대한 교환 또는 대체 가능 여부
2. 본 건 여유수량 보유 여부
3. PNA51823 동일 제품 2,100개 제작분에서도 동일 이슈가 발생하지 않도록 사전 검수 또는 생산 단계 확인 가능 여부

확인 후 고객사에 안내드리겠습니다.",,
1046,2026.5.11,등록,,이은지,이은지,PNA51445-티움(알파라발),미니어처 NFC 키링,고리 형태 회전 D링으로 발주했으나 군번줄로 출고됨,,
1045,2026.4.30,등록,,우예림,우예림,PNA51452-국가안보전략연구,라이트 샤오미펜,"금일 출고된 총 1,000개 중 대부분이
배경지 후면 ‘INSTITUTE FOR NATIONAL SECURITY STRATEGY’ 로고 인쇄가
얇고 연하게 표현된 것으로 확인됨.
(정확한 수량은 확인 어려움)

전량 회수 후 검수 및 재제작 진행 시 5/7 이전에 전달이 필요함..",,
1044,2026.4.28,등록,,이은지,이은지,PNA51559-성원아이북랜드,아이콘 펜,아이콘 펜 바디가 결합되지 않은 채 아크릴 파츠만 출고,펜 바디 발주 데이터 상의 문제로 추정,
1043,2026.4.27,등록,,지윤미,지윤미,PNA50484-SK일렉링크,스탠리 데일리 텀블러,고객물품 텀블러 150SET가 커스텀 박스에 넣지 않은채로 출고됨.,"총 300키트 중 텀블러가 아래와 같이 나뉘며 2가지 모두 커스텀 박스에 포장 후 G형박스에 구성 필요했었는데 (발주 시 텀블러 커스텀 박스 300개 진행)
1. 뉴오피스 키트 / 고객 물품(각인)텀블러 150개
2. 웰컴키트  / 신시어리에서 발주한 스탠리 텀블러 150개
고객물품 텀블러 150SET가 커스텀 박스에 넣지 않은채로 출고됨.

출고일 전 2. 웰컴키트 1SET를 고객이 이미 받고 특이사항이 없었어서 이후 뉴오피스에 대한 임가공샘플링 확인을 큐레이터가 누락함.",
1042,2026.4.27,등록,,지윤미,지윤미,PNA34225-도루코,굿이너프 비치타월,비치타월 이염 (25년 8월 제작 건이나 400개 사용 후 100개 보관),"25년 8월에 G형박스 키트 내 비치타월을 접어서 넣은 키트를 제작하셨는데 500SET중 남은 100SET를 최근까지 보관하셨고, 열어보니 비치타월에 이염이 발생하여 사용하기 어려운 상황이라고 연락주심.
하자보증기간은 남품 후 1개월이긴 하나 고객입장에서 보관 방법 및 유의사항에 대한 안내가 부족하여 생긴 이슈라고 생각하셔서 관련하여 보상을 원하시는 상황",
1041,2026.4.23,등록,,우예림,우예림,PNA50697-엑솔라코리아,프레젠트 골프공 3구,"프레젠트 골프공 3구 여유 수량 중 1개가
제품(골프공 및 웰컴페이퍼) 없이 박스만 전달되었습니다.",,
1040,2026.4.22,등록,,채효경,채효경,PNA51145-다우코리아(두산전자),브릭스탠드 멀티충전기,"9V, 12V를 지원하는 30W 이상의 출력가정용 충전기를 사용하였음에도 깜빡깜빡거리면서 충전이 되지 않는 수량이 잔여분으로 대체하고도 2개 정도 있다고 합니다.
충전기 본품 무지 제품 전달 가능할지 확인 부탁 드립니다. ",제품 불량 ,
1039,2026.4.16,등록,,지윤미,지윤미,PNA37363-프라이머스케이,올웨이즈 양우산,우산이 끝까지 펼쳐지지 않아서 사용이 어려우심,제품 불량,
1038,2026.3.31,등록,,우예림,우예림,PNA50693-삼성전자,"브릭스탠드 멀티충전기,브랜디드 피규어","배포 중 불량 확인 
- 헤어 비스포크 옵션 부재 1개(갈색 헤어/에이원 입하사진 참고)
- 충전패드 불량 1개 (오작동/영상)

전체 수량(215개) 중 47개 정도는 추후 개봉 예정이라, 전수 확인은 어려운 상황입니다. ","- 임가공 시 헤어 파츠 누락
- 충전패드 불량",
1037,2026.3.31,등록,,채효경,채효경,PNA50886-CJ대한통운,킵세이프 마그넷 배터리 Slim,"엔드 유저 분이 연락 주셨습니다. 보조배터리의 충전 및 스마트폰 충전 모두 기능하지 않음
",,
1036,2026.3.26,등록,,현동원,현동원,PNA50732-김해시청,페이퍼 샤쉐,전체 100개 중 일부가 홀로그램박이 아닌 백박으로 제작됨,,
1035,2026.3.20,등록,,지윤미,지윤미,PNA35051-멜팅필름,플레인 USB,usb 앞 부분이 휘어져있어서 단자에 연결이 어려움,,
1034,2026.3.12,등록,,이은지,이은지,PNA50873-인바디,라이트 샤오미펜,배경지 시안 중 C3 텍스트 하단 그라데이션이 시안과 다르게 중간중간 화이트가 들어가 있고 끊겨서 제작,시안 데이터 확인 필요,
1033,2026.2.19,등록,,현동원,현동원,PNA50241-파블로항공,에센셜 장우산,"인쇄 번짐이 심하다고 고객 인지 
",,
1032,2026.2.13,등록,,지윤미,지윤미,PNA50214-주식회사디마이너스원,"Solid 커스텀 G형 박스,데코 스티커","동일 색상 값으로 제작했으나 제품 별 색감 차이 발생
->공정 특성 상 색상 차이가 날 수 있는 점 고객도 인지하고 있으나 허용 범위를 넘어서는 수준이라고 생각하심.",,
1031,2026.2.10,등록,,현동원,현동원,PNA50231-원데이기프트,로고스트랩 파우치,"스트랩에 실이 박혀져 있는 수량이 많고, 일부는 실 위에도 인쇄가 진행됨
",,
1030,2026.2.6,등록,,송지영,송지영,PNA37460-세인트새틴,와이드클립 펜,"이슈 사항은 아래와 같습니다. 
 
- 볼펜 로고 인쇄 부분이 전달드렸던 시안과 상이함 다른 상품들은 로고가 정상 인쇄 확인되었으나, 볼펜만 로고 폰트 굵기가 얇게 인쇄되어 있음.


해당 부분에 대해

- 발생 원인
- 추가 제작 시 개선 가능 여부

확인 요청하셨습니다. ",확인 필요 ,
1029,2026.2.5,등록,,현동원,현동원,PNA36556-효성중공업,베이직 도킹형 보조배터리,"불량 총 2개 발생
작년 11월에 불량 1개 발생하여 여유분 1개로 해결 요청 드렸으며,
오늘 다른 제품에서 충전 불량 발생했다고 합니다.

(리뉴얼 전 기물로 제작했던 건입니다.)",,
1028,2026.2.4,등록,,지윤미,지윤미,PNA37360-연세의료원,슬로건 다이어리,내부 검수 중 스펠링 오타 발견 (first -> fisrt),디퀘 작업 과정에서 스펠링 오타가 발생하였으며 필기체라 오타 인지가 어려웠던 것으로 확인됨,
1026,2026.2.2,등록,,현동원,현동원,PNA31145-기아,바이브 캠핑쿨러,풀필먼트 보관 후 1/26 출고한 Environment 키트 중 하나가 파손된 상태로 도착함,,
1025,2026.1.30,등록,,채효경,채효경,PNA38693-솔루엠,시그니처 다이어리,"스탠다드 내지 300개 제작하셨는데, 무광은박이 매우 번지고 지저분하게 인쇄되었습니다. 
이미 [PNA36722-솔루엠] 건으로 시그니처다이어리 1천권 내지 커스텀 제작해보신 적이 있으신데, 그 때 실물도 가지고 계셔서 비교사진을 주셨고 확연히 퀄리티가 떨어져 보입니다.(ㅠㅠ)

아직 이전 커스텀 제작 건 잔여수량이 남아있어서 소진 전에 주문하신 상황이라 일정이 아주 급하지는 않은데, 대안 및 일정 역으로 안내주시길 요청 주셨습니다. ",,
1024,2026.1.27,등록,,채효경,채효경,PNA38055-데브시스터즈,에디트 캘린더,"전체적인 색감이 발주확정시안과 대비했을 때 상당히 어둡게 인쇄되었다고 합니다. 
커버의 쿠키 캐릭터가 중요한데 다소 탄 것 같은 색감이고, 내지의 배경색도 인쇄오차 수준을 넘어 전반적인 색감이 다르게 인쇄되었다고 합니다.
전체적으로 색감 차이가 있으나, 유독 더 심한 페이지는 [커버, 26년 1월 월력, 27년 1월 월력] 입니다. 
에이원에 실물 남아있다면 실물로 비교해봐주시면 좋을 것 같아요. 

고객이 시안 작업하셨고, 뒷묻음 방지 위해 체크파이널에서 전체적으로 색상값 조정하여 발주확정시안 드려 고객컨펌되었으나, 확정시안과 실제인쇄물 간 차이가 너무 크다고 느끼시는 상황입니다. 
(시안과 실제 인쇄물 간 차이가 있을 수 있는 점은 알고 계시지만, 그 차이가 너무 심하다고 느끼심) 

오늘(1/27) 출고된 건인데, 원래 납품 후 바로 배포 예정이었어서 ASAP으로 재인쇄 등 조치를 희망하십니다. 
전체적으로 내용 확인하여 답변 주시면 감사하겠습니다. 

1) 저희 제작, 검수 단계에 문제는 없었을지
2) 재인쇄 진행해드린다면 해결 가능한 정도일지
3) 재인쇄 진행 시 소요 기간 ",,
1023,2026.1.15,등록,,지윤미,지윤미,PNA37444-브레인크루,리멤버 탁상시계,전원이 들어오지 않음 (배터리를 교체해도 동일),,
1022,2026.1.12,등록,,이은지,이은지,PNA38111-대한혈액학회CML연구회,파카 조터 XL 볼펜,"발주 수량 30개 중 18개에는 개별각인/ 12개는 공통각인 문구가 들어가야 하는데,  18개 개별각인 중 하나가 누락되어 13개 공통각인으로 전달 받으셨다고 합니다.
누락된 개별각인은 발주 확정 시안 기준 12번 S. A. Shin · CMLWP 이라고 합니다.
새 제품에 누락된 문구 개별 각인하여 전달이 필요한데 재제작 시 리드타임 확인 부탁드립니다.",,
1021,2026.1.8,등록,,이은지,이은지,PNA37951-인터브랜드,내추럴 노트,"가름끈 접착력이 너무 약해서 조금만 당겨도 빠지고, 접착면이 들뜨는 부분도 있다고 합니다. 현재 배포한 50개 중 10개에서 해당 이슈가 발견된 상황입니다.

1) 이미 배포된 제품 중에는 불량 있는 제품만 회수 및 보수 작업
2) 아직 배포되지 않은 50여개 (OPP 포장되어있음)에 대해서는 전량 회수 및 검수 후 불량 보수작업. 

상기 두가지 내용으로 대응 필요할 것 같습니다.",,
1020,2026.1.7,등록,,이은지,이은지,PNA36746-유안타증권,밸류 무선충전 마우스패드,"현재까지 4개 수량 충전이 되지 않는다는 불량 이슈 (충전 램프가 들어오지 않음)/
해당 수량 정상 제품으로 교환 필요",,
1019,2026.1.7,등록,,이은지,이은지,PNA38178-노원구청년일자리센터,클립 아트펜,"고객이 퀵 배송& 기사님과 소통 과정에서 불편을 느끼셨다고 합니다.
원래 오늘 오전 출고 건인데, 어제 오후에 수령 일정 미리 조정 가능한지 연락 받으셨습니다. 

고객이 연락 받으신 시점에서 기사님께 도착 가능 시간을 여쭤봤더니 고객 영업시간 이후라 직접 수령이 불가한 상황이었습니다.

고객사 건물이 고객사만 쓰는 건물이 아니라 분실 위험 등으로 인해 고객은 원래대로 오늘 영업시간 중 직접 수령을 의사를 밝히셨지만, 기사님께서 지속적으로 비대면으로 두고 갈 곳이 없는지 요청하셨고 이 과정에서 고객 퇴근시간 이후에 연락하여 수령 가능한 곳을 사진 찍어 보내라고 하시는 등 불편함이 있으셨다고 합니다 ㅠ 더불어 고객은 영업시간 아니더라도 오늘 오전 중에 배송 받는 것으로 이해하셨는데 새벽 3시경에 전달이 되었다고 합니다.

고객 입장에서는 퀵 서비스 자체가 원하는 시간대에 직접 수령 받는 서비스인데 이렇게 비대면으로 전달 받은 점, 기사님과 소통이 일방적으로 느껴진 점이 많이 불편하셨다고 하는데요,

고객은 퀵 배송비 지불한 만큼의 서비스를 못 받은 것 같아 불만족하셨고 이에 대한 사과&보상을 요청한 상황이라
고객 입장 외에 기타 특이사항 있었던건지, 발생 원인을 알고 설명 드려야 할 것 같아서 확인 요청 드립니다.",,
1018,2026.1.6,등록,,지윤미,지윤미,PNA37750-그래피,시그니처 다이어리,고객시안으로 발주 후 출고되었으나 오타 발견,,
1017,2026.1.5,등록,,이은지,이은지, PNA37951-인터브랜드,내추럴 노트,"내추럴노트 OPP 포함하여 발주하였는데 고객께는 OPP 포장되지 않은 채로 벌크 출고되었다고 합니다. 내추럴노트 OPP포장은 협력사 임가공으로 확인되는데 누락된 원인을 알 수 있을까요? 
+) 아직 후속 조치는 고객과 확인중이긴 한데 회수 후 OPP 포장 진행 시 대략적으로 기간 얼마나 소요될지 확인 부탁드립니다.",,
1016,2025.12.26,등록,,송지영,송지영,PNA37751-생텀,액티브 스포츠타월,"고객이 열어서 확인을 해보니 모든 타월들이
첨부해드린 사진과 같이 타월의 좌측 상단에 보풀이 일어나 있고 거친 질감이 있습니다.

사진을 보니 상단이랑 하단 천의 보풀이나 거칠기가 좀 다른거 같은데.. 
잘못 제작된 것일지 한 번 확인 부탁드리겠습니다. 
",,
1015,2025.12.23,등록,,채효경,채효경,PNA37856-세방전지,아이콘 펜,"아이콘펜의 아이콘 부착면이 고정력이 너무 약해 금방 떨어짐.
펜의 클립을 간단하게 꽂을 때는 물론이고 펜 버튼을 누를때나 심지어는 처음 케이스에서 제품을 꺼낼 때도 툭 하고 쉽게 떨어져버린다고 합니다.

현재 주문하신 500개 중에 10개~20개 정도 배포하셨고, 사용하시던 엔드유저가 해당 이슈 알려주시고 몇개 더 확인해보면서 발견하셨다고 하네요. 

배포하셔야 하는 일정이 정해지지는 않았지만, 계속해서 배포하실 예정이라 전체 회수 및 부착면 보수 작업하여 재출고해드리는 방향이 가장 좋을 것 같습니다. ",,
1014,2025.12.22,등록,,현동원,현동원,PNA37127-한국탕화쿵푸,"브릭 메모&캘린더 스탠드,브랜디드 피규어","브릭 메모 스탠드 내에 삽입되어 있는 피규어의 오른쪽 팔 블록이 없다고 엔드 유저의 연락이 있었습니다. (손 블록은 있다고 하십니다.) 

저희 측 내부 여유수량 있는지 확인해 보고, 없으면 엔드유저에게 누락된 블록만 별도 전달드리는 것으로 마무리 하겠습니다. ",,
1013,2025.12.19,등록,,이은지,이은지,PNA36848-행복에프앤씨,썸네일 캘린더,내지 일부 시안이 겹쳐서 인쇄됨,,
1012,2025.12.18,등록,,김령은,김령은,PNA37362-삼성전자,아트워크 레더 다이어리,"어두운 색으로 배경 인쇄 진행한 아트워크 다이어리 제품 모서리 인쇄 부분이 살짝 찢어진 듯이 확인됩니다.

총 6가지 시안으로 100개씩 제작 진행했는데, 어두운 색인 두 가지 시안(B4, B5) 제품에서만 확인되는 문제입니다. 첨부 사진 확인하셔서 불량에 해당될지 확인 부탁드려요.

고객이 제품 수령하시고 바로 행사에서 배포하신 상황입니다. 배포 후 잔여 수량 색상별 20개 정도이며 블루(B4) 색상은 20개 중 1개, 그린(B5) 색상은 20개 중 8개 불량 확인하셨다고 합니다.

고객이 배포 받은 분들이 불량으로 교체 해달라는 요구가 있는 경우 전달하기 위한 추가 수량 재재작 요청주셨습니다. 남은 수량 배포는 12/26에 진행 예정입니다.

",,
1011,2025.12.17,등록,,송지영,송지영,PNA36139-STUNITAS,시그니처 다이어리,시그니처 다이어리 하단에 알파벳 1개가 누락되어 제작됨 ,원인 확인 필요 ,
1010,2025.12.17,등록,,이은지,이은지,PNA36754-(주)언어발전소,썸네일 캘린더,"'- 달력면의 25년 12월부터 26년 1월까지 공휴일 표기가 초록으로 잘못 인쇄됨 (시안은 모두 빨강으로 정상, 7월부터는 빨강으로 정상 인쇄)
- 공휴일 표기가 잘못 인쇄된 달력면에는 로고 색상도 다르게 인쇄됨 (로고 좌측 따옴표 그래픽이 푸른색이어야 하나 보라색으로 인쇄됨. 동일하게 7월부터는 정상)","인쇄 오류로 추정, 발주 시안에 이상 없습니다.",
1009,2025.12.16,등록,,한봄이,한봄이,PNA36633-삼성물산,퀵차지 도킹형 보조배터리,엔드유저로부터 퀵차지 도킹형 보조배터리 제품 충전이 전혀 되지 않는다는 불량문의가 접수되어 제품 교환 가능할지 문의주심,아마도 기기 결함,
1008,2025.12.16,등록,,채효경,채효경,PNA36573-뉴테크우드코리아,썸네일 캘린더,"썸네일캘린더와 브랜드잇 퀄리티 이슈로 클레임 발생해 고객이 주신 메일 전문 및 사진 스레드에 업로드하겠습니다. 

간략히 정리하자면 주요 문제 아래와 같습니다.
1) 썸네일캘린더 사진 인쇄 부분  미세한 핀홀 및 점상 노이즈가 다수 발생
2) 브랜드잇 동일시안 재발주인데 내지 재질 자체가 다르고, 인쇄부분 미세한 점 다수 발생

아래 내용 팔로업 필요합니다.
1) 개선 가능할지
2) 개선 가능하다면 전량 재제작 가능할지
3) 1-2번 어렵다면 전액 또는 일부 환불 가능할지 ",,
1006,2025.12.16,등록,,채효경,채효경,PNA37458-삼성서울병원,글로시 키링,"글로시 키링 인쇄 불량 발생(1000개 중 6개) 

이전에 [PNA36388-삼성서울병원] 건에서도 동일 불량 발생해서 여분수량 충당 외 나머지 수량 추가제작 해드린 것으로 확인됩니다. 

키링[3]
- 키링시안 D3, 배경지시안 F3 
- 151개 수령, 2개 불량, 여분수량으로 1개 충당, 총 1개 추가제작 필요 

키링[10]
- 키링시안 D10, 배경지시안 F10 
- 101개 수령, 4개 불량, 여분수량으로 1개 충당, 총 3개 추가제작 필요 

이전 이슈대응 시 배경지와 남는수량 임가공팀 보관중이어서 실버팩+배경지 포장 완성품 형태로 전달드렸는데 가능할지 확인 부탁 드립니다. ",,
1005,2025.12.12,등록,,채효경,채효경,PNA37736-(주)해피문데이,홈카페 코스터,"배경지 전후면이 바뀌어 포장됨.
고객이 팔로업 요청하지는 않으셔서 내부공유만 합니다. 
전후면이 명확한 시안이라고 판단하기도 했고, 표준 임가공에서 벗어나지 않아서 임가공샘플링 불필요한 것으로 체크했었는데, 예상치 못한 이슈네요. 
임가공팀에서 참고해주시면 좋을 것 같습니다. ",,
1004,2025.12.10,등록,,지윤미,지윤미,PNA35939-국립세계문자박물관,슬로건 다이어리,"뒷면 커버 접착부분이 떨어짐.
150개 중 5개 정도 확인하셨는데 1개 발견된 상황이며, 사용하시는 일정 확인 후 회수하여 검수 및 재부착 필요할 것 같습니다.",추워서 접착부분이 떨어진게 아닐지...,
1003,2025.12.10,등록,,지윤미,지윤미,PNA36503-희림건축,Solid 스탠다드 G형 박스,"배송 이슈
출고 전날 배송지(층수) 변경되었으나 출고지인 협력사에서 퀵을 미리 배차해두셨고, 수정 전 층수로 배송됨
(수량이 너무 많고 혼자 계셨던 상황이라) 고객이 7층에서 12층으로 옮겨달라고 말씀하셨으나 퀵 기사님들이 거절-> 이후 신시어리 퀵 기사님이 방문하여 옮겨주셔서 잘 해결되었으나 내부 공유 차 남깁니다.",,
1002,2025.12.10,등록,,지윤미,지윤미,PNA35058-넥슨재팬,아이콘 콜드컵,"아이콘 뒷면 고리 부분이 파손
넥슨 코리아로 배송 된 3개 중 1개 파손된 상황이고 이 외 수량은 넥슨 재팬으로 배송 중에 있어서 불량 수량 확인 후 일부 재제작 진행 예정입니다.",,
1001,2025.12.10,등록,,현동원,현동원,PNA37493-오케스트로,히트업 손난로 보조배터리,"1. 슬리브에 이동 및 임가공 작업 중 발생한 기스를 고객이 이슈로 인지 
기스는 살짝만 스쳐도 잘 티가 나는 것으로 확인, 시안 배경이 남색의 어두운 색이라 기스가 두드러짐 (사진 빨간네모 부분)
2. 슬리브 일부 면의 오시선 위치 오차가 다양하게 발생 (1-2mm 위치 오차는 안내 드렸으나 4mm 발생도 있다고 말씀하심) (사진2,3 참고)",,
1000,2025.12.3,등록,,송지영,송지영,PNA36975-KT그룹희망나눔재단,브랜디드 피규어,"배경지가 지나치게 왼쪽으로 치우침. 
배경지 사이즈도 비닐에 비해 너무 작다고 느끼심 

재단 오차로 설명드렸으나 고객이 납득하지 못하는 수준이라고 말씀하셨고, 재제작 요청하셨습니다. 

12/5까지 납품되어야 하는 상황입니다. ",배경지 재단 오차.. ,
999,2025.12.1,등록,,김령은,김령은,PNA36358-에프엠커뮤니케이션즈,히트업 손난로 보조배터리,"고객이 제품 오늘 수령하셔서 전량 검수하셨는데, 손난로 제품 밑면에 얼룩진 제품이 50개 중 34개 정도로 확인됨",확인 필요,
998,2025.11.26,등록,,지윤미,지윤미,PNA36865-무빙스톤즈,올데이 텀블러,뒷면 시안 UNVERSITY에서 Y가 빠져서 인쇄됨,발주 이후 인쇄 센터 위치가 맞지 않아서 시안이 수정되었고 그 과정에서 Y가 누락됨,
997,2025.11.26,등록,,이은지,이은지,PNA36915-자이크론,내추럴 노트,"'- 홈페이지 메인 사진을 보시고, 내지에 캘린더가 기본 포함인 것으로 인지하여 주문하셨으나 실제 견적은 1번옵션(아이디어노트)으로 반영 후 제작되어 수령 후 문의주셨습니다.
- 내지 옵션 변경하여 전 수량 재제작을 희망하시지만, 사전에 내지 옵션에 대한 안내가 충분히 이루어지지 않았기 때문에 견적은 일정 부분 할인을 희망하십니다.
- 재제작은 최대한 빠른 일정으로 진행 희망","- 내지 옵션에 대한 충분한 사전 안내 누락 
따로 다이어리 형식으로 제작 희망하신다고 말씀 주시진 않았지만, 최초에 같이 문의하신 제품이 모두 다이어리 종류였어서 미리 인지하고 내지 옵션 더블체크 했어야 한다고 생각합니다.",
996,2025.11.3,등록,,채효경,채효경,PNA36522-이유엠,베케이션 여권케이스,"커버 인쇄에 하얀 세로줄이 있거나, 인쇄가 안들어간 흰색 점들이 보인다고 합니다.
아직 고객이 100여개 정도만 확인했는데, 세로줄은 발생 건이 7개 정도 된다고 하시네요.
오늘 고객이 외근이셔서 1천개 전량 고객사에서 직접 검수하실지, 혹은 신시어리에 전량 회수 및 검수 요청 주실지 내부 논의하여 내일 중 다시 연락주시기로 하였습니다. 
내용 미리 공유 위하여 이슈 사진과 함께 업로드하며, 해당 불량 건들에 대해 재제작 가능할지 확인 부탁 드립니다. ",,
995,2025.11.3,등록,,채효경,채효경,PNA36472-이노브릿지파트너스,화이트쇼핑백,"쇼핑백 끈 두께가 끈이 통과하는 구멍과 동일해 끈이 계속 빠져서 고객이 직접 하나씩 매듭을 한번 더 지어 행사에서 사용하셨다고 합니다. 
무지 쇼핑백인데도 다른 업체에서 진행하지 않고 일부러 신시어리 퀄리티를 믿고 주문하셨는데, 해당 이슈로 행사 과정에서 어려움을 겪어 조금 실망스러운 부분이 있었다고 강조해 말씀 주셨어요. 
이미 행사 때 사용은 다하셔서 할인해드리는 방향으로 CX내부 팔로업할 예정인데, 개인적으로는 최근 연말 행사/선물 등으로 쇼핑백 문의 및 발주 건이 많아지는 것 같아 제품 퀄리티 관련 내부 공유 위해 인지이슈 업로드합니다. ",,
994,2025.11.3,등록,,송지영,송지영,PNA36070-디럭스미디어코리아,풀커버 스티치 노트,풀커버 스티치 노트 시안이 잘못 제작되어 풀커버 스티치 노트만 재제작 요청하신 상황, 고객과 큐레이터 간 커뮤니케이션 오류.. 쌍방 잘못,
993,2025.10.31,등록,,한봄이,한봄이,PNA36388-삼성서울병원,글로시 키링,글로시 키링 인쇄 불량 발생(1000개 중 4개),표본 검사로 진행하다보니 모든 인쇄 불량을 사전에 걸러내기 어려움,
992,2025.10.28,등록,,한봄이,한봄이,PNA35821-더작은재단,홀리데이 네임택,"택배로 배송된 건인데 제품 수령시 박스가 젖은 상태로 구멍나 있었고, 택배 상자 전체에서 생선 비린내가 남

상자를 열었을때 제품 일부도 젖은 상태로 생선 비린내가 나서 도저히 사용할 수 없는 상태",택배 배송 과정에서 함께 적재된 상자의 영향으로 고객 제품이 훼손된 것으로 추측됨,
991,2025.10.21,등록,,송지영,송지영,PNA35874-LSELECTRIC,메시지 캐리어 파우치,"메시지 캐리어 파우치 200개 제작 중 100개는 lselectric 로고, 100개는 ls전선 로고를 넣어서 제작되어야 했으나 200개 전량 lselectric로고로 제작됨 
",큐레이터와 고객 이 부분 모두 놓침 ,
989,2025.9.29,등록,,현동원,현동원,PNA36076-몽그라미,베이직 도킹형 보조배터리,cto8 발주 건이나 리뉴얼 된 ctoc로 출고됨 ,,
988,2025.9.25,등록,,송지영,송지영,PNA35277-아크리얼,시그니처 다이어리,샘플 제작 이후 시안을 변경했는데 변경 전 시안으로 본 제작 진행됨,협력사.. 실수..? ,
987,2025.9.25,등록,,황휘민,황휘민,PNA35760,브랜드팝 클리어 키링,키링의 고리를 D링으로 제작요청하였는데 군번줄로 제작되어 입고되었습니다.,확인 필요함.,
986,2025.9.18,등록,,채효경,채효경,PNA35731-현대고등학교,킵세이프 마그넷 배터리,"3개까지 열어보셨고 그 중 2개 정도가 인쇄 시안이 왼쪽으로 치우쳐서 인쇄되었습니다. 
2-3mm 오차 발생 가능성 설명 드렸는데, 고객이 강력하게 요구하시기도 하고, 재제작 응대를 해드릴 정도일지 판단 어려워 채널에 올립니다. 
제작수량 100개였고, 회수하여 치우친 제품 재제작 해드리는 것이 가능할지 의견 부탁 드립니다. 
사용하셔야 하는 일정은 9/24(수)입니다. ",,
985,2025.9.15,등록,,한봄이,한봄이,PNA35698-엘본코퍼레이션(여권케이스),베케이션 여권케이스,"발주신청서 작성시 원래는 9/10일이나, 10/10일로 잘못 기재함",휴먼 에러(큐레이터가 출고일을 오기입함),
984,2025.9.15,등록,,현동원,현동원,PNA35725-미래과학아카데미,아이콘 케이블홀더 세트,"이전 주문 건과 동일 시안인데 상하좌우 치우침이 더 심하고 시안이 10% 정도 더 작게 인쇄되었다고 하시네요. 

고객은 재제작 등을 바라시는 건 아니고 오차범위 내 인지 아니면 생산 이슈인 건지 확인만 원하시는 상황입니다. 

첨부드리는 사진은 입하 사진이며 고객이 본 프로젝트 제작으로 받아보신 실물 사진은 확인 중에 있습니다. 
(블랙 색상 : 이전 제작 건 PNA33984-미래과학아카데미)
(화이트 색상 : 본 프로젝트 건 PNA35725-미래과학아카데미)
",,
983,2025.9.12,등록,,채효경,채효경,PNA34580-EGA(BMW바바리안모터스),올데이 텀블러,"시안의 S가 빠져서 인쇄됨 (확정시안은 정상이고, 입하검수에서 발견하지 못한 것으로 보임) ",,
982,2025.9.11,등록,,송지영,송지영,PNA35030-놀유니버스,프리미엄 스트링 후드집업,"아직 후드집업 착용 대상자들에게 배부 전이고 
저희 팀 사람들만 먼저 입어봤는데요. 

꺼내본 5개 후드집업 중에서 4개는 정상이었고 
XL 1개가 지퍼 불량으로 어떻게 해봐도 지퍼가 올라가지 않았다고 합니다. 
",,
981,2025.9.10,등록,,황휘민,황휘민,PNA34591-테크빌교육,리멤버 탁상시계,신시어리 케어로 불량 접수 주신 건입니다. 탁상시계의 디스플레이의 글자가 일부 누락되어 뜨는 불량 이슈가 있었습니다. 고객에게 무지 새 제품으로 보내드리기로 하였습니다. ,,
980,2025.9.10,등록,,현동원,현동원,PNA35438-엑스포럼,심볼 아크릴 트로피,"트로피와 받침대의 결합이 너무 헐겁거나 너무 타이트해서 결합이 안되는 문제가 있다고 합니다.

현재까지 개별배송된 262 건 중 3건 접수되었습니다. ",,
979,2025.9.2,등록,,지윤미,지윤미,PNA35039-LG전자,스펙트럼 컬러펜,"백색 베다가 보여지게 인쇄됨
일부 배포된 상황이라 회수는 어려운 상황이셔서 150개 재제작하여 전달드리는 방향으로 고객과 논의하였습니다.",,
978,2025.9.1,등록,,한봄이,한봄이,PNA34968-에이블런,유니크 디퓨저,"디퓨저 슬리브-매뉴얼-라벨스티커 색상이 다 달라 불만인 상황입니다. 

그나마 라벨스티커 색상이 가장 브랜드 컬러와 비슷해 매뉴얼과 슬리브 추가제작을 고려하고 계시고, 추가제작시 비용이 얼마나 나올지 확인 요청주셨습니다.

컬러값이 RGB->CMYK로 변환되면서 색상 달라질 수 있는점, 색상 값이 같아도 옵션 별로 색상 차이 발생할 수 있는 점은 발주전에 미리 안내드렸습니다.","지류 인쇄의 경우 재질, 코팅여부, 건조방식에 따라 같은 값으로 인쇄되어도 색상차이 발생할 수 있음",
977,2025.8.20,등록,,지윤미,지윤미,PNA34185-이든앤앨리스마케팅,레더라벨 캠핑체어,"체어라벨 인쇄가 우측으로 심하게 쏠려있다는 컴플레인
수작업이라 2~3mm 정도는 오차 발생되는 점 안내드렸으나 실물로 봤을 때 더 심한 상황이라고 합니다. 
2박스 정도 검수해보셨는데 반 정도는 인쇄가 쏠려있으며, 고객께서는 전량 회수하여 저희 쪽에서 검수 후 재 제작을 원하시는 상태입니다. 

1. 첨부된 사진 정도의 경우 이슈 범위 내에 해당 될지요?
2. 만약 회수하여 재 제작 시 개선이 가능한가요? (어려울 경우 할인 제안 필요)",,
976,2025.8.20,등록,,지윤미,지윤미,PNA34129-웰컴어소씨에이츠,컴퍼니 워터,레디백 앞면 우측에 부착되는 알루미늄 원형 스티커가 너무 쉽게 떨어짐,박스 열어서 확인해보셨는데 6개 중 3~4개는 원형 스티커가 떨어져서 왔다고 합니다. 전량 회수 후 접착력 강한 양면 테이프로 재 작업이 가능할까요?,
975,2025.8.20,등록,,현동원,현동원,PNA34539-삼성전자MX사업부,칠링패드 냉각선풍기,"팬 작동 중에 에어컨 모드 버튼을 눌러도 에어컨 모드가 작동하지 않음, LED 점등되지 않음.

엔드유저분이 연락주셔서 무지 제품으로 교환해 드리기로 했습니다. ",,
974,2025.8.20,등록,,채효경,채효경,PNA35149-진정한교회,브랜드 스트랩 단우산,"스트랩 인쇄만 한 건인데, 스트랩에 인쇄가 잘 안된 부분이 다수 있습니다. 
100개 제작으로 50개씩 2박스 받아보셨는데, 1박스에서 열어 맨 윗줄만 확인해보신 상황이며, 그 중 대부분이 첨부와 같은 인쇄 오류가 있다고 합니다. 

회수하여 스트랩 재인쇄 및 재임가공하여 출고 가능할지 확인 부탁 드립니다. 
고객은 배포 일정이 있어 9/1(월) 이전에는 받아보셔야 합니다. ",,
973,2025.8.19,등록,,현동원,현동원,PNA33429-써모피셔사이언티픽(추가제작),페이퍼 샤쉐,"페이퍼샤쉐의 택과 웹사이트의 설명이 서로 다름 (사진 첨부)
택에는 미개봉 멤브레인 오픈 방법이 적혀져 있어 수령한 형태가 미개봉 상태인 것으로 오해한 상황
아래 프로젝트 3건으로 제작한 샤쉐 1500개를 전국 내부 영업팀 및 각종 행사에 모두 사용하였는데 사용방법 문의 및 불량이 아니냐는 컴플레인이 내부적으로 계속 보고됨 (임원에게도 컴플레인이 있었음)

브랜드 가치가 오히려 낮아진 상황으로 보상 요구

기존 은교님 건이며 대표번호로 문의가 있었습니다.
PNA33429-써모피셔사이언티픽(추가제작)
PNA33171-써모피셔사이언티픽솔루션스
PNA32369-써모피셔사이언티픽솔루션스",예전에 멤브레인이 한번 바뀌었던 것 같은데 그때 템플릿 관련해서 F/U가 누락된 것으로 추정,
972,2025.8.8,등록,,현동원,현동원,PNA33984-미래과학아카데미,"아이콘 케이블홀더 세트,월드와이드 멀티어댑터","1. 아이콘 케이블홀더 세트는 단품으로 따로 전달되어야 했으나 키트 내 인입되어 출고됨
2. 멀티어댑터는 시안 일부가 인쇄 누락됨",,
971,2025.8.8,등록,,한봄이,한봄이,PNA34852-삼성전자,해피웨이 런치백,기존고객 재주문 요청건에 대한 발주가 누락됨 - 해피웨이 런치백 100개,담당 큐레이터가 제작 진행 자체를 누락함ㅠ,
970,2025.8.6,등록,,채효경,채효경,PNA34255-디윅스,핸디링 미니 선풍기,"엔드유저로부터 핸디링 미니 선풍기 작동이 안된다는 이슈가 리포팅되었습니다. 
충전 자체도 되지 않고, 아예 작동이 되지 않는다고 하네요.
무지제품 교환해드리면 좋을 것 같아 확인 부탁 드리겠습니다. ",,
969,2025.8.5,등록,,송지영,송지영,PNA34076-일레븐코퍼레이션,Quality 슬리브 박스,퀄리티 슬리브 그라데이션 부분이 시안이랑 너무 다르게 나옴. 재제작 희망하며 일정은 1-2주 가량 여유 있음 ,,
968,2025.8.5,등록,,송지영,송지영,PNA34636-엑스페릭스,매트블랙 텀블러,"하단 실크 인쇄가 찌그러지게 인쇄되어 있음 

고객이 현재 1개 뜯어본 상황이고 남은 50개도 그런지 확인 요청하셨습니다. 
회수해서 검수 재진행 해야할 것 같고 전량 인쇄가 잘못 되어 있다면 재제작 진행해야 할 것 같습니다. 

고객 일정 1-2주 가량 여유 있는 것으로 확인했습니다. ",모름 ,
967,2025.8.5,등록,,채효경,채효경,PNA34554-비오커머스,슈가케인 텀블러,"인쇄없이 주문하신 건인데 텀블러(바디&리드)와 스트로우의 색상 차이가 다소 심해 문의 주셨습니다. 

공정마다 색감 차이 불가피하게 발생하는 점은 설명 드렸는데, 고객이 주신 사진 보니 차이가 좀 큰 것 같긴 합니다.

고객은 시간이 지남에 따라 색상이 변하는 현상도 있는지 문의주셨습니다. 확인 및 답변 부탁 드려도 될까요? ",,
966,2025.7.25,등록,,한봄이,한봄이,PNA34597-(주)지컴,임팩트 슬로건타월,시안에 비해 실물 색상이 물빠진 느낌으로 연하게 제작됨,"큐레이터가 판단하기에 패브릭 특성상 어쩔수 없는 부분이라 인쇄 자체에는 문제가 없는 것 같습니다.

일정상 고객이 샘플 인쇄를 제외하고 본제작 진행하신 상황이라 지금같은 상황에서 색상으로 인한 교환, 환불 어려운점 리마인드 드렸고, 시안처럼 제작하시려면 색상 값을 조정해서 다시 제작하셔야 한다고 1차 응대한 상황입니다.",
965,2025.7.17,등록,,현동원,현동원,PNA27020-KLT,썸네일 캘린더,"작년에 제작한 썸네일 캘린더의 내지가 좌우로 말림
2023년~2025년 3년 연속 캘린더를 신시어리에서 제작하였는데,
2024년 제작 건 관련해서 이전에 한 차례 고객인지이슈가 있었음
2025년 제작 건도 말림이 있어서 2026년 제작 건 의뢰와 같이 문의 주신 상황

이전 이슈 건으로 말림 현상에 대해서는 고객사에 안내 되어
제품에 대한 직접적인 재제작을 요구하신 것은 아니나 
지류 변경이나 코팅 등 동일 이슈 재발 방지를 위한 방안을 문의하신 상황

저희 캘린더류 웹사이트와 템플릿에 말림 현상 안내 추가해 두는 것이 어떨까요? 

(참고)
2023년 캘린더 제작 건 - PNA12646-KLT
2024년 캘린더 제작 건 - PNA19379
2025년 캘린더 제작 건 - PNA27020-KLT",,
963,2025.7.11,등록,,송지영,송지영,PNA33483-프리비알,트래블 2in1 목베개,트래블 2in1 목베개 발주 확정 파일대로 제작 진행되지 않고 이전 파일로 제작된 것 같음 (사진 아래 참고) ,,
962,2025.7.9,등록,,한봄이,한봄이,PNA33871-삼성물산,베케이션 여권케이스,여권케이스 커버가 최종 시안 대비 너무 연하게 인쇄된 것 같음,협력사에 확인필요,
961,2025.7.8,등록,,한봄이,한봄이,PNA34054-한국정보통신기술협회,칠링패드 냉각선풍기,"충전 후 팬 전원을 눌러도 날개가 작동하지 않음
엔드유저라서 1개 무지 제품 보내드리면 될 것 같습니다. ",,
960,2025.7.2,등록,,채효경,채효경,PNA33620-유디임팩트,리틀빅 리유저블컵,"스탠다드 단품박스가 택배배송으로 인해 파손이 된 상태로 고객 전달 되었습니다. 
여유수량 3개 전달되었는데, 그보다도 많은 수량인 총 9개에 파손이 있어 박스패키지 및 스티커 추가전달이 가능할지 확인 부탁 드립니다. 
박스는 재고라 바로 전달 가능할 것 같은데, 스티커는 고객시안 인쇄된 스티커 여분수량이 남아있을지 확인 부탁 드릴게요. 
여유있게 10개 정도 보내드리면 좋을 것 같습니다. ",택배배송 중 움직임으로 인해 파손 ,
959,2025.6.30,등록,,한봄이,한봄이,PNA33636-신도리코,리멤버 탁상시계,"출고된 탁상시계 70개 중 총 4개가 불량으로 확인되어 사진과 영상 보내주셨습니다.
- 스탠드 접촉 불량 2개
- 디스플레이 문구 잘림 1개
- 셋팅 오류+(현재)아예 안켜짐 1개",제품 불량,
958,2025.6.13,등록,,지윤미,지윤미,PNA33221-몬스터파크,레디고 런치박스,뚜껑 이음새 부분이 벌어져있음,"300개 중 5개 정도 불량 발견되었으며, 택배 배송 과정 중 충격으로 발생된 이슈는 아닌 것 같습니다. (외박스 손상x) 결착되는 뚜껑 이음새 부분 내구성이 약한 것 같음",
957,2025.6.13,등록,,송지영,송지영,PNA33767-(주)하라커뮤니케이션즈,브랜디드 피규어,"브랜디드 피규어 팔이 누라된 것들이 있다고 합니다. 
고객이 현재 누락된 건 수량 파악중에 있어요. 

당장 월요일에 사용하셔야 한다고 하셔서, 고객이 수량 파악하시면 회수해서 팔 추가해서 다시 전달드려야 할 것 같습니다. ",,
956,2025.6.12,등록,,한봄이,한봄이,PNA33747-한국스미더스오아시스,애드온 뱃지,시안 자체는 모든 문구의 굵기가 동일한데 실제 제작은 'N' 문구만 볼드처리된 것처럼 굵게 제작됨,확인필요,
955,2025.5.30,등록,,송지영,송지영,PNA33223-온에스테틱,미스트 워터보틀,빨간색으로 제작 요청했는데 실제 제작물은 주황색으로 나옴 ,,
954,2025.5.26,등록,,현동원,현동원,PNA33405-국립중앙의료원(샘플),올데이 텀블러,"1. 텀블러 뚜껑의 돌아가는 고정핀이 파손되어 있음
2. 뚜껑을 돌리면 투명 부분에서 플라스틱 가루가 나옴",,
953,2025.5.16,등록,,한봄이,한봄이,PNA33091-SK플래닛,브랜드팝 클리어 키링,시안 4종으로 제작되는 건인데 키링-배경지간 매칭이 고객의 의도와 다르게 임가공됨,"고객-CX담당자간 커뮤니케이션 오류
고객은 PPT 파일 기준으로 요청하셨고, CX담당자는 고객이 전달한 참고용 이미지 기준으로 매칭을 진행했는데 알고보니 둘이 다른 구성이었음",
952,2025.5.16,등록,,이은교,이은교,PNA31496-주식회사팬딩,클립 아트펜,고객이 최초 희망하신 시안과 다르게 제작된 이슈. 내용은 스레드에 정리하겠습니다.,,
951,2025.5.15,등록,,한봄이,한봄이,PNA32752-CJENM,웜업 스트링 후드집업,M사이즈가 S사이즈로 잘못 제작되어 출고됨 (수량 5개),CX담당자가 견적서 및 오더시트에 M사이즈를 S사이즈로 잘못 표기함;(,
950,2025.5.14,등록,,이은교,이은교,PNA33165-관세청(샘플),포시즌 블랭킷,"포시즌블랭킷 사이즈만 다르게 2종(무릎담요, 일반담요) 제작한 건입니다. 

2종 모두 양면인쇄 시안이나, 단면에만 인쇄되어 고객 출고되었습니다.",확인필요,
949,2025.5.13,등록,,채효경,채효경,PNA32394-DB하이텍,"프라우드 투톤 명함지갑,로지텍 페블 블루투스 마우스","명함지갑 박스스티커와 마우스 박스스티커를 동일한 cmyk값 (c100 m30 y100 k0)으로 제작하였는데, 스티커 색상차이가 크게 발생하여 컴플레인 주셨습니다. 

주문수량 200개 + 여분수량 1개로 총 201개 받아보셨고 그 중 3개 키트 먼저 열어보셨는데, 1개는 색상이 비슷하고 2개는 색상 차이가 있습니다. 
명함지갑 스티커가 2번에 나뉘어 제작된 것으로 보이는데 발주 시 문제상황이 있었을지 확인 필요할 것 같습니다. 

고객에게 사용하셔야하는 일정 먼저 문의해둔 상황이고, 점심시간과 겹쳐 아직 답변 받지 못했습니다. 
일정 여유있다면 회수 후 색상차이 있는 수량을 파악하여 팔로업 필요할 것 같습니다. ",,
948,2025.5.13,등록,,"채효경,이은교","채효경, 이은교",PNA31428-울산과학대학교,킵세이프 마그넷 배터리,"은교님 담당 건이나 오늘 휴가셔서 대신 업로드합니다. 
[PNA31428-울산과학대학교] 엔드유저께서 연락주셨고, 배터리를 하루종일 충전해도 5개 LED 칸 중에 3개까지만 충전이된다고 합니다. 
MD팀에 구두로 문의한 결과, 불이 들어오는 것이라면 고속충전 어댑터의 문제일 가능성보다는 제품 자체의 결함일 것 같다고 말씀주시네요. 
무지제품으로 교환해드리면 좋을 것 같은데 해당 제품 남은 샘플이 있을지 (2/14 출고됨), 없다면 교환해드릴 무지제품 있을지 확인 부탁 드립니다. ",제품 자체 결함 ,
947,2025.5.8,등록,,이은교,이은교,PNA33050-팀42,칠링패드 냉각선풍기,"칠링패드선풍기 불량이 발생하여 리포팅합니다. (동영상첨부)

고객께 전달된 여유수량 1개 내에서 일단 대체 가능하여 추가조치 필요치 않으나, 추가로 불량 발견될 시 무지제품 발송드리기로 했습니다. 

[불량증상]
- 왼쪽버튼 누르면 작동안함, 왼쪽 버튼 누른 후 오른쪽 버튼을 누르면 팬이 돌아감
- 바람 세기 변경 작동이 안되고 계속 1단으로만 작동됨",,
946,2025.5.8,등록,,현동원,현동원,PNA32381-이노소셜랩,브랜드 스트랩 단우산,"키트 내 구성품 일부(단우산)가 누락됨
엔드유저 1명에게 확인",,
945,2025.4.28,등록,,송지영,송지영,PNA32604-대덕전자,젠틀 차량용 청소기,"레이저 인쇄 색상이 홈페이지와 샘플 받아본 것과 너무 상이함. 
레이저 인쇄 색상이 마음에 들어서 주문했던 것인데, 받아본 상품으로는 VIP용 선물로 사용하기 어렵다고 내부적으로 판단함",LOT가 달라서 발생한 문제일까요.. ,
944,2025.4.28,등록,,현동원,현동원,PNA32737-스페셜라이즈드코리아,미니멀 스텐머그,"효경님 건이며 대체담당 중에 있어 업로드 합니다.
고객인지내용 아래와 같습니다. 
1. 로고의 거친 텍스쳐 느낌이 구현되지 않음
2. 기울기 및 위치 오차가 사전안내된 것보다 초과하여 발생",,
943,2025.4.22,등록,,지윤미,지윤미,PNA31702-여수히든베이호텔,아이콘 펜,부착된 아이콘이 쉽게 떨어짐,"슬라이드지퍼백 키트포장을(노트패드, 브랜드잇, 아이콘펜) 고객께서 직접 진행하셨는데 지퍼백에 넣는 과정에서 아이콘이 너무 쉽게 떨어졌다고 하시네요. 
공유 차 사진 전달 주셨고 이후에 재주문할 가능성이 높아서 해당 부분 개선 가능할지 문의주셨습니다. ",기존 샘플의 경우 확인해보니 접착력이 강한 편인데 해당 건 진행 시 특이사항이 있었을지 협력사 통해 확인해보면 좋을 것 같네요.
941,2025.4.21,등록,,지윤미,지윤미,PNA32272-에이치아이여성의원,굿스타트 슈즈백,지퍼를 닫았을 때 기준으로 상단에 손잡이가 부착되어 있어야하나 하단에 부착됨,제작불량,
940,2025.4.21,등록,,현동원,현동원,PNA32210-호라이즌,클리어 리유저블컵,"빨대가 없는 건이나 MBS 스티커에 빨대 내용이 있어서 소비자가 빨대 인입된 것으로 오해할 수 있어 고객사에서 보완 요청 
",,MBS 스티커도 빨대 내용 유무로 템플릿이 나뉘어 관리되면 좋을 것 같습니다. 
936,2025.3.31,등록,,채효경,채효경,PNA30655-강릉아산병원,"Solid 스탠다드 G형 박스,스펙트럼 컬러펜","올해 1월 출고된 건인데 수시로 배포하는 상황이라 아래 이슈가 다소 늦게 확인되었습니다. 
g형박스 내부 웰컴페이퍼와 펜이 1개씩 누락되어 있는 키트가 발견되었고, 9개 키트는 웰컴페이퍼가 구겨져 있었다고 합니다. 
내부 구성품이 많지 않아 웰컴페이퍼를 올리고 g형박스 덮개를 덮는 과정에서 웰컴페이퍼가 이동되어 찝혔을 것으로 예상됩니다. 

- 총 제작 수량 : 225개 
- 배포되지 않은 잔여 수량 : 146개
- 구겨진 웰컴페이퍼 수량 : 9개
- 웰컴페이퍼 누락 수량 : 1개
- 볼펜 누락 수량 : 1개

셰르파 내 고객께 전달된 여분수량이 확인되지 않은데, 아래 내용 확인해주실 수 있으실까요? 
4월 중 배포일정이 있다고 하십니다. 
1) 여분수량이 함께 전달되었을지
2) 현재 에이원 등에 보유하고 있는 해당 프로젝트 잔여 수량이 있을지 
3) 웰컴페이퍼 총 10개, 펜 1개 추가 전달 희망하시는데 전달 가능할지 ",,
935,2025.3.28,등록,,송지영,송지영,PNA32135-법무법인홉스앤킴,슈가케인 펜,"펜 슬리브의 인쇄 색상이 법인 브랜드 컬러와 차이가 있다고 컴플레인 주신 상황 
(전달 받은 메일 스레드 이미지로 첨부)  

슬리브 컬러는 고객이 작업해 준 것 그대로 제작 진행한 건 


","지류와 인쇄 방식 특성 상 발생하는 문제 (친환경 지류, 콩기름 인쇄)이나 해당 주의 사항이 시안 템플릿에만 안내되어 있고, 들어간 사진이 작아서 고객이 지나치기 쉬움 

큐레이터도 이렇게 진한 슬리브 색상은 진행해 본 적이 없어서 해당 부분을 고객에게 사전에 안내드리지 못함 
",
934,2025.3.28,등록,,송지영,송지영, PNA32146-부산창조경제혁신센터,헬로 카드형 USB,"헬류 카드형 USB 배경지에 16GB가 아닌 4GB로 인쇄됨 
","디퀘 당시에 4GB였으나 디퀘 이후 (체크파이널 전) 16GB로 고객이 옵션 변경 요청. 

큐레이터가 견적서 옵션만 바꿨고 시안에 해당 부분이 적혀 있었는지 인지하지 못해서 팔로업을 못함 
",
933,2025.3.27,등록,,탁유림,탁유림,PNA31151-지란지교시큐리티,홈카페 코스터,"- 코스터를 머그지지박스에 부착 희망하셨으나
체크파이널 > 발주신청 단계에서 임가공 특이사항에 기재 누락됨

- 트럭 퀵하차 서비스 포함하였으나, 기사님이 대량물품이라 못옮기고 거기까진 얘기되지 않으셨다고 하시며 지하주차장에 내려주시고 감","- 큐레이터 휴먼에러
체크파이널 특이사항에는 작성하였으나 임가공 특이사항에 기재 누락함

- 퀵 기사님 실수
하차서비스 포함된 견적이나, 하차서비스 이루어지지 않음",
932,2025.3.17,등록,,탁유림,탁유림, PNA24380-프리비알(경동나비엔),스타일 수면안대,"한승윤님 담당 건

- opp 제외 요청하지 않았으나 opp가 제외되어 출고됨
- 9개월 전 출고건이나 에이전시에서 지금 확인 후 연락주심
- 거의 배포 완료된 상황이라, 재발주시 opp 포장비 할인해드리기로 협의","협력사 임가공이라 요청이 있지 않는한 opp 제외하지 않는데, 
9개월 전 건이라 정확한 원인 파악이 어려운 것으로 확인",
931,2025.3.4,등록,,지윤미,지윤미,PNA30447-래어달메디컬코리아,베이직 도킹형 보조배터리,C to 8 원하셨으나 8 to C로 제작 됨,큐레이터 실수로 견적서 옵션 지정이 잘못되어 C to 8 아닌 8 to C로 제작됨,
930,2025.2.26,등록,,현동원,현동원,PNA31319-디알비동일,Quality 슬리브 박스,"주문수량 100개 + 여유수량 1개 총 101개 중 4개의 슬리브 훼손이 있음
임가공 또는 배송 과정에서 발생한 것으로 추정 ",,
929,2025.2.24,등록,,송지영,송지영,PNA30930-법무법인홉스앤킴,Carry me 와인잔,"Carryme와인잔 로고 부분(실크 인쇄 부분)에 갈라짐 발견, 고객이 10개 다 뜯어서 확인해 보셨는데 10개다 같은 문제가 있다고 하시네요) ",,
928,2025.2.19,등록,,탁유림,탁유림,PNA31357-미래과학아카데미,컬러풀 노트패드,견적에는 OPP포함이었으나 포장되지 않은 벌크상태로 출고됨,,
926,2025.2.17,등록,,이은교,이은교,PNA31574-스틸케이스(더체어),컬러풀 노트패드(블랙),"출고된 컬러풀노트패드 170개 중 2개에서 사진과 같은 찍힘현상 발생했습니다.

전달된 여유수량(1개)보다 불량수량이 더 많아, 재제작 요청주셨는데 가능할 지 확인 부탁드립니다.

1. 2개 추가제작 가능여부 확인 부탁드립니다.
2. 2/25까지 고객수령 희망하십니다. 가능여부 확인 요청드려요.


",,
925,2025.2.13,등록,,지윤미,지윤미,PNA30322-리틀엔젤스예술단,플레인 USB,usb 인식불량,플레인 usb 100개 발주 진행하셨고 배포된 80개 중 7개가 인식이 안된다고 합니다. 미사용분 20개도 확인하여 총 불량 갯수 말씀해주시기로 하셨습니다.,
924,2025.2.3,등록,,송지영,송지영,PNA29694-임팩트비즈니스재단,스타트 씨드키트,"개별배송된 건 중에서 씨앗이 누락된 건이 1개 있다고 합니다. 2개 여유 수량으로 나갔는데 이미 사용하셨다고 하셔서 대체가 불가합니다. 

씨앗(베이비 브로콜리)만 아래 주소로 보내드리면 좋을 것 같습니다. 가능할지 확인 부탁드립니다. 

손인혁 010-7182-6459 서울특별시 강서구 양천로69길 58 (염창동, 염창동아아파트) 101동1310호

",,
923,2025.1.23,등록,,채효경,채효경,PNA28670-린나이코리아,시그니처 다이어리,"시그니처 다이어리 커버가 분리되는 현상이 있습니다. 
총 1,000개 커스텀 제작 건이고 키트 내 포함되어 수령지 11곳으로 분할출고 되었습니다.
이미 사용하시는 분들이 다수라서 회수가 어렵고, 보관 중인 수량은 100개 내외라고 합니다. 
분할출고되어 사용하시는 분들의 클레임이 들어왔고, 보관 중인 수량 살펴보니 전량 모두 그렇다고 하시네요. 
가지고계신 대여샘플이 있어 비교해보니 본드칠의 정도가 확연히 차이난다고 합니다. (풀이 덜 발라졌다고 말씀주셨습니다) 

11/29 출고되었고 이미 배포가 거의 된 상황이라 원인 확인 및 대응이 필요할 것 같습니다. 
고객께서도 회수는 어려울 것 같다고 하셔서 재제작을 적극적으로 말씀 드리지는 않았습니다. 
할인하는 방법도 우선 유선상 꺼내지는 않았고, 지점 11곳으로 나간 건이라 많이 난감해하시고 계십니다.. ",,
922,2025.1.22,등록,,탁유림,탁유림,PNA30016-(주)레디두(세미나),셀렉티브 전동오프너&와인잔 세트,아래 첨부드린 사진처럼 패키지가 찢어지거나 웰컴페이퍼가 구겨져 있는 것들이 다수 발견됨 혹시 여분이 있는지 확인 부탁드립니다.,,
920,2025.1.16,등록,,지윤미,지윤미,PNA30246-삼성바이오로직스,리멤버 탁상시계,"버튼을 누르는 순간만 글자가 떴다가 바로 사라져서 설정조차 어려운 상황이라고 말씀주셔서 배터리 교체 해보시는걸 권장드렸고, 배터리를 교체해도 동일한 이슈가 계속되는 상황",,
919,2025.1.15,등록,,현동원,현동원,PNA21692-싸이티바,"커피 드립백 | BEAN BROTHERS,핸디 파우더솝","키트 185개 신시어리 풀필먼트로 장기보관 중에 커피드립백, 핸디파우더솝 유통기한이 지난 것이 확인됨

- 115개 수량은 작년 2월, 70개는 작년 6월까지 보관으로 보관비를 사전정산 하였으나 이후 해당 시점에서 리마인드 누락됨, 고객도 누락하신듯 
- 유통기한은 드립백만 사전안내 되었음
- 고객인지 전 내부에서 먼저 확인한 상황 ",,
918,2025.1.7,등록,,이은교,이은교,PNA29411-주식회사와이엔비컴퍼니,시그니처 다이어리,"다이어리 300개 판매용으로 제작하신 건이며, 현재까지 5건 불량 클레임 접수되었습니다. 사진은 스레드에 첨부합니다.

1. 내지 접착 불량사례
2. 내지에 낙서  

",이전 시그니처 다이어리 이슈들과 동일한 사안으로 추정,
917,2025.1.7,등록,,한봄이,한봄이,PNA28792-(주)아이디브릿지(한국석유공업),내추럴 노트,"1. 내추럴 노트 전면 텍스트가 육안으로 보기에도 우측으로 기울어짐
2. 내추럴 노트 책등, 후면 백박이 1차 샘플과 달리 많이 뭉쳐 인쇄됨",확인필요,
916,2025.1.6,등록,,이은교,이은교,PNA28910-에이엠씨알,시그니처 다이어리,"내지 갈라짐 이슈 발생. (스레드 사진참고)

300개 제작 후 배포하였는데 현재까지 2개 불량이 확인되어 제보주셨습니다. 고객께서 대응방안 확인 요청주셨습니다. 
",다른 시그니처 이슈건들과 동일한 이유로 추정,
915,2025.1.3,등록,,지윤미,지윤미,PNA29608-한국훅스윤활유,시그니처 다이어리,내지 뜯어짐 / 커버 휘는 이슈,"총 60권 배포 완료하셨고 현재 내지 뜯어짐 이슈 1권, 커버 휘는 이슈1권 총 2권 발견되었으나 이 외 추가적인 불량 제품이 확인될 가능성이 높은 상황입니다.  
담당자께서 1월 말까지 사용해보고 불량이 5개 이상일 경우에 연락 주신다고 하셨는데 편의를 위해 10개 정도 재 제작하여 1월 중순 안으로 보내드리면 좋을 것 같습니다.  ",
914,2025.1.3,등록,,채효경,채효경,PNA29554-밀레시스텍,시그니처 다이어리,"시그니처 다이어리 블랙+적박인쇄 100개 제작, 전량 배포는 완료된 상황이며, 사진과 같은 커버와 내지가 분리되는 불량 제품으로 발견되었습니다.
현재까지 접수된 불량 개수가 20개 내외로 확인, 불량 더 있을 가능성 높습니다.

고객사 자사와 파트너사에 설날선물로 배포한 상황이라 많이 난감하신 상황이십니다. 
고객은 정상제품으로 교체하여 사용하시게끔 조치하는 것을 가장 원하셔서 접수된 개수보다 훨씬 더 넉넉하게 재제작해드리면 좋을 듯 합니다. (이미 발생했던 이슈 고려하여 거의 전량을 재제작해드려야하지 않을까 싶습니다)

재제작이 가능하다면 1월 초중순 내 ASAP으로 전달드리는 것이 베스트입니다. (늦어도 설날 전까지..)",제품불량 ,
913,2025.1.2,등록,,현동원,현동원,PNA30435-사천에어쇼,플러스 멀티충전 스테이션,"유선충전이 되지 않음 (C타입)
정격출력이 맞는 어댑터 사용하였으며 유선충전포트를 단독 사용하였으나 충전되지 않고 저속 충전되거나 충전이 되지 않음 
500개 중 10개 개봉하여 사용 시 동일한 문제 있음 
배포 일정은 미정인 상황 ",,
912,2024.12.30,등록,,채효경,채효경,PNA30228-한양대학교,아이콘 펜,"봄이님 프로젝트이며, 휴가 대체 담당 중으로 제가 업로드합니다.
오늘 지퍼백 키트 수령하셨는데, 구성품 중 아이콘펜의 아이콘에 떨어져 배송되었다고 합니다. 
접착력 문제일 것으로 보이며, 회수 후 보수 조치가 가능할까요?
당장 사용하는 일정은 아니시지만 연초에 키트 배포 예정이셔서 ASAP으로 진행 필요합니다. ",아이콘펜의 접착력 ,
911,2024.12.30,등록,,탁유림,탁유림,PNA30998-한국드라마제작사협회,슬로건 다이어리,"시그니처 다이어리 커버 휨 이슈로 전량 반품했던 고객

슬로건 다이어리 블랙으로 변경하여 제작 희망하였으나 품절
그레이로 변경하여 체크파이널 올렸으나 품절되어 일정 지연 안내

제품(다이어리) 특성상 배포시기가 중요한데
제작 이슈 및 품절로 배포 일정이 늦어지는 것에 대한 고객 클레임",,
910,2024.12.30,등록,,탁유림,탁유림,PNA28406-케이씨텍,시그니처 다이어리,"내지 순서가 불량인 제품이 다수 발견됨 (영상 참고)

줄노트-위클리-줄노트-위클리-줄노트(다수)-위클리-줄노트(마지막P 까지)

8곳 법인으로 분할출고 되었으며, 이미 배포 완료된 곳도 있어 불량 제품 수량 확인 불가",,
909,2024.12.30,등록,,탁유림,탁유림,PNA30153-(주)헤즈,유니크 디퓨저,"슬리브, 메뉴얼 타겟컬러 지정하여 별색인쇄 하였으나, 색감이 너무 다르게 인쇄되었다는 고객 컴플레인 (차라리 라벨스티커 색상이 원하는 색감에 가까움)

소량제작이라 전량 한 번에 제작되어 현장 감리 불가능했던 상황이며, 고객은 이대로 배포할 수 없어 자체적으로 재제작하겠다고 함

재제작 비용(약 60만원 예상)에 대한 할인 요청",고객 기대수준 불만족,
908,2024.12.19,등록,,지윤미,지윤미,PNA29676-에스티로더컴퍼니즈,시그니처 다이어리,"시그니처다이어리 내지 인쇄 흐릿함, 끊김 / 잉크 튄 흔적 / 제본 불량","기존 출고일 12/6이였으나 내지 (인쇄가 끊기는) 이슈가 있어서 해당 내용 고객께 공유하고 12/11로 출고일 조정하여 진행했던 건 입니다. 
이슈 내용을 고객이 인지하고 있어서 개선된 퀄리티로 받기 위해 출고일을 미루셨는데 많이 실망하신 것 같네요..ㅠㅠ 오후 8시에 메일 남겨놔주셔서 고객과 내일 오전 연락 후 쓰레드로 추가 내용 공유하도록 하겠습니다.",
907,2024.12.19,등록,,탁유림,탁유림,PNA29764-하림펫푸드,Passion 더스트백,"더스트백 2개 인쇄 불량, 여분 수량 2개 제공된 것으로 확인되어 대체 요청함","협력사 인쇄 불량, 검수시 발견 누락",
906,2024.12.19,등록,,채효경,채효경,PNA29775-에이오의원,리틀빅 리유저블컵,"리틀빅리유저블컵 아이보리 색상에 분홍색 로고가 덜 또렷하고 눈에 띄지 않게 인쇄되길 희망하셨으나, 실제 인쇄물을 보니 로고가 또렷하게 인쇄되고 함께 발주한 보조배터리와의 색감차이가 커 고객 불만족 발생했습니다. 

관련하여 재제작이나 할인 등 요청주신 내용은 없으나 이슈 공유 차 고객인지이슈 채널에 등록합니다.","디자인리퀘스트 단계에서 지정 팬톤색상이 없으셔서 로고 cmyk값과 가장 가까운 팬톤색상으로 제안하여 작업해드렸었고, 아이보리 컵에 인쇄하니 가시성이 떨어질 것이라는 발주디자이너 & CX 판단 하에 고객안내가 되었습니다. 

오히려 고객은 눈에 덜 띄게 연하게 인쇄되기를 희망하셨던터라 해당 팬톤색상 컨펌하셨는데, 실제 인쇄물을 보니 저희가 의견 드린 것과 다르게 로고가 눈에 띄는 정도라 느끼셔서 만족하지 못하신 상황입니다. 
(고객이 연하게 인쇄 희망한다는 답변 주셨을 때, 더 낮은 채도의 팬톤은 없을지 발주디자이너님께 한번 더 확인 요청 드렸으면 좋았을텐데 제가 이 부분을 미처 생각하지 못했던 것 같아요..) 

보조배터리는 에이원에서 인쇄 진행하다보니 제작진행 스레드에서 동민님께서 고객의도를 문의주셔서 더 고객이 원하는 방향으로 연하게 조정하여 인쇄 되었으나, 리틀빅리유저블컵은 지정 팬톤 그대로 인쇄되었기 때문에 보조배터리<>리유저블컵 간 색상 차이도 더 심해져 고객만족도가 떨어졌던 것 같습니다..",
905,2024.12.9,등록,,한봄이,한봄이,PNA30073-한국드라마제작사협회,시그니처 다이어리,다이어리 커버와 내지가 휘기 시작함,급격한 온도 차이로 인한 현상으로 예상됨,
904,2024.12.5,등록,,현동원,현동원,PNA29198-픽스다인무브먼트,"와이드클립 펜,그래픽 에코백","1. 와이드 클립펜이 고객이 컨펌한 시안과 다르게 제작됨 
2. 에코백 동일옵션 동일시안이나 이전 제작 건과 다르게 표면이 더 거칠어서 실크인쇄의 퀄리티 하락했다고 인지, 네이비에 가까운 블랙 색상임 (10수2합 블랙, 쿨그레이 6C 인쇄)

1번은 휴먼에러이며
2번은 확인 필요합니다.",,
903,2024.12.4,등록,,현동원,현동원,PNA24638-한국음악저작권협회],리멤버 탁상시계,"초기 시간 설정을 매뉴얼대로 마쳤으나 시계 기능만 작동하지 않음,
타임 모드로 두고 사용하다보면 다른 모드로 화면이 바뀌어있음

엔드유저에게 위 현상으로 문의가 왔습니다.
Tech제품은 아직 A/S 기간 이내로 확인되어
무지 제품 1개 구매 가능할지 확인 부탁드립니다. 

고객사에서는 여유분을 모두 사용한 상태라고 합니다. ",,
902,2024.12.4,등록,,안현구,안현구,PNA29731-케이웨이컴퍼니,시그니처 다이어리,"그레이 커버로 제작하였으며, 고객사에서 직접 사진을 전달해 주셨는데, 커버 측면의 회색과 블랙이 떨어진 채로 제품이 완성되었습니다.

고객사에서 퀄리티 문제로 안내해 주셨어서, 공유 드립니다.",접착하면서 문제가 생겼을 것 같습니다.,
901,2024.12.4,등록,,탁유림,탁유림,PNA29583-다임리서치,웜업 스트링 후드집업,"가슴 자수 인쇄가 일정하지 않고 퀄리티가 낮아 배포가 어려울 정도임.
(기울기 오차, 텍스트 구현도 등 모두)

큐레이터 의견) 12/6 배포 예정이라 재제작은 어려울 것 같고, 필요하다면 할인으로 대응해드려야할 것 같은데 신시어리 QC기준에는 문제 없는 것이 맞을까요?",,
900,2024.11.29,등록,,탁유림,탁유림,PNA29485-메디스쿨,BLANK 칫솔살균기,"BLANK 칫솔살균기 50개 제작 후 무료 배포 후
엔드유저에게 살균기 전원이 아예 켜지지 않는다는 문의가 왔습니다.

여분 1개 추가제공되었으나 고객이 사용하여, 무지제품 구매 가능여부 확인 요청",기기불량,
899,2024.11.29,등록,,탁유림,탁유림,PNA29702-인썸블루,라이트 캘린더,"OPP+스티커 벌크 출고 요청하였으나 
단품포장 완료된 상태로 출고됨

고객이 배포 2시간 전 확인하여 해드릴 수 있는 조치가 없는 상황..",큐레이터 임가공 특이사항 기재 누락,
898,2024.11.27,등록,,한봄이,한봄이,PNA28895-레이블종합건설,포터블 피크닉 롤테이블,"롤테이블 상판에 부착된 투명 스티커가 잘 떼어지지도 않고 떼어낸 곳에도 자국이 너무 많이 남는다고 합니다.

고객이 5개 뜯어봤는데 그 중 4개가 이 상태라고 합니다. (첨부파일참고)",확인 필요 ,
897,2024.11.26,등록,,송지영,송지영,PNA28266-포스코인터내셔널,플러스 멀티충전 스테이션,"1) 고객이 남은 여유분 220개 중 1개를 까보았는데 플러스 멀티 충전기에 인쇄 불량이 있음 220개 회수해서 인쇄 불량이 있는지 신시어리 측에 확인 요청함 
여유분: 약 220개 (송도 컨벤시아대로165 9층)

2) 인쇄 불량인 것은 재제작 희망 

3) 인쇄 불량 외 제품 기능 자체 불량 4개 새제품으로 교환 희망 ",,
896,2024.11.22,등록,,지윤미,지윤미,PNA24274-비상교육,킵세이프 마그넷 배터리,"메탈링을 핸드폰에 붙인 후 배터리를 부착해도 충전이 안되는 상황 (발열도 x)
배터리 충전도 되어있는 상태 / 핸드폰기종-아이폰13pro",,
895,2024.11.21,등록,,송지영,송지영,PNA29281-주식회사필라넷,Basket 패키지,고객이 L사이즈를 요청했는데 M사이즈로 발주됨,담당 큐레이터 실수 ,
894,2024.11.21,등록,,한봄이,한봄이,PNA26964-엑셀리스코리아,슬로건 다이어리,슬로건 다이어리 1100부 패키지 없으로 제작되어 출고되었는데 고객이 제품 수령 후 OPP 개별 포장 진행을 요청함,고객은 다이어리에 opp 포장이 기본 옵션인줄 알고 있었음,
893,2024.11.20,등록,,현동원,현동원,PNA28950-기룬스토리,핸디 파우더솝,"판매용 제작이나 스탠다드 박스 및 라벨에 비매품 표기가 적혀져 있음
검토 시 해당 부분이 제외됐어야 할 것 같네요 ㅠ ",,
892,2024.11.15,등록,,안현구,안현구,PNA29472-온코소프트,마그넷 오프너,"고객이 해당 마그넷 개봉하여 냉장고에 붙여 보셔셨는데 물리적인 힘을 가하지 않고 그대로 두었음에도 불구하고 똑바로 유지되지 않고 자석이 없는 쪽은 흘러 내린다고 합니다. 

노벨에서 가지고 있는 제품으로 테스트 해보았을 때 물리적인 힘을 가하지 않으면 흘러내리지 않아서, 고객의 제품이 잘못 제작된 것인지 전량 회수해서 살펴 봐야 할 것 같습니다. 

11/20 오전에 제품을 가지고 일본으로 출국하신다고 하여 만약 제품 성능에 문제 있는 것이 맞다면 빠른 재제작이 필요한 상황입니다. ",제품 자체의 문제로 추정되지만 회수 후 확인해 보아야 할 것 같습니다. ,
891,2024.11.13,등록,,현동원,현동원,PNA28964-이노스페이스,킵세이프 마그넷 배터리,"이전 제작 건과 동일 시안이나 색상이 큰 편차로 다르다고 고객 인지
이번 제작 제품은 특히 네이비 색상 부분이 보라색 색감을 띔 ","인쇄 기기가 변경되면서 색상 차이가 발생되었으며 고객 사전안내 되지 않음

인쇄 기기 변경 내용은 공지 채널으로 간접적으로 공지 되었었고, 체크파이널 당시 확인이 누락됨 ",
890,2024.11.12,등록,,이은교,이은교,PNA22040-알티비하우스,에디트 캘린더,"작년에 제작하신 에디트캘린더 링색상을 '레드'로 발주하였는데, 블랙링으로 제작되었습니다. 

올해 키트 추가 제작 요청주시면서 제보해주시어 알게되었습니다. (스레드 사진 참고)

견적서와 오더데이터 상에는 링색상 : 레드로 기입되어 있는데, 발주 시 휴먼에러일지, 협력사 측 에러일 지 원인 파악 필요합니다! 검수 단계에서도 체크되지 못한 것 같습니다.
",,
889,2024.11.8,등록,,탁유림,탁유림,PNA27922-구도마켓 ,킵세이프 마그넷 배터리,엔드유저 A/S요청 : 마그넷 배터리를 부착해도 충전이 잘 안되고 금방 뜨거워짐,,
888,2024.11.8,등록,,탁유림,탁유림,PNA28886-애드서퍼,스타일 수면안대,"고객 퀵 배차건으로, 자동메일로는 협력사A 주소가 안내되었으나
실제 출고지는 협력사B라서 혼선이 발생함.

후속대처) 고객이 배차한 퀵은 돌려보내고, 신시어리 부담으로 퀵 발송해드림",,
887,2024.11.5,등록,,안현구,안현구,PNA29238-남앤드남인터내셔널,스탠리 데일리 텀블러,"고객사의 요청 사항(그린 50개, 화이트 50개)만 제작된 것이 아니라 추가로 그린 100개가 발주되어 고객사에서 수령하였습니다.","1. PNA29030-남앤드남인터내셔널 -> 발주 신청 이후 고객사에서 제품 옵션 변경(그린 50개, 화이트 50개)을 요청

2. PNA29030-남앤드남인터내셔널을 LOST 처리하고, PNA29238-남앤드남인터내셔널으로 발주 진행

-> LOST 처리 이후 발주 담당자 및 FFM 팀에 따로 공지 없이 진행하여 정보 확인이 안 된 상태로 두 건의 제작이 진행 되었습니다.",
886,2024.10.31,등록,,한봄이,한봄이,PNA28009-오스카,디자이너 노트,"로고 인쇄위치가 중앙정렬에서 많이 벗어나 고객사에서 컴플레인 연락이 옴

시안과 실제 결과물 인쇄 위치를 확인해보니 오차범위(2-3mm)를 넘어선 수준으로 보임ㅠ",협력사에서 공박 인쇄 진행시 오차 발생,
885,2024.10.31,등록,,한봄이,한봄이,PNA28009-오스카,시그니처 다이어리,블랙 커버에 청박으로 작은 사이즈의 시안을 인쇄시 구현도는 괜찮았으나 시인성이 매우 낮았음 (특히 시안 내 상단 부분),기본 옵션인 무광금박 or 무광금박이 아닌 색상(청박)으로 인쇄하는데 샘플 인쇄를 병행하지 않았음,
884,2024.10.28,등록,,한승윤,한승윤,PNA28048-베네피티,포시즌 블랭킷,"1. 현재 이슈가 된 건 (PNA28048-베네피티)는  PNA23870-베네피티 포시즌 블랭킷 재제작 건이었습니다.
2. 본 건은 견적서가 과소 책정되어 체크파이널 & 제작 진행되며 판매가 기준 140만원, 원가 기준 80만원 정도 고객사에게 비용 받지 않고 제작이 진행되었습니다. 
3. 체크파이널 & 제작 이후에도 입고&검수 단계에서도 해당 에러 체크 되지 않았습니다. 
4. 출고 이후에도 인지되지 않은 이슈였는데 위 건 출고 이후 고객사가 동일 시안으로 추가 재제작 (PNA29211-베네피티(인스타그램)) 하며 클라이언트 측에서 단가 차이가 너무 극심하게 나서 확인하는 과정에서 알게 되었습니다. ","1차적으로는 큐레이터 휴먼에러, 2차적으로는 시스템적으로 걸러지지 않은 문제가 있었습니다. 이미 결재/결제 완료된 건이라 추가 청구는 어려울 것으로 보이나 재제작 건에 대해서 큐레이터 개인의 주의와 시스템적으로 제작 옵션에 누락이 없게 크로스 체크가 되는 시스템이 필요해보입니다. ",
883,2024.10.28,등록,,탁유림,탁유림,PNA28509-SLL(에스엘엘중앙),프리미엄 스트링 후드집업,"나염인쇄 퀄리티가 좋지 않음
(고객 : 샘플과는 달리 검정 부분이 많이 올라오고, 목장갑 같은 느낌입니다..)",,
882,2024.10.23,등록,,이은교,이은교, PNA26858-현대글로비스(샘플) / PNA27628-현대글로비스(짐색&스포츠타월),액티브 스포츠타월,"스포츠타월 띠지 상단 문구에 오타가 있었습니다. (스레드 사진 첨부)

style -> stlye

1,600개 제작건이며, 1차로 1천개 고객사에 발송되었고, 600개는 금요일에 개별 택배 발송 예정입니다. 

고객은 재제작 없이 예치금 적립을 원하시는 상황입니다. ",디자인리퀘스트 단계에서의 휴먼에러 (ppt 기획안에는 style로 기재되어있음),
881,2024.10.23,등록,,송지영,송지영,PNA28743-Manythings,더블업 트래블 파우치,"PNA28743-Manythings 고객한테 PNA28691-팀오투 건이 뒤바껴서 배송되었습니다. 빠르게 회수 후에 재 배송 가능할까요? 






",오배송 ,
880,2024.10.22,등록,,탁유림,탁유림,PNA28811-지엠컴,레더라벨 캠핑체어,"캠핑체어 조립이 너무 어려움 (성인 남성 힘으로도 불가)

제가 이전에 조립해봤을 때도 원단에 신축성이 있는 게 아니라 조립이 어려웠던 것으로 기억하는데, 본 건은 불량일지 아니면 제품 특성상 원래 그런 부분인지 확인 부탁드립니다. (첨부 영상 참고)",확인 필요,
879,2024.10.21,등록,,한봄이,한봄이,PNA24510-교원그룹(스위트호텔남원),릴리프 눈마사지기,"남원스위트호텔에서 목마시지기를 받은 엔드유저가 동봉된 케이블로 충전도 완료하였는데, 온열버튼은 작동하나 +/- 버튼을 눌러도 진동이 발생하지 않는다고 A/S 접수하심",제품 불량으로 추정됨,
878,2024.10.17,등록,,안현구,안현구,PNA27979-뮤지텍,톤앤톤 쿨러백,"톤앤톤 쿨러백에 들어가는 로고에 영문 스펠링이 누락되어 있음 
TECHNOLOGIES -> CHNOLOGIES","고객이 CHNOLOGIES로 작업된 쿨러백 시안을 전달해 주셨는데 브랜딩 택 시안은 작업해주시지 않음

브랜딩택 시안 작업을 위해 ai파일을 요청하는 과정에서 전화로 가방 시안 작업을 위한 로고 파일을 달라고 큐레이터가 안내함 

고객은 로고 파일을 가방에도 적용해줄 줄 알았으나 쿨러백은 따로 적용되지 않았고 결국 CHNOLOGIES 버전으로 검토 진행 및 제작됨

 ",
877,2024.10.16,등록,,현동원,현동원,PNA27347-아백,베이직 도킹형 보조배터리,"후면 충전 포트에 연결한 상태로 보조배터리를 폰에 연결해야 폰이 충전됨
보조배터리가 충전된 상태임에도 폰이랑 연결 시 폰이 충전되지 않음

납품 이후 충전기가 작동되지 않는 이슈가 있어서 여유분 1개로 대체했으나,
이후 불량 1개가 추가 발생한 상황입니다. 본 건은 무지 제품으로 전달드리려고 합니다. 

이후 불량 건은 엔드유저가 저희 측으로 바로 연락할 수 있게 주의사항안내서의 저희 대표번호로 연락주시면 확인 후 무지 제품으로 교환해 드리는 것으로 안내해 두었습니다. 

다만 전자기기는 보증기간 1년으로 알고 있어서 1년으로 안내하였는데,
저희 주의사항 종이에는 수령일로부터 6개월으로 나와 있어서 확인이 필요합니다. ",,
876,2024.10.16,등록,,채효경,채효경,PNA28551-뷰키코리아,에디트 캘린더,"어제 급하게 상황 파악을 하느라 이슈등록이 늦었습니다.
이미 발주 진행되었는데 에디트 캘린더 커버에 오타가 발생되었습니다.
23년 제작 건(PNA21581-뷰키코리아)에서 커버 & 내지 25년으로 변경하여 추가제작한 건인데 23년 제작 시안부터 오타가 있었던 것을 고객이 발견하셨습니다.
- QUAL'IT'Y -> QUAL'TI'Y 로 잘못 기재됨
- 23년 프로젝트 진행 당시 고객이 전달주신 PPT에서부터 오타가 있었고, 디자인리퀘스트 단계에서 오타가 있는 채로 작업됨
- 23년 프로젝트에서는 발견하지 못하고 배포까지 완료되었음

* 제작진행 스레드에서 커버 재제작 관련하여 대응 중이며, 기록차 남깁니다. ","23년 프로젝트 진행 당시 고객이 전달주신 PPT에서부터 오타가 있었고, 디자인리퀘스트 단계에서 오타가 있는 채로 작업됨",
875,2024.10.11,등록,,채효경,채효경,PNA24807-아모레퍼시픽,스타트 씨드키트,"최종클라이언트가 받으신 키트 내 스타트씨드키트의 압축토가 2개가 아닌 1개만 들어있음.
임가공 단계에서의 누락으로 추정.
압축토 여분수량 1개 혹은 스타트씨드키트 무지 완제품 1개 전달 가능할까요? (씨앗 : 케일) ","임가공 단계에서의 누락으로 추정.
",
874,2024.10.10,등록,,한봄이,한봄이,PNA28179-주식회사NP,스타일 수면안대,출고확인서에 여유분 포함 102개 출고로 기재되어 있는데 실제로 고객은 99개만 수령했다고 하심,확인필요,
873,2024.10.8,등록,,탁유림,탁유림,PNA27401-어센틱금융그룹,굿스타트 슈즈백,"'- 슈즈백 시안이 좌우반전 인쇄되어 전량 입하됨
- 재제작시 원단 생산부터 진행 필요하서 20영업일 소요
- 슈즈백 전체 금액의 50% 할인해 드리기로 함 (협력사에 비용 부담 요청 예정)
- 작년에도 이슈 겪었던 고객이라 임원진 감정이 좋지 않음..

*PNA21587-어센틱금융그룹 (23년11월)
- 스노클링 마스크 수량 2개 부족하게 배송됨
ㄴ추가배송으로 대응

- 스노클링 마스크 인쇄 오류 (왼쪽, 오른쪽 버클 방향 구분없이 한방향으로 인쇄)
ㄴ 출고 이후 발견되었으며, 고객사 일정상 재제작으로 대응 어려워 마스크 전체 금액의 50% 환불로 대응",협력사 실수,
872,2024.10.8,등록,,탁유림,탁유림,PNA27797-해커스,스트레치 사원증 홀더,"9/20에 발주하였으나 미입하되어 SCM에서 10/4에 협력사 확인해보니
회색 제품 사출에 시간이 소요되어 출고일에 맞춰 제작 불가한 것으로 답변 받음

키트 제작 건이고, 고객 수령 희망 일정은 10/11(조율 불가)였으나, 다행히 고객이 이전에 제작한 사원증 홀더 수량이 남아있어 홀더 제외하고 우선 출고하기로 함",협력사의 늦은 이슈 공유,
871,2024.10.8,등록,,한봄이,한봄이,PNA26869-빅밴드앤코(유진그룹),"세이프라이프 차량용소화기,낫씽 설거지비누","1) 소화기 본품, 2) 소화기 스티커, 3) 설거지비누 비누망 4) 설거지비누 브랜딩택 발주가 누락된 부분을 출고 하루 전인 10/7일 늦은 오후에 알게됨 - 이로 인해 고객은 출고 당일(10/8)에 이 사실을 전달 받고 현재 내부 확인 중에 있음","모든 제품이 샘플불가 품목이라 샘플제작이 비스포크로 진행되었고, 이로인해 발주 담당자가 샘플 컨펌 후 본제작 발주를 누락한 것으로 예상됨",
870,2024.10.7,등록,,한봄이,한봄이,PNA27328-롯데이노베이트,Quality 슬리브 박스,슬리브에 스코딕스 처리되어 있는 부분이 블랙으로 인쇄됨,"CX 담당자가 고객이 시안 관련 특이사항으로 전달한 내용을 누락하여 시안 관련 특이사항을 인지하지 못하고 체크파이널 및 발주 진행함

1. 고객이 스코딕스로 인쇄하는 부분을 표시하기 위해 원래 인쇄 레이어 위에 스코딕스 레이어를 블랙으로 처리해 하나 더 작업해서 전달함

2. 고객이 시안 전달하면서 검은색 부분이 스코딕스 부분을 의미한다는걸 따로 설명함
 
3. CX담당자가 메일 내용을 놓친채 일러스트 파일만 확인하여 레이어가 두개라는걸 인지하지 못하고 스코딕스 부분을 블랙으로 제작하신다고 판단함

4. 이로 인해 CX담당자가 체크파이널 올리면서 스코딕스 레이어에 대한 특이사항을 발주디자이너에게 공유하지 못함",
869,2024.10.7,등록,,현동원,현동원,PNA19379-KLT,썸네일 캘린더,"작년 제작한 캘린더가 탁상에서 사용하시는 것 공통으로 내지가 좌우로 말린다고 합니다. 개봉 후 3-4개월 이내로 발생했던 것 같고, 사무실에서 사용하여 습기는 여름에 있었을 것 같으나 사무실 환경 외에는 짐작되는 것이 없으시다고 합니다.

본 건이랑 동일한 컨디션에 시안만 달리하여 PNA27020-KLT 건이 이미 제작 완료되어 출고되었는데, 해당 건에도 말림 현상이 있지 않을까 고객이 우려하는 상황입니다. 

1. 예상되는 발생 원인이 있을까요? 
2. 두 건의 발주서를 확인할 수 있을까요? (PNA19379, PN27020) 
제가 알지 못하는 변동사항이 있을 수 있어서요. ",,
868,2024.9.30,등록,,현동원,현동원,PNA24742-오오티비주식회사,킵세이프 마그넷 배터리,"맥세이프 자력이 거의 없어서 제품이 아이폰 후면에 부착되지 않고 미끄러짐 
아이폰 16의 문제인지는 확인해 봐야 할 것 같습니다. 
우선 본 건은 무지제품으로 보내드리는 것으로 대응 예정입니다.",,
867,2024.9.26,등록,,채효경,채효경,PNA26741-아이이에이,화이트쇼핑백,"쇼핑백 100개 수량 브랜딩택이 달려있는 것, 달려있지 않은 것이 섞여있다고 합니다. 
쇼핑백과 브랜딩택 모두 100개 수량 맞게 발주된 것으로 확인되는데 입고, 검수 과정에서 이상 있었을지 확인 부탁 드립니다. 
여분수량 2개 함께 발송되었는데 여분수량에는 브랜딩택이 달려있지 않고, 주문수량 100개는 10개입씩 비닐포장이 되어 있는데 일부 열어보니 브랜딩택 달려있지 않은 묶음이 있다고 하네요. 
전체 수량을 확인하기는 어렵다고 하시는데 회수하여 검수 및 응대 필요할까요? ",,
866,2024.9.20,등록,,한승윤,한승윤, PNA26583-아주오토리움 ,레더라벨 캠핑체어,캠핑체어 다리 부분 파손,,
865,2024.9.13,등록,,탁유림,탁유림,PNA27572-벤다이어디자인,Open 페이퍼박스,"발주 후 웰컴페이퍼 시안 변경하였으나,
이전 시안 웰컴페이퍼로 삽입됨",임가공팀 휴먼에러,
864,2024.9.12,등록,,한승윤,한승윤,PNA27206-산일전기,베이직 도킹형 보조배터리,"※ 다른 팀에서 별도로 대응해주실 필요는 없는 이슈입니다. 업로드할 채널이 애매해 우선 이슈 채널에 업로드 합니다. 

산일전기에서 제작하신 키트 중 일부를 대한전기협회에 전달주셨는데요, 최근에 폭우가 오면서 외부 박스가 모두 젖었다고 합니다. (고객사 보관 부주의로, 해당 부분 고객사에서도 인지하고 있음) 

다른 제품들은 박스 없이 따로 써도 되는 수준인데, 베이직 도킹형 보조배터리 박스는 훼손 상태가 사용할 수 없을 정도로 심각해 박스만 별도로 받아볼 수 있을지 문의 전화 주셨어요. (제품은 사용할 수 있는 상태라고 말씀해주신 걸로 봐서 제품 침수는 고려하지 않았습니다) 

요청 주신 수량이 20개 정도인데, 스탠다드 단박스 100개 기준 개당 단가 500원이라, 20개로 하면 1만원 정도로 금액 확인됩니다. 서비스 차원에서 택배 배송 + 20개 무료로 전달드리면 좋을 것 같은데 괜찮을지 확인 부탁드립니다.  ",,
863,2024.9.11,등록,,현동원,현동원,PNA27921-파인더갭,슬로건 다이어리,"1. 제품 중 1권의 커버가 잘못 성책되었습니다. (제품을 내지 첫장인 먼슬리가 후면커버를 열었을 때 거꾸로 보임) 고객이 100개 중 10개를 배포한 이후에 고객이 전면 검수하는 과정에서 발견됨
여유분 1개 발생하여 해당 수량으로 대체하는 것으로 고객 안내하였습니다.

2. 7일 이내 고객 검수하여 구매확정, 7일 이후 하자에 대한 교환 및 반품 불가라는 현재 정책에 고객이 매우 타이트하다고 받아들인 상태입니다.
이미 선물로 배포한 10개에 대한 불량을 확인 요청하는 것이 고객 경험에 좋을 것 같지 않아서 원칙(7일 이후 발생 하자에 대해 교환 및 반품 불가)을 안내하되 추가 불량 수량이 나올 경우 무지로 교환해 드리는 것으로 응대했습니다. 다만 고객이 7일이라는 기간이 매우 짧고 구매 과정에서 교환 및 보상 정책에 대해 더 상세히 안내되고 강조되어야 한다고 피드백을 주신 상황입니다.",,
862,2024.9.6,등록,,송지영,송지영,PNA27622-JYPEntertainment,MiiR 텀블러,"미르 텀블러가 조금만 기울어도 입구쪽에 물이 샌다고 불만을 표하시는 상황
홈페이지에 해당 내용이 기재되어 있지 않으며 기재되어 있었다면 구매하지 않았을 것이라고 말씀하시고 있는 상황입니다. 

투썸이나 스벅에서 판매하는 텀블러를 보니 제품 정보에 해당 내용이 적혀 있습니다. 저희도 텀블러류에 기재해야 할 필요가 있어 보입니다.. 
 http://m.twosomebiz.com/goods/goods_view.php?goodsNo=1000000103",,
861,2024.9.5,등록,,송지영,송지영,PNA27272-티앤케이팩토리,프리미엄 스트링 후드집업,"저희가 옷 배포하면서 수량파악을 해봤는데 2XL가 한벌 모자르고 4XL가 한벌더 온것으로 파악되었습니다. 

2XL 못받으신분이 계셔서 혹시 추가 가능한지요?","사이즈 하나가 잘못 간 것 같은데 확인 부탁드려도 될까요? 

만약 잘못된 것이 맞다면 고객이 4XL 하나 제작하면서 20벌 정도 추가로 제작 희망하시는 상황입니다. 

20벌 정도도 제작 가능할지 확인 부탁드릴게요 :) ",
860,2024.8.30,등록,,채효경,채효경,PNA27515-오토매틱(본제작),굿스타트 슈즈백,"슈즈백 좌우 시안의 선 정렬이 맞지 않게 제작되었습니다. (스레드 사진 첨부)
임가공 샘플링 사진과 입하 사진 은 정렬 맞게 인쇄된 것으로 보아 일부 수량에 해당하는 문제일 것 같습니다. 
정렬이 꽤 눈에 띄게 맞지 않은데 재제작 가능한 정도일지 확인 부탁 드려요.

제작하신 100개 수량 중 몇 개에 해당하는지 고객께서 현재 수량 파악 중이며, 상황 공유 및 대응방안 논의를 위해 먼저 이슈등록합니다. 
늦어도 9/4(수)까지는 수령하셔야 하는 일정입니다. ",검수단계에서 누락 ,
859,2024.8.28,등록,,탁유림,탁유림,PNA28004-오뚜기(런치박스),레디고 런치박스,"제작 후 2개월 경과했는데, 패키지 스티커에 색이 바랜 부분들이 있어서 추가제작시 해당 부분 개선 가능할지 문의주셨습니다.

사진상으로는 잘 보이지 않는다고 하시어, 실물 전달주시기로 하셨는데 민지님 연락처 공유드려도 될까요?",,
858,2024.8.27,등록,,현동원,현동원,PNA27483-빅크,메시지 캐리어 파우치,"매트블랙 컬러 330개 중 34개에 찍힘과 스크래치 발생 
매트한 표면 특성 상 스크래치가 발생할 가능성은 높아보이나 찍힘이 심한 것들은 확인해 보아야 할 거 같습니다. ",,
857,2024.8.26,등록,,한승윤,한승윤,PNA27313-오션스바이오,스타일 수면안대,그래픽 인쇄 위치의 오차가 큼 ,패브릭 제품 특성상 오차범위가 있을 수 있는 점은 인지하고 있으나 고객사에서 말씀해주신 것처럼 격차가 큰 것 같습니다. 확인 부탁드려요. ,
856,2024.8.19,등록,,한봄이,한봄이,PNA27010-스페이스보헤미안,매트블랙 텀블러,"판매용 제품이라 엔드유저에게 제품 관련 불만사항이 접수되어 신시어리에 사실 확인을 요청주셨습니다.

1. 차가운 물을 담으면 바로 결로가 발생하고, 뜨거운 음료를 담으면 제품이 너무 뜨거워서 맨손으로 잡기 어려운데 2중 진공 스테인레스 구조가 맞을까요?

->도연님이 직접 확인해주셨는데, 차가운 물을 담고 한시간 정도 지나니까 약간의 물방울이 맺히는걸로 확인되었습니다. 결로가 발생하는것 자체가 제품 하자인게 맞을지 확인 부탁드립니다.

->뜨거운 음료를 담았을때 제품을 만지기 힘들 정도로 텀블러가 뜨거워지는게 정상적인 현상이 맞는지 확인 부탁드립니다.


2. 스텐락 홈페이지에 같은 사양으로 보이는 제품 상세페이지에 '보온, 보냉 기능이 없는 일반 텀블러로 결로가 발생할 수 있습니다'라고 기재되어 있습니다. 매트블랙 텀블러가 보온/보냉 기능이 있는 제품이 맞을까요?

-> 엔드유저가 보신 제품으로 추정되는 제품 링크 쓰레드에 첨부해드리니, 매트블랙 텀블러와는 다른 제품이 맞을지 확인 부탁드립니다.",제조사에 확인 필요,
855,2024.8.8,등록,,한승윤,한승윤,PNA26563-에이치아이여성의원,페이머스 캡슐보틀,"고객사에서 100개로 견적 요청하였으나 큐레이터 휴먼에러로 300개 견적으로 전달, 고객사 담당자의 견적서 확인 누락으로 그대로 제작 진행됨 

--> (결론) 고객이 선입금해주신 금액 기준으로 우선 납품하고 (총 140개), 이후 160개 수량은 50% 할인가로 판매 하기로 고객사와 협의 완료 

+ 이슈 해결시 고려했던 부분 아래 시트로 정리해서 기록합니다. 의사결정은 민서님과 같이 완료하여 고객사와 커뮤니케이션 완료했습니다. 
https://docs.google.com/spreadsheets/d/1LnM0SqfP7G1rwOS-piB-s_Xf-BhQozxAuk75xCXKKXE/edit?gid=0#gid=0",휴먼에러 ,
854,2024.8.8,등록,,한승윤,한승윤,PNA26444-홀라이프워십,미스트 워터보틀,"고객사에서 아래 이슈 리포팅 해주셨습니다. 100개 출고 되었고, 고객사에서 전량 검수하여 3개 불량이었다고 말씀해주셨어요. 여분 수량 없이 정량으로 출고됐습니다.

- 뚜껑에 매직같이 묻어있음
- 뚜껑이 오돌토돌해서 조금 날카로움
- 물통 코팅 벗겨짐

https://sincerelygroup.slack.com/archives/CG95K1138/p1723010073587129?thread_ts=1721368106.231559&cid=CG95K1138",,
853,2024.8.7,등록,,탁유림,탁유림,PNA26898-사이버안보협력센터,컬러풀 노트패드,"디자인리퀘스트 단계에서 기관명이
'사이버안보협력센터'가 아닌 '사이버보안협력센터'로 작업됨.

큐레이터와 고객 모두 수정단계 & 최종 확인 단계에서 해당 부분 인지하지 못함

재제작 희망하시나, 재제작 방안 및 비용 우선 확인 필요
고객께 재제작 비용의 반액 부담 제안해놓은 상황",휴먼에러,
852,2024.8.5,등록,,한승윤,한승윤,PNA25899-동성케미컬,아이콘 펜,"아이콘 펜의 아이콘이 쉽게 떨어진다고 합니다. 별도로 보수를 요청주신 것은 아니지만 이전에 PNA21594-LG전자 건도 동일한 이슈 있어서 협력사에 접착제 양 또는 종류 확인 필요하여 개선 진행되면 좋을 것 같습니다. 

본 건 추가 제작도 염두하고 계신 상황이라 재제작 때는 신경써서 제작 부탁드립니다 ! ",접착제 양 부족?,
851,2024.7.25,등록,,탁유림,탁유림,PNA26518-Scissroswrights,리틀빅 리유저블컵,"- 세척 후 인쇄 벗겨짐 
- 100개중 52개 배포 완료, 48개 보유중

고객 클레임 : 상품을 받아보고 일주일정도 사용해봤는데요 4번정도 세척을 했을때 인쇄된 문구들이 다 떨어져나갔습니다. 그 뒤로는 손으로만 문질러도 인쇄문구들이 떨어져서 손에 묻는 지경까지 되었습니다.

중간에 인쇄된게 떨어져나가는 거 보고 일단 배포는 중단했고 현재 반이상 나간 상태고 48개 가지고 있습니다.",확인 필요,
850,2024.7.22,등록,,탁유림,탁유림,PNA11997-충북대학교디지털혁신공유대학_발주완료,핑거팬,"충전을 해도 선풍기 작동이 안됨

22년도 발주건이나 엔드유저는 일주일전쯤 받아보셨다고 합니다.
원칙적으로 보증기간은 경과하였지만, 고객경험 차원에서 핑거팬 > 핸디링 선풍기로 대체하여 보내드리고자 합니다.",제품 불량,
849,2024.7.19,등록,,이은교,이은교,PNA26261-ASML,"인스타 피규어,메시지 캐리어 파우치","2곳으로 분할배송 예정이었던 건이나, 1곳으로 일괄 출고됨.",TO 데이터 연결 오류(?)로 확인. 자세한 내용 추가 확인 필요,
848,2024.7.18,등록,,한승윤,한승윤,PNA26627-한국백혈병어린이재단,올웨이즈 양우산,고객사가 전달한 시안에서 오탈자 발생,"고객사 부주의 + 전문용어(백혈병 LEUKEMIA)라 신시어리 측에서도 잡기가 어려웠음. 

기본적으로 오탈자 검수하지 않지만 AI 기술 활용하여 일러스트 내에서도 오탈자 검수 자동으로 이뤄지는 기능이 있으면 좋을 것 같습니다. (고객이 기대하지 않았던 부분에서 만족을 주는 & 고객의 비용도 아껴주는 & 상사에게 혼나지 않게 막아주는  별 6개짜리 서비스)

고객사에서 신시어리에 보상을 요청한 것은 아니고, 비용 지불 후 보수 작업 진행하기로 했습니다. 회수 필요한 프로젝트라 이슈채널에 업데이트 합니다. ",
847,2024.7.17,등록,,이은교,이은교,"PNA26600-피닉스다트(피규어,짐색추가주문)",아이콘 콜드컵,아이콘 아크릴 시안이 잘못 인쇄되었습니다. (스레드 참고) 20일에 행사라 19일까지는 재제작 및 출고되어야 하는 상황입니다. ,체크파이널 과정에서 내부 그래픽이 삭제된 것으로 추정됩니다. (고객이 작업해주신 시안과 발주확정시안이 상이.),
846,2024.7.16,등록,,이은교,이은교,PNA24893-LVMH,아트워크 레더 다이어리,아트워크레더다이어리 시안과 실물 색감이 달라 사용할 수 없다는 컴플레인 입니다. 내용 정리해서 스레드에 남기겠습니다. ,,
845,2024.7.16,등록,,이은교,이은교,PNA25440-웨이커,투마일 오피스 슬리퍼,"1. 펠트스트링파우치 인쇄하여 제작하는 건이나, 무지 제품으로 출고됨
2. 슬리퍼 본드 접착력이 약해 금방 떨어질 것 같고, 흰색 발판 부분이 군데군데 오염되었다는 피드백. (대부분의 제품에 해당된다고 합니다.)

스레드 사진 참고 부탁드립니다. ",확인필요.,
844,2024.7.11,등록,,현동원,현동원,PNA25554-의정부문화재단,어태치보조배터리,"엔드유저가 제품 수령하였으나, 스마트폰에 연결 시 충전이 안되는 이슈로 교환 요청

충전 표시가 사라지고 충전이 되지 않음
배터리 완충해도 충전 안됨 ",,
843,2024.7.5,등록,,한승윤,한승윤,PNA26016-넷마블네오,Reinvent 박스,"리인벤트 슬리브 박스가 찌그러져서 도착했다고 합니다. 현재 10박스 중 2박스만 열어보신 상태라고 하고, 최소 3개 정도 발견하신 것으로 보여요. 

고객사에서는 슬리브 커버랑 박스만 받아서 직접 다시 패키징 하시겠다고 하는데, 가능할까요? 우선 슬리브 커버 재고 있을지, 트레이 박스만 출고 가능할지 확인 부탁드립니다. 

(고객사에 뜯지 않은 박스도 회수 후 다시 전달드리는 것 제안드렸는데 다시 출고 준비하고 물건 받는거 번거로우실 것 같다고 반기지는 않으시네요) ","슬리브 박스 자체의 구조가 다른 박스형 패키지에 비해 약한 편인데, 내부 구성품에 블랭킷이 들어가면서 부피감은 큰데 내부를 서로 지지해주는 힘이 부족해서 찌그러진 것 같습니다. 

특히 박스 하단 쪽에 있는 것들은 트레이 박스가 슬리브 바깥으로 튀어 나오고 슬리브가 찢어졌다고 합니다. ",
842,2024.7.1,등록,,이은교,이은교,PNA25830-퍼플피그,브랜디드 노트북백,"
노트북백 지퍼의 고리 부분이 헐거워서 지퍼가 제대로 작동하지 않고 손잡이 부분이 계속 빠진다고 합니다. (스레드 사진 참고 부탁드립니다.)

니퍼로 힘을 가해서 조이면 될 것 같기는한데.. 이 부분도 불량이라고 볼 수 있을지 확인 부탁드립니다.

일단 포트폴리오용 샘플 여분이 1개 있어서 해당 제품으로 고객 전달드리려고 합니다.",,
836,2024.6.14,등록,,채효경,채효경,PNA21235-기프트위키,레더라벨 캠핑체어,"기프트위키에서 영상물등급위원회의 구매대행을 진행한 건입니다. 레더라벨 캠핑체어 수령하신 엔드유저가 제품 수령하시고 첫 테스트로 사용하던 중 의자다리 2개가 부러졌다고 합니다. (동일이슈 제 프로젝트만 3번째네요..)  
작년 11월 출고된 프로젝트이나, 엔드유저는 올해 5월에 선물받으셨다고 합니다. 

접수내용 전문 아래 전달 및 사진 첨부 드립니다. 
- 
다리 파손. 선물로 받은 제품으로 2024.6.13. 조립 후 착좌 직후 의자다리 4개 중 뒷다리 2개가 파손됨. 120Kg 최대하중이라던데 85Kg 무게를 못 견딤. 텐트 조립 경험이 있어 연결 덜 됐는지 여러 차례 확인 후 완전 조립 여부 최종 확인한 상태였으나 파손됨.
-

새 제품 1개 고객 주소로 바로 택배발송 진행 가능할까요? 가능여부 안내주시면 고객과 소통 후 스레드로 배송정보 전달 드리겠습니다. ",제품 불량 ,
835,2024.5.23,등록,,탁유림,탁유림,PNA25551-엔픽셀(npixel),핸디링 미니 선풍기,"핸디링을 스탠드로 활용이 불가한 것도 검수단계에서 불량으로 간주하고 있을까요?

고객이 10개 확인해 보았는데 그중 1개가 직립하지 않아서, 추후 추가 발견시 어떻게 대응 가능한지 문의주셨습니다.

스레드로 고객이 보내주신 영상 첨부드립니다.",,
834,2024.5.22,등록,,탁유림,탁유림,PNA25236-온페이퍼크리에이티브,톤앤톤 쿨러백,"고객사 퀵 배차 관련 혼선 발생

[출고 전]
1. 출고 안내 메일 발송 (고객사퀵 / 출고지 : 에이원 센터)
2. 고객사 배차 진행
3. 출고지 에이원 > 다영으로 변경
4. 출고 전날 큐레이터에게 변경 내용 공유됨
5. 고객사 재배차 진행

 [출고 당일]
1. 고객사 퀵 다영에 도착하였으나 물품 없다고 답변 받음
2. FFM 확인해보니 이미 출고 완료된 것으로 확인
3. 알고보니 다영에서 퀵 배차하여 출고
4. 고객사 혼선 & 비용 손해 발생 (소액이라 신시어리에 청구 X)

5/17(금) 출고 완료된 건인데 이슈채널에 공유차 남겨둡니다.

이외에도 앞서 업로드한 2건의 이슈가 추가 발생하여, 에이전시인 고객사의 신시어리 경험이 좋지 않았을 것 같아요. (매출액 1500만원 정도로 작지 않은 건)

참고차 공유드리며, CX팀에서 논의하여 쏘리키트 발송하겠습니다.",임가공 협력사(다영) 실수 / 커뮤니케이션 혼선,
833,2024.5.22,등록,,탁유림,탁유림,PNA25236-온페이퍼크리에이티브,인스타 피규어,피규어 다리 파츠 1개 없음 / 여분 2개 제공되어 해당 여분으로 교체,협력사 실수,
832,2024.5.21,등록,,탁유림,탁유림,PNA25236-온페이퍼크리에이티브,리멤버 탁상시계,탁상시계 화면 불량 / 여분 2개 제공되어 해당 여분으로 교체,기기 자체 불량,
831,2024.5.21,등록,,이은교,이은교,PNA25653-롯데지에프알,하이킹 폴딩방석,"시안과 제품 실물간의 색감차이가 너무 심하다는 컴플레인. (LS샘플로 폴딩방석 1개씩 선출고 되었음)

인쇄 기법 특성 상 색감차이 발생할 수 있는 제품인 점은 안내드렸으나, 해당 내용을 감안하고서라도 아예 다른 색으로 느껴지는 수준이라고 하십니다. 사진은 스레드에 첨부합니다.

- 남색 -> 보라색으로 인쇄됨
- 약간 탁한 연두색 -> 라임색으로 인쇄됨
",,
830,2024.5.20,등록,,현동원,현동원,PNA24123-하이브로,Quality 슬리브 박스,"블랙페이퍼 슬리브 우측면이 시간이 지나면서 벌어짐
접착력이 약하다고 합니다.
약 20개 중 14개 수량에서 발생

고객은 이미 구매확정을 완료해주신 상황이어서 추후 제작 시 개선 의견을 주신 상황입니다.

이전에도 이런 이슈가 있었던 것 같은데 확인 부탁드립니다!
양면테이프 접착력 확인 부탁드리며, 조금 폭이 두꺼운 양면테이프를 쓰거나 부착횟수를 늘려 개선할 수 있을지 확인해 주시면 좋을 것 같습니다. :) ",,
829,2024.5.16,등록,,송지영,송지영,PNA25399-차일디,스타트 씨드키트,"스타트 씨드키트의 웰컴 페이퍼가 중앙정렬이 되지 않게 인쇄되었음. 

고객에게 1-2mm 오차로 모든 인쇄물에 발생하며 웰컴 페이퍼의 사이즈가 작아서 미세한 재단 오차도 크게 보임 / 재제작 시에도 중앙 정렬 되지 않을 수 있다고 여러번 안내드렸지만 용납하지 못하시고 재제작 원하시는 상황 

재제작 시에도 중앙정렬이 안될 수 있고, 2차 재제작 어려운 점 안내드드림 ",,
828,2024.5.10,등록,,한승윤,한승윤,PNA25111-스튜디오톰보이,클리어 리유저블컵,"실크 인쇄 시안이 번짐
사진은 스레드로 첨부드리겠습니다. 
4개 정도 불량이 발생했다고 하시는데 여유 수량 포함하여 5개 정도 추가 전달 가능할지요?",인쇄 과정에서의 실수,
827,2024.5.10,등록,,채효경,채효경,PNA20135-삼성SDS,레더라벨 캠핑체어,"엔드유저께서 제품 수령 후 처음으로 조립하여 앉아보셨는데 의자 다리가 부서지면서 넘어지셨다고 합니다. 
동봉된 매뉴얼 상 qr 코드 통해 조립하였고, 120kg 하중 제한 내용이 쓰여있어 안심하고 앉은 다음 등판에 등을 대는 순간 다리가 파손 되었다고 합니다. (엔드유저 고객분의 몸무게는 85kg라고 알려주셨습니다) 
다행히 다치지는 않으셨다고 하는데, as 요청을 주셔서 새 제품으로 전달 주실 수 있을까요? ",제품 불량,
826,2024.5.9,등록,,한봄이,한봄이,PNA24873-소니픽쳐스,어썸그립,"어썸그립은 1종, 배경지가 채널(genietv/Btv/U+) 별로 3종으로 제작된 건

1차 출고시 genietv 배경지로만 1200개 수량이 출고되어야 하는데 1200개 중 100개 수량이 Btv 배경지가 삽입되어 출고된 것으로 예상됨","배경지가 발주 후 시안 수정이 발생하여 홀딩되었다가 본제작 진행됨

그 과정에서 발주담당자가 협력사에 배경지 3종으로 나눠 입하되어야 하는 부분에 대한 내용 고지를 누락함",
824,2024.4.12,등록,,이은교,이은교,PNA23839-유브레인커뮤니케이션즈,모바일 오피스 파우치,"모바일오피스파우치 100개 차주 월요일(4/15) 출고 예정이었으나, 제작이 누락됨. ",확인필요,
823,2024.4.11,등록,,송지영,송지영,PNA23994-대학내일,세이프라이프 차량용소화기,"총 130개 중 100개는 물류센터로, 30개는 최종 클라이언트(삼성화재)으로 전달된 상황 

물류센터로 간 100개의 경우 전부 살펴보지는 못했으나 사무실로 수령한 30개는 스티커가 아래와 같이 굴곡이 있는 하단쪽에 부착되어 울어있다고 삼성 화재에서 전달함  

30개는 이미 배포한 상황이고 삼성 화재에서 나머지 100개는 울지 않게 더 위로 붙여서 나갔으면 좋겠다고 하는데  

1) 원래 임가공이 이렇게 되는 것인지, 아니면 이번이 좀 아래로 부착된 것인지 
2) 잘못 부착된 것이라면 스티커만 재제작하여 기존 스티커 제거하고 재 부착이 가능한 제품인지 확인 부탁드리겠습니다.  ",협력사 임가공 ? ,
822,2024.4.9,등록,,한봄이,한봄이,PNA24666-라인플러스,데코 스티커,300개 중 11개의 스티커가 칼선이 커팅되어 있지 않은 것으로 확인됨,협력사에서 제작하는 과정에서 칼선 컷팅 과정이 누락된 것으로 추정됨,
821,2024.4.8,등록,,황휘민,황휘민,PNA21621-경신홀딩스,MiiR 텀블러,"텀블러 본체와 뚜껑 간의 결합부분, 뚜껑 위 슬라이드덮개 부분이 헐거워서 불편하다는 의견이 10건 이상 접수되었다고 합니다. ",,
820,2024.4.3,등록,,현동원,현동원,PNA24525-이노모틱스,슬로건 다이어리,"슬로건 다이어리의 인쇄 색상에 초록끼가 더 많이 돈다는 클레임. 
고객사 내부에서 다이어리 사용이 어렵다는 분위기임. ",,
819,2024.4.2,등록,,현동원,현동원,PNA23940-롯데케미칼,인스타 피규어,"마그넷 옵션으로 제작되지 않음 (일반 스탠드로 출고) 
발주는 제대로 들어갔으므로 협력사 휴먼에러로 추정됨 
",,
818,2024.3.25,등록,,탁유림,탁유림,PNA24160-고우하이,페이퍼 샤쉐,"페이퍼샤쉐는 개봉상태의 향이 1개 삽입되는 것이 디폴트 임가공 방식이지만,

주의사항표기택에 '사용방법'으로 개봉방식이 안내되고 있어 엔드유저가 나머지 한쪽면의 실링을 벗기려고 시도하는 등 혼선이 발생한다는 고객 클레임

[사용방법]
1. 멤브레인 끝 부분을 양쪽으로 잡고 은박 실링지를 벗겨주세요.
2. 향이 담긴 멤브레인을 봉투에 넣고 덮개를 덮어 봉해주세요.","개봉/미개봉시 템플릿이 구분되어 있지 않기 때문에
템플릿 문구에 혼선의 여지가 있음",
817,2024.3.18,등록,,탁유림,탁유림,PNA19323-레드버튼,인스타 피규어,"키링 접합부 결착력이 약해 분실되는 이슈 (사진 참고)

고객은 해당 부분 의'접착력'이 약하다고 말씀 주셨으나,
형태로 보았을 때 접착이 아닌 결착방식일 것으로 보이며, 더 강하게 조일 수 있을지 확인 필요",,
816,2024.3.15,등록,,현동원,현동원,PNA14642-넷플릭스,어썸그립,"22년 10월 말 생산한 어썸그립 개봉 시, 부착되어 있는 3m 스티커의 접착력이 사라짐 ",,
815,2024.3.15,등록,,한봄이,한봄이,PNA23276-알마로꼬,데코 스티커,시안 내 문구가 Cloud 인데 l이 빠져 Coud로 제작됨,최종시안 파일은 이상없어서 아마도 협력사 과실이지 않을까 싶습니,
814,2024.3.11,등록,,현동원,현동원,PNA24100-대원씨아이,라미 사파리 펜,"라미펜 슬리브의 접착면이 잘 붙지 않고 벌어짐. 접착테이프의 접착력이 좋지 않은 것으로 추정됨. 
",,
813,2024.3.11,등록,,송지영,송지영,PNA23203-(주)무스마,월드 오브 피규어 Set,"PNA23203-(주)무스마건 

구성품 : Raw코튼 파우치(100개), 런치박스(100개), 월오피 카드 트레이(100개), 레더스킨 다이어리(70개) 

고객이 전량 검수한 결과 키트 4개에서 월오피가 누락되어 있다고 하네요.
"," 2달이나 지난 건이라서,, 원인 파악이 어려울 것 같은데.. 확인 부탁드리겠습니다.. (임가공 시 누락된 것일지요..?) 

",
812,2024.3.5,등록,,한봄이,한봄이,PNA23594-비올,트래블 2in1 목베개,고객이 제품 수령 후 한 박스를 뜯어 확인해 봤는데 그 중 1개 제품이 터져서 안에 내용물이 다 빠진 상태로 확인됨,봉제가 제대로 마무리 안된 것으로 추정,
811,2024.3.5,등록,,한봄이,한봄이,PNA24110-삼성증권,페이퍼 샤쉐,"제작옵션이 컬러페이퍼+박인쇄에서 컬러프린팅+박후가공으로 변경되고, 이로 인해 템플릿이 변경되는 과정에서 배경 색상이 파란색에서 흰색으로 변경됨

고객사가 삼성증권이라 파란색 배경이 꼭 들어가야 해서 추가제작이 불가피한 상황",컬러페이퍼 -> 컬러프린팅으로 변경되어 색지로 지정되어 있던 배경색을 아예 제외한 것으로 추정됨 (당시 발담당자가 현재 휴가중이라 확인 불가),
810,2024.3.5,등록,,탁유림,탁유림,PNA23450-의정부시청,인스타 피규어,고객이 확인한 피규어 6개중 4개에 일부 파츠(ex.모자)가 누락되어 있었다고 합니다. 회수 후 전량 검수 가능할까요? 수량 130개 입니다.,협력사 실수,
809,2024.3.4,등록,,김동민,김동민,PNA22414-모닝글로리,어썸그립,어썸그립의 그립과 전면 캐릭터 부분이 쉽게 떨어지는 현상,"1) 본드칠이 제대로 되어 있지 않거나 (사진을 보면 매우 일부만 본드칠이 되어 있음)
2) 날씨 혹은 본드 자체의 문제",
808,2024.2.28,등록,,한승윤,한승윤,PNA23722-유니마인드,퀵 버튼링 노트,"고객사에서 시안 컬러 구현이 제대로 되지 않았다고 컴플레인
시안 색상과 약간의 차이는 있긴 하나 이슈 수준은 아닌 것으로 보입니다.
혹시 원래 인쇄 자체가 이렇게 구현되는 것인지 실제로 인쇄가 잘 못 된 것인지 확인 부탁드립니다 

더불어 템플릿에 적혀있는 표현이 조금 오해의 소지가 있게 적힌거 같습니다
실제 모니터 화면보다 희끄무레하게 표현되는 것 같은데 선명하게 보인다고 적혀있어서 고객 입장에서는 완전 쨍하게 나오는 것처럼 오해하실 수 있을 것 같아요",,
807,2024.2.16,등록,,한봄이,한봄이,PNA23396-울산대학교병원,프라우드 투톤 명함지갑,명함지갑(딥그린) 발주가 뒤늦게 안들어간 걸로 확인되어 예정된 출고일(2/20) 내에 출고가 불가해짐,발주담당자 휴먼에러,
806,2024.2.14,등록,,한승윤,한승윤,PNA23102-삼성전자DX채용,Quality 슬리브 박스,슬리브 박스 접착면이 떨어짐 (박스 12개 중 적게는 3개 많게는 7개가 떨어지는 것으로 확인) ,임가공시 접착면을 잘 누르지 않았거나 겨울철이라 접착면이 잘 붙지 않는..? ,
805,2024.2.7,등록,,한승윤,한승윤,PNA23773-법무부,버티컬 무선충전패드,"고객사에서 요청하지 않은 시안으로 인쇄가 진행되었습니다. 일부 수량 회수 후 충전패드 상판만 무지로 교체한 다음에 인쇄 가능할지 확인 부탁 드립니다. 가능하다고 하면 곧바로 회수 요청하겠습니다. 

제품 빼내는 과정에서 박스 훼손 여부도 함께 확인 부탁드립니다. ","큐레이터 휴먼에러
 
디자인리퀘스트 진행 > 고객사에서 시안 정리 요청했는데 큐레이터가 누락 > 체크파이널 단계 완료 후 > 주문서 단계에서 인지하고 다시 수정 요청 > 큐레이터가 디자인리퀘스트에서 진행 후 > 체크파이널에서 시안 정리 요청을 하지 못함  ",
804,2024.2.5,등록,,채효경,채효경,PNA23430-국립중앙극장,어태치보조배터리,"어태치 보조배터리 8핀/c타입 혼합이며 키트포장 건인데, 8핀구분용 스티커가 부착되지 않아 키트와 출고외박스에 모두 구분이 되지 않은 채로 출고되어 고객이 구분할 수 없음",8핀구분용 스티커 부착 누락 (발주는 진행된 것으로 보여 8핀구분용 스티커 부착 필요 여부가 임가공 단계에서 필수로 확인되어야 할 것 같습니다) ,
803,2024.1.29,등록,,송지영,송지영,PNA20386-태상,데코 무선 가습기,"엔드 유저가 가습기가 작동되지 않는다고 하셔서 회수 후 테스트 해보았습니다, CX팀에서 여러번 작동해본 결과 작동되지 않아서 새제품으로 다시 전달드려야 할 것 같습니다. ",,
802,2024.1.26,등록,,이은교,이은교,PNA23645-한국글로벌피스재단,매트블랙 텀블러,"텀블러 본품 전면 유광블랙 인쇄에 얼룩현상 (슬리브 끼워지는 영역에 해당)
100개 중 2개 개봉해보셨고, 2개 모두 동일현상 발생했습니다.

사진은 스레드로 확인 부탁드립니다.

",PNA16956-(주)해시드 건과 동일 이슈로 추정됩니다.,
801,2024.1.24,등록,,현동원,현동원,PNA21409-바스큘럼,뮤지엄 머그,"뮤지엄머그에 아래 현상이 있다고 합니다. 시안 2종인데, 시안 당 52개씩 총 104개가 발생했다고 합니다. 불량에 해당하는지 사진 확인 부탁드립니다.
1. 특히 2,3번 사진이 불량 기준에 해당하는지 확인 부탁드립니다.
2. 나머지는 대부분 웹사이트와 템플릿에서 안내드리는 내용에 해당되는 것 같으나 불량 기준을 벗어나는 것이 있을지 더블체크 부탁드립니다. ",,
800,2024.1.22,등록,,이은교,이은교,PNA17149-인투온,오토매틱 와인오프너,"와인 오프너 뚜껑이 닫히지 않는 이슈. 받아보신 엔드유저분께서 신시어리로 직접 연락주셨습니다. 스레드로 첨부한 동영상 확인 부탁드립니다. 

힘을 주어서 본체와 뚜껑을 완전히 밀착시킨 뒤 돌려도 뚜껑이 닫히지 않는다고 합니다. (건전지를 빼도 안닫힌다고 하네요)",,
799,2024.1.17,등록,,황세은,황세은,PNA22590-달성문화재단,데코 무선 가습기,"문제는 잘 해결되었으나, 추후 프로세스 개선에 도움이 될까 하여 공유드립니다.

데코무선가습기 추가제작건이 (불량이슈대응) 고객과 논의한 날짜보다 1.5주 뒤에 출고되었습니다. ","프로세스에 대한 이해가 부족하여 출고정보생성을 누락하였습니다. 
해당 건처럼 추가로 배송이 필요한 경우, 출고정보생성 누락을 방지할 방법이 있을까요? ex. 알람이 온다든지

(이후 cx팀 신규입사자분이 오셔도 도움이 될 것 같습니다)",
798,2024.1.17,등록,,이은교,이은교,PNA22172-레뷰코퍼레이션,"Stationery 페이퍼박스,페이퍼링 캘린더,올 블랙 펜","페이퍼링 캘린더 커버, 페이퍼박스 띠지, 올블랙펜 슬리브 고객이 예상하신 것과 실물의 색상차이가 너무 심하다는 컴플레인. ",,
797,2024.1.8,등록,,송지영,송지영,PNA22397-두말,에너제틱 목마사지기,고객이 제품을 받아보았는데 충전을 해도 제품이 켜지지 않는다고 합니다. 100개 중에 2개 테스트 해보셨는데 안된다고 하시네요!,확인필요 ,
796,2024.1.8,등록,,한승윤,한승윤,PNA20623-넷마블네오,포시즌 블랭킷,"포시즌 블랭킷 제작샘플을 수령했는데 희망하는 위치와 어긋나게 제작되었다고 고객사에서 인지하고 계신 상황입니다. 

디자인리퀘스트 거친 건인데, 고객이 기존에 희망하던 것보다 크기가 약간 조정되기는 하였고 고객사에서 최종 주문서 작성하실 때 PDF 파일 보시고 컨펌하셨던 건입니다. 

막상 샘플 받아보시니 글자 크기가 너무 애매하고 바닥면에 너무 붙어보인다고 인식하고 계시는 상황인데요 본 건 혹시 추가 샘플 진행 희망하시는데 추가 샘플은 전체금액 할인 처리해도 될지요? 

고객사에 잘못 제작된 것이 아니라 설명 드려도 납득을 못하셔서 할인처리해드리는 것이 커뮤니케이션 비용이 덜 들것 같습니다.","고객 성향 파악 실패 
고객사의 시안 확인 미비 
고객용 템플릿에 디자인 가능 영역의 의미가 모호 (디자인 안전 영역인지, 칼선 기준인지 나와있지 않음) --> 칼선 기준이라면 고객사 말처럼 예상한 것보다 바닥에 더 붙어보이는 것이 맞을 것 같아요. ",
795,2024.1.8,등록,,한승윤,한승윤,PNA22989-비가나,리유저블 캘린더,"삼각대 크기가 샘플 대여했던 것과 다르고 내지고정이 잘 되지 않음. 이번에 제작된 제품의 크기가 조금 더 높고, 제일 첫 장은 잘 끼워지지 않아 건드리기만 해도 종이가 빠진다고 합니다.",알수 없음,
794,2024.1.2,등록,,양혜정,양혜정,PNA22770-유엔평화기념간,밸류 메모큐브,"다른 부분은 선명이 잘 인쇄되었는데 측면의 왼쪽 면 인쇄가 희미합니다.
(USA의 U와 New Zealand의 N 부분 ) / 모든 박스 랜덤하게 검품해보셨는데 모두 동일하게 같은 부분 인쇄가 희미하다하셨습니다",사진상으로 N부분은 확실히 인쇄가 잘못된것같은데 불량인지 확인이 필요해보입니다.,
793,2024.1.2,등록,,"탁유림,양혜정","탁유림, 양혜정",PNA21918-테이블링(주),프라우드 메모패드,"OPP 스티커 부착 누락되어 출고됨 (임가공샘플링 당시에는 부착되어 있었음)

현재 확인된 것은 5차 출고건 중 1박스이고, 고객이 전체 박스 및 배송지에 대한 이슈 확인이 어려워 신시어리 내부적으로 우선 확인 필요.",,
792,2023.12.27,등록,,이은교,이은교,PNA22678-한국안광학산업진흥원,Basket 패키지,"지퍼백 파손 (총 140개 중 39개 파손됨)
스레드 사진 참고 부탁드립니다. 
",겨울철 동파 이슈로 예상 ,
791,2023.12.27,등록,,탁유림,탁유림,PNA23054-켄싱턴호텔앤리조트,레더스킨 다이어리,"다이어리 커버-내지가 거꾸로 결착됨
아직 1개만 발견되었으나, 추가 발견 가능성 있음 (17곳 분할배송건, 총 1900권)",협력사 실수,
790,2023.12.26,등록,,탁유림,탁유림,PNA22484-LVMH,아트워크 레더 다이어리,"PNA15667-LVMH 건 동일시안 재발주였으나
로고 인쇄 위치가 0.5mm 정도 차이남. (오차범위 초과)",,
789,2023.12.22,등록,,이은교,이은교,PNA21648-행복프로세스사회적협동조합,베케이션 여권케이스,"발주 이후 여권케이스 실재고가 부족한 것이 발견됨. 여권케이스 재고 재생산 후 납품 진행 예정이나, 기존 예정된 고객 출고일정에 맞출 수 없는 상황","여권케이스 재고를 인쇄 협력사에서 보관하시며 작업을 진행하나, 인쇄협력사의 전산재고와 실재고가 일치 하지 않음",
788,2023.12.22,등록,,이은교,이은교,PNA21977-네패스코코아팹,썸네일 캘린더,캘린더 내지가 수정 전 시안으로 제작됨. ,"확인 필요
(스레드로 상세 내용 남기겠습니다.)",
787,2023.12.21,등록,,탁유림,탁유림,PNA21978-한국항공우주연구원(그립잇),그립-잇,그립잇 부착력이 너무 약함. 불량인지 확인 필요 (스레드로 영상 공유드리겠습니다.),,
786,2023.12.21,등록,,탁유림,탁유림,PNA21978-한국항공우주연구원(그립잇),그립-잇,그립잇 부착력이 너무 약함. 불량인지 확인 필요 (스레드로 영상 공유드리겠습니다.),,
785,2023.12.21,등록,,탁유림,탁유림,PNA22135-해커스교육그룹,Stationery 페이퍼박스,"일부 수량 웰컴페이퍼 누락 (100개 중 7개)
아직 전체 누락 수량 확인 전이나, 에이원에 여분 수량 남아 있어 추가전달하기로 함",협력사(다영) 실수,
784,2023.12.21,등록,,탁유림,탁유림,PNA22080-호프만에이전시,리유저블 캘린더,"신시어리 기본 내지 템플릿으로 제작하였는데 (블랙1도)
공휴일 구분이 어려울 정도로 비슷한 색상으로 인쇄됨


첨부한 사진은 입하사진인데, 사진상으로도 식별이 어렵긴하네요 :(","1. 템플릿의 공휴일 표시 K값 차이가 크지 않음
2. 고객 기대치에 미치지 못함",
783,2023.12.20,등록,,한승윤,한승윤,PNA21594-LG전자,아이콘 펜,"아이콘 펜의 아이콘이 똑똑 떨어지고 있다고 합니다... 500개 제작 수량 중 250개 먼저 배포했고 일부 수량 남아서 현재 잔량은 250개 + @일 것 같습니다. 

회수 후 전량 검수, 보수 작업 진행해야할 것 같아요.  ",날씨가 갑자기 너무 추워지면서 접착제가 문제가 생겼거나 애초에 처음 바른 접착제 양이 너무 적었거나.. 접착제 이슈인것 같습니다. ,
782,2023.12.19,등록,,송지영,송지영,PNA21801-엔터랩,로고스트랩 파우치,"이슈 : 고객사 시안이 아닌 다른 업체의 로고가 인쇄되어 들어감.. 

총 350개 제작하셨고 이미 고객들에게 모두 배포된 상황이라고 합니다. 
클라이언트 총 책임자의 룸메이트께서 해당 부분을 발견하셨다고 하며, 
고객께서는 공론화가 될까봐 우선 1개가 잘못 들어간 것 같다 정도로 말씀해두셨다고 해요. 

350개가 다 배포된 상황이라 몇 개가 잘못 제작되었는지 알기 어려운 상황이라고 하셨고 어떻게 된 것인지 신시어리에 확인하시려고 문의 주셨습니다. 

검수 시에는 해당 문제가 없었는지 확인 부탁드리며, 어떻게 대응하면 좋을지 내부적으로 논의해봐야 할 것 같습니다
",협력사 실수..? ,
781,2023.12.14,등록,,한승윤,한승윤,PNA18585-법무법인세종,퍼 블랭킷,"동일 시안 값으로 인쇄했는데 컬러가 완전히 다르게 나왔습니다. 
PNA18585-법무법인세종 건 -- 올해 6월 말쯤 출고 되었고
PNA16250-법무법인세종 건 -- 작년 11월 쯤 출고 되었는데요 

동일 컬러값으로 제작했는데 올해 받은게 훨씬 진하게 나왔다고 하세요. 
배포하시는데 컴플레인이 계속 들어오고 있다고 하셔서, 확인 부탁드립니다.",,
780,2023.12.13,등록,,한봄이,한봄이,PNA22046-드림어스컴퍼니,브랜드 스트랩 단우산,"오늘(12/13) 제품 출고되어 받아보셨는데 단우산 블루 색상이 기존에 샘플로 대여했던 블랙 색상에 비해 원단이 얇은 것 같다고, 혹시 평량이 다른지 문의주셨습니다.

고객이 이미 샘플을 반납하신 상태라서 두 제품을 비교해서 만져보신건 아니라 단순 기분 탓일 가능성이 크지만 일단 컴플레인이 들어온 상태라 확인 요청드립니다.

확인요청1. 색상 별로 원단 평량 차이가 있을까요?
확인요청2. 최근에 원단 평량 정보가 변경된 적 있을까요?",,
779,2023.12.12,등록,,탁유림,탁유림,PNA22694-스페이시스원,"인스타 피규어,월드 오브 피규어 Set","월드오브피규어SET 10개 중 2개에서 일부 파츠 부족 발견 (총 수량 100개)
여분 수량 3개가 나갔으나, 불량률이 높아 엔드유저 배포가 우려되신다고 합니다.

일단 50개를 오늘 직접 조립하실 예정이라, 불량 추이를 조금 더 살펴보시고 연락주시기로 하셨어요.",협력사 실수,
778,2023.12.11,등록,,현동원,현동원,PNA22059-리더스시스템즈,내추럴 노트,"후면의 접지 접착이 잘 되어있지 않아 내구성이 떨어진다고 인지하시는 상황입니다. 제작 이슈가 맞을지 확인 부탁드리겠습니다.

노벨에 있는 샘플으로 비교했을 때는 접착의 견고함이 출시 초반의 것과 가름끈 추가된 것을 비교했을 때는 견고함의 차이가 있긴 합니다. 사진 스레드로 첨부하겠습니다. 
고객이 대여 샘플으로 확인하신 것은 PNA09782-SBSM&C 건의 것으로 22년 1월 제작된 샘플으로 확인했습니다. 

액션을 원하시는 것은 아니고, 계속해서 신시어리를 지속적으로 이용 하고자 하는데 내구성이 아쉬워 말씀주신 상황입니다. 다만 제작 이슈가 맞다면 이후 팔로업이 따로 필요할 것 같습니다.",,
777,2023.12.11,등록,,황세은,황세은,PNA22590-달성문화재단,데코 무선 가습기,"테스트한 17개 중 3개 불량으로 확인하였습니다. 3개 제품 모두 가습이 작동하지 않으며, 그 중 1개는 버튼을 짧게 눌러도 무드등이 켜진다고 합니다. (3초 이상 꾹 눌렀을 때 켜져야 정상)",,
776,2023.12.11,등록,,탁유림,탁유림,PNA21703-하림펫푸드,ECO 페이퍼박스,"금일 오전 퀵 배송 받아보셨는데, 사진과 같이
ECO페이퍼박스 모서리 부분이 찢어져 있는 것이 23개 정도 있다고 합니다. (정도 차이는 있는 것으로 보임-사진참고)

회수 및 재임가공 & 배송 요청하셨는데 확인 부탁드립니다.","제품 재질 특성상 내구성이 약한데, 적재시 상단 박스의 무게를 이기지 못하고 조금씩 눌리며 찢긴 것으로 추정",
775,2023.12.7,등록,,김동민,김동민,PNA21824-SKTCST1,스타일 수면안대,"시안검수 시 문제 없었으나, 판매 후 시안이 짤려서 인쇄된 것에 대한 컴플레인이 있었습니다. (700개 중에서 17개 클레임, 70개 예상)",패브릭류에서 이렇게 위치가 변경된 Case는 처음이라 확인 필요,
774,2023.12.7,등록,,황휘민,황휘민,PNA22284-LG전자,오토매틱 와인오프너,"기존 와인오프너 사용설명서는 영문 버전이 들어 있으나, 출고된 와인오프너의 사용설명서는 한글 버전이 들어있음. 고객이 해외배송할 예정이시라 영문 버전 사용설명서가 필요함. (와인오프너 품절 이슈로 새로운 협력사에서 구매하여 제작하여 위와 같은 이슈 발생)",와인오프너 품절 이슈로 새로운 협력사에서 구매하여 제작하여 위와 같은 이슈 발생,
773,2023.12.7,등록,,황세은,황세은,PNA22267-대원씨아이,라미 사파리 펜,"슬리브가 너무 꽉 맞아서 열기 어렵다는 컴플레인

미팅 후 클라이언트에게 나누어 드렸는데, 그 자리에 계신 6분 모두 어려움이 있으셨다고 합니다. (담당자분이 난처하셨던 것 같아요)",,
772,2023.12.6,등록,,정예림,정예림,PNA22671-조이뮤지엄,슬로건 다이어리,"커버의 시안이 왼쪽으로 치우쳐 인쇄되었다고 하십니다. 슬로건 다이어리 70권 전량에 해당합니다.
(고객이 측정한 결과 좌측 여백 23mm, 우측 여백 25mm)",,
771,2023.11.30,등록,,채효경,채효경,PNA22579-제스트마케팅앤코,레더스킨 다이어리,"인쇄 시안의 일부분이 인쇄되지 않음, 50개 전량에 해당",발주확정시안에는 문제가 없는 것으로 보여 협력사 실수로 예상,
769,2023.11.24,등록,,한승윤,한승윤,PNA21581-뷰키코리아,에디트 캘린더,백박 인쇄 테두리 부분이 찌그러져서 옴,박인쇄 특성 상 불가피한 이슈 + 검수 단계에서 누락됨 ,
768,2023.11.20,등록,,채효경,채효경,PNA14405-공군통역장교회,아이콘 펜,"아이콘펜  바디 인쇄가 삐뚤어지게 인쇄됨.
전체 수량 100개에 해당되며, 실제로 보면 더 눈에 띄는 정도라 고객께서 후속 조치를 희망하십니다.  ",,
767,2023.11.17,등록,,한봄이,한봄이,PNA21384-토스,에디트 캘린더,"삼각대에 로고 인쇄가 시안은 중앙 정렬이나, 실제로는 중앙 상단에 인쇄됨",협력사 측 제작 실수,
765,2023.11.16,등록,,이은교,이은교,PNA21895-카카오노동조합,인스타 피규어,"인스타피규어 핸드블록까지 제작한 건이나, 핸드블록이 누락된 채로 출고됨.  
(셰르파 상 발주 및 입하는 정상적으로 진행된 것으로 확인하였습니다.)",확인필요,
764,2023.11.10,등록,,황휘민,황휘민,PNA21458-위너스제이엠,인스타 피규어,아워홈과 동일한 이슈입니다. 웜화이트 팔 파츠가 조립되지 않는 이슈,,
763,2023.11.10,등록,,이은교,이은교,PNA21597-아워홈,인스타 피규어,"인스타피규어 팔 블록이 너무 뻑뻑해 성인의 힘으로도 조립이 어렵다는 컴플레인.

출고된 500개 중 10개 정도 뜯어 조립시도했으나, 고객사 부서원분들 10명이 전부 시도해도 조립에 실패하셨다고 합니다. ",,
761,2023.11.7,등록,,한봄이,한봄이,PNA20323-모츠(메르세데스벤츠),클래시 차량용 방향제,220개 수량으로 발주 후 10개 추가제작하셔서 총 제작수량 230개로 변경되었으나 최종적으로 220개 수량으로 출고됨 (+여유분 4개),"추가제작시 CX담당자가 FFM실 태그를 누락함
발주팀 화면(?)에 '프로젝트 굿즈 리스트' 데이터가 '클래시차량용방향제 220'으로 넘어옴 
",
760,2023.11.1,등록,,이은교,이은교,PNA21180-BC카드,월드 오브 피규어 Set,"고객사가 월드오브피규어 set는 키트 내 삽입하지 않고 별도로 전달해달라고 요청주셨으나,
큐레이터의 실수로 임가공 설명서에 기입을 누락하여 모두 키트 내 임가공 되어 출고되었습니다.

",휴먼에러,
759,2023.10.23,등록,,황휘민,황휘민,PNA21620-국립심포니오케스트라,허니콤보,재고가 부족하여 출고가 어려움. 이슈해결하였으나 아카이빙 창 업로드합니다. (고객사의 다른 제품으로 출고하기로 하였음),고객사 측에서 미니팩 생산을 급하게 중단하시면서 유통기한이 짧은 재고만 남아있었음. ,
758,2023.10.20,등록,,황휘민,황휘민,PNA20985-주식회사지니,스탠드-업 칫솔,스탠드업칫솔+휴대용치약이 들어있는 슬라이드 지퍼백에 로고 인쇄가 되지 않음,,
757,2023.10.20,등록,,현동원,현동원,211026_비엠텍시스템_프레젠트골프공3구,월드 오브 피규어 Set,"블록 1개가 부족하거나 더 들어가 있어 완성되지 않음.
그동안 고객사에 배포해오다가 오늘 행사 굿즈 진열장에 진열하기 위해 개봉하여 고객인지하게 됨. 
최근 PNA20665-비엠텍시스템 테일러드 이슈 건 배포 행사와 동일 고객 ",,
756,2023.10.20,등록,,이은교,이은교,PNA20821-씨엘모빌리티,레더스킨 다이어리,"배포된 다이어리 1개에서 오염 불량품 발견. (사진은 고객께서 공유해주시기로 하셔서 대기중)

일부 수량만 사내 직원에게 배포되었고, 전량을 다 열어보지는 못하셨음.

불량품은 일단 전달된 여분 수량(2개)에서 교체해서 사용 예정이며, 신입사원이 들어올 때마다 배포 예정이라 추후 추가 불량 발생 시 다시 연락주시기로 함.","더스트백 키트로 포장되어 출고된 건이라, 배송 과정에서의 불량은 아닐 것으로 예상됨",
755,2023.10.18,등록,,한봄이,한봄이,PNA21300-DENTIS,메시지 캐리어 파우치,"기존 고객이 캐리어 파우치를 새로운 시안으로 추가 제작하길 원했으나, 기존에 제작했던 시안으로 인쇄되어 출고됨

10/17일에 펠트스트링파우치라도 새로운 시안으로 제작해서 보내줄 수 있는지 문의했으나, 발주담당자가 쓰레드 알림을 누락하고, CX 담당자도 리마인드를 놓쳐 10/18일 오후에나 가능여부를 확인하게 되었고, 결국 19일 오전까지 추가제작해 보내드리지 못함 (수령지 대구) 

결과적으로 고객에게 A/S 해드리지 못한 상황이라 펠트스트링파우치 금액에 대해서는 예치금 형태로 할인해드리기로 함","CX 담당자가 고객이 보낸 첨부파일을 확인하지 못함 (고객이 메일에 시안 수정과 과 관련해서 따로 언급한 적이 없고, 확인용으로 보낸 기존 시안 파일에 별다른 피드백이 없어 시안이 수정됐음을 인지하지 못함)

고객이 CX담당자가 최초 메일과 최종 메일에 보낸 시안 파일을 확인하지 않음",
754,2023.10.17,등록,,"채효경,탁유림","채효경, 탁유림",PNA19518-코오롱오토모티브,레더라벨 캠핑체어,"채효경 님 휴가로 대신 업로드합니다.

제품 파손으로 엔드 유저가 상해를 입어 보상 관련하여 고객사에서 문의주셨습니다. (7/19 제품 출고)

8/1에 캠핑체어 다리부분 고무 파손 이슈 발생하여 여분수량 활용하시도록 안내드린 것으로 확인되는데, 추가로 이슈가 발생하였네요.

하단에 전문 공유드립니다.

-

유선상 연락 드린 코오롱오토모티브㈜ 송종원 과장입니다.
당사 고객이 7월경 계약 경품으로 신시어리에서 제작한 캠핑체어를 받아가셨습니다.

해당 캠핑체어를 가지고 고객님께서 낚시를 하시던 상황에서 해당 캠핑체어가 부러지면서 고객분께서 손으로 급하게 땅을 짚으시다 상해를 입으신 건으로 보입니다.

현재 해당 고객분께서 많이 노여워 하고 계신 상황이며, 신시어리 측에서 상해 보험 또는 파손보험등 고객분께 제공드릴수 있는 보상의 방법이 있으실지 문의 드립니다. 

당사 고객분께서 상해를 입으셔서 브랜드에 해가 되지 않을까 걱정되는 상황이니, 긍정적인 보상방법 검토 부탁 드립니다.","사용상의 문제, 제품 결함",
753,2023.10.16,등록,,현동원,현동원,PNA20665-비엠텍시스템,Tailored 스트랩 박스,"커스텀 지지박스 내 제품이 전반적으로 꺼져있음 
특히 USB 하단 지지박스와 제품은 함께 밑으로 빠짐 (절반 정도 숨어져 있음)
양 사이드 손잡이는 밖으로 나와 있지 않고 안으로 들어가 있어서 지지박스를 들어올리다가 찢어지며 파손됨 

10/20 행사 배포로 일정 매우 시급한 상황입니다.
제작 및 임가공 해결방안 확인 부탁드립니다. 
",,
751,2023.9.26,등록,,탁유림,탁유림,PNA20061-사람과나무,Raw 코튼 파우치,"코튼파우치가 XL가 아닌 L사이즈로 받아보셨다고 하는데 사이즈체크 부탁드립니다.
오더시트상에는 XL로 정상발주된 점 확인하였습니다.",,
750,2023.9.25,등록,,송지영,송지영,PNA17679-한양대학교,낫씽 설거지비누,"비누가 녹아 내려서 에코페이퍼박스에 묻어났다고 합니다. 키트 70개 가량 남아있다고 하는데 회수 후에 박스 교체가 필요해 보입니다. 
 
비누가 녹는 이슈는 처음인데 비누가 녹을 수 있는 온도나 습도 등 보관 환경도 고객에게 안내가 되면 좋을 것 같습니다 ! 
",,
748,2023.9.22,등록,,탁유림,탁유림,PNA20719-인사혁신처,모바일 오피스 파우치,"7bxo 중 1box(제품 11개) 택배 운송중 파손되어 제품 훼손

- 재제작시 제작기간 확인 부탁드립니다.
- 세종시 배송이라 일정상 지방퀵으로 진행해야할 것 같은데 검토 부탁드립니다.",,
747,2023.9.20,등록,,한승윤,한승윤,PNA20106-월드비전합창단,인스타 피규어,"핸드블록 제작 누락되어 추가 제작 요청하였으나, 출고정보가 생성되지 않아 제작 후 출고 누락됨",휴먼에러,
746,2023.9.20,등록,,탁유림,탁유림,PNA20590-블룸에너지코리아,레더스킨 다이어리,"후면 로고가 전량 비뚤게 인쇄되었다고 컴플레인하셨는데
기울기 오차범위 1~1.5도 내 들어오는지 확인해주실 수 있을까요?
육안상으로는 다소 비뚤어 보여서요.",,
745,2023.9.20,등록,,탁유림,탁유림,PNA20590-블룸에너지코리아,레더스킨 다이어리,"고객이 후면 로고가 전량 비뚤게 인쇄되었다고 컴플레인하셨는데,
기울기 오차 1~1.5도 내로 들어오는 것인지 확인 부탁드립니다.",,
743,2023.9.13,등록,,탁유림,탁유림,PNA18879-리디주식회사,Tailored 스트랩 박스,"슬리브 규격이 너무 타이트하여 훼손하지 않고서는 오픈 불가능
성인 남성 2명의 힘으로도 벗기기 어렵다는 컴플레인

고객사에서 일단 사용한다고 하셨으나, 추후 내부 컴플레인이 생기면 다시 연락주시기로 함","임가공팀 확인 결과 들어가는 품목에 따라 정도의 차이는 있지만 표준 슬리브 규격자체가 타이트한 편.

임가공시 어려움도 있고, 고객 경험도 좋지 않아 슬리브 조립 시 높이 규격이 조금 더 높아질 수 있게 개선 가능할지 문제호 님께서 검토해주실 예정.",
742,2023.9.13,등록,,탁유림,탁유림,PNA20704-임팩트스퀘어,리마커블 칫솔살균기,"시안 그래픽 일부 누락되어 인쇄 (하늘색 / 청록색 캐릭터의 눈동자 부분)
9/15 금요일 행사에 사용해야하는 상황..",협력사 실수로 추정,
741,2023.9.7,등록,,한승윤,한승윤,PNA20171-이노핏파트너스,소프트터치 블루투스 키보드,"동일품먹을 스티커와 내부 인쇄를 나누어 패키징하는 건이었는데, 반대로 패키징 되었다고 확인했습니다.

고객이 의도한 것은 스티커 : small success / 키보드 인쇄 : small success였는데,
스티커 : small success / 키보드 인쇄 : big difference 로 인쇄되었다고 합니다. 

오늘, 내일 행사인데 오늘 행사 때 배포한 건 이미 잘 못 된 채로 배포가 됐고, 구매하신 200개 중 170여개 정도 남아있는 것 같다고 하세요 (수량 파악 중) 

전체 회수 해서 다시 패키징 해야할 것 같은데, 내일 오전 10시까지 받아보셔야 한다고 합니다. 할인 보다는 엔드유저가 고객사에서 의도한 브랜딩대로 받아보실 수 있도록 리패키징 해드리는 것이 가장 좋을 것 같은데, 1) 박스 훼손 문제 없을지 2) 일정 가능할지 빠르게 확인 부탁드립니다. ","임가공 확인까지는 문제 없었고, 임가공 인력에서 휴먼에러가 난 것 같습니다. ",
737,2023.8.30,등록,,이은교,이은교,PNA20094-경기도파주교육지원청,오픈 스트로우 세트,버블티 빨대가 퍼플(고객 요청)이 아닌 레드 색상으로 제작되었습니다. cx담당자 실수로 견적서에 색상 변경을 누락하였습니다. ,휴먼에러,
736,2023.8.30,등록,,한봄이,한봄이,PNA19466-리치몬트코리아몽블랑,아이콘 콜드컵,"아이콘 콜드컵 총 2000개 제작하셨고, 고객이 본품과 여유분을 다른 배송지로 전달달라고 요청주셨음

실제로 본품 2000개, 여유분 9개 출고된 것으로 출고 확인서에 적혀있는데, 실제 고객이 본품 수량 검수시 2000개가 아닌 1995개로 확인됨 (여유분 수량은 일치)",수량 검수시 일부만 직접 검수 후 나머지는 무게 검수 방식으로 진행하여 수량 오차가 발생한 것으로 추정됨,
735,2023.8.29,등록,,윤지수,윤지수,PNA19931-금요일여섯(SGI서울보증보험),월드 오브 피규어 Set,개별배송 200건중 1건 택배사 과실로 분실,택배사에서 운송중 분실 된 것으로 추정됨,
733,2023.8.23,등록,,송지영,송지영,PNA19035-크래프트테크놀로지스,로고스트랩 파우치,"키트가 2종이었는데(쿨러백 키트, 로고 스트랩 키트) 로고 스트랩에 웰컴카드가 들어가지 않아야 하는데 포함되어서 제거 작업이 필요합니다. 
 
100개 중에서 1개는 고객이 검수하셔서 99개를 회수하여 웰컴카드 제외 임가공이 필요합니다. 

내일 오전 중으로 회수 후에 금요일에 출고 가능한지 확인 부탁드릴게요! ",변동 사항이 워낙 많았던 건이라 큐레이터가 놓친 부분입니다. ,
732,2023.8.22,등록,,이은교,이은교,PNA18553-디에딧,굿이너프 비치타월,"납품 후 약 두 달 가량 소요되었으나, 빨간 배경의 비치타월에서 이염이슈가 지속적으로 발생된다고 합니다.

에이전시 진행건이며, 최종 클라이언트인 LG측에서 사용중 아래와 같은 이슈 리포팅을 여러 건 받고 계시다고 합니다.

1. 흰 의자에 올려두었을 때 빨간색이 의자까지 물들음
2. 세탁 후 빨간 배경이었던 비치타월이 분홍색으로 물빠짐 
",비치타월 safe color 범위 밖 색상으로 제작 진행.,
731,2023.8.17,등록,,채효경,채효경,PNA19940-브랜드빌더리퍼블릭,톤앤톤 쿨러백,"쿨러백 지퍼색상이 발주색상(M 164번)과 다르게 제작되었습니다. 김민지님께서 협력사 제작 과정의 이슈를 스레드로 설명 주실 예정입니다.

고객 사용일정이 정해져있어 1차적으로는 현 제품으로 사용하신다고 하였습니다만, 급한 수량은 먼저 사용하고 일부 수량 재제작을 요청주실 가능성도 있습니다. (오늘 고객사 내부 회의 예정)

현재 고객께 안내 필요한 내용은 1) 발주사양대로 제작된 것이 맞을지, 2) 지퍼 실물 스와치를 대여하여 고른다면 앞으로는 동일한 이슈가 발생하지 않는 것이 맞을지 입니다. 민지님께서 안내주신 내용 토대로라면 1) 발주사양대로 제작된 것이 아니기 때문에 지퍼원단 금액(116,000원)에 대한 할인 및 고객요청수량 재제작이 필요할 수도 있을 것으로 보입니다. 

추가로 검수 단계에서 최종시안파일로만 확인하는 것이 아닌, 실물 스와치로 확인하는 절차도 필요할 것으로 보입니다. ",협력사 제작 과정에서 다른 색상으로 제작 (김민지님께서 스레드로 내용 안내주시기로 하였습니다),
730,2023.8.14,등록,,송지영,송지영,PNA18449-펫닥,Start 틴케이스,"틴케이스 슬리브 색상이 생각보다 너무 코랄로 나왔다고 합니다. 입하 사진 확인해보니 다른 제품(펜 배경지)ㅇ에 비해서 연하게 나온 것 같아요. 

이런 경우 입고 시에 어떤 기준으로 검수 완료되는 것인지 궁금합니다..! (b급, c급인지..?) 이미 고객이 사용하셔야 한다고 해서 적립금?으로 진행해야 할 것 같아요. ",,
729,2023.8.1,등록,,채효경,채효경,PNA20027-코오롱오토모티브,레더라벨 캠핑체어,"엔드유저로부터 캠핑체어 다리의 고무 부분 파손 사례가 접수되었습니다. (제작 수량 300개 중 1건) 
고객사 담당자께서 함께 출고되었던 여분수량으로 교체는 해드릴 예정이나, 최대 하중 150kg로 안내되고 있고 추후 같은 사례가 발생할 가능성이 있을지와 발생 시 대응방법에 대한 논의가 필요하여 내용 공유 드립니다. 파손 제품은 고객사에서 보관 중이셔서 발생원인 파악이 필요하다면 회수 진행도 가능한 상황입니다. ","자재 자체의 불량, 엔드유저의 보관 방법 등의 이유로 예상됩니다. ",
728,2023.7.28,등록,,채효경,채효경,PNA19283-더에스엠씨그룹(파스퇴르),오픈 스트로우 세트,"빨대에 끼워지지 않아 고리 부분이 좁게 구부러진 이슈 건 회수하여 재임가공하여 출고하였으나, 재질 특성 상 고리가 다시 원래 자리로 돌아가는 특성 때문에 고객 수령 시점에는 기존 상태와 동일하였습니다. 재회수 후 해당 아크릴도 빨대에 꽂는 임가공 진행하여 재출고 부탁 드리겠습니다. ",아이콘아크릴 특성 상 빨대에 꽂아져 있지 않는 경우 고객이 수령하실 때 빨대에 끼워지지 않는 정도임. 고리를 넓힌 후 다시 원상복구 될 가능성을 고려하지 못함.,
727,2023.7.27,등록,,황휘민,황휘민,PNA14961-신명에프앤비,어태치보조배터리,"신시어리 케어 접수 건
내용 : 충전 불량",,
726,2023.7.27,등록,,채효경,채효경,PNA19283-더에스엠씨그룹(파스퇴르),오픈 스트로우 세트,아크릴 3종 중 1개(D3 : 파박사 전신)의 고리 부분이 너무 좁게 구부려져 있어 빨대에 들어가지 않는 정도임. 100개 중 4개째 확인되어 전체 수량 동일할 것으로 예상.,"아크릴 3개 중 2개는 빨대에 끼워 포장되고, 이슈 발생한 나머지 1개는 지퍼백에 담긴 채로 포장되었는데 임가공 방법에서 발생한 이유일지, 혹은 고리 부품 제작 자체의 문제일지 확인이 필요합니다. ",
725,2023.7.26,등록,,한승윤,한승윤,PNA19433-에브라임이노베이션,Basket 패키지,슬라이드 지퍼백 M사이즈로 구매하셔야 하는데 S사이즈로 견적서 잘못 작성되면서 S사이즈로 출고되었습니다. ,큐레이터 휴먼 에러 ,
724,2023.7.26,등록,,송지영,송지영,PNA18298-카카오게임즈,레더라벨 캠핑체어,"캠핑체어의 끈?이 떨어졌다고 합니다. 현재까지 발견된 불량은 2개라고 하시네요. 
인쇄하지 않은 제품으로 대체해드리면 될지 확인 부탁드리겠습니다. ",,
723,2023.7.24,등록,,한봄이,한봄이,PNA17216-위대한상상(요기요),브랜드 스트랩 단우산,우산 원단 시안 중 일부(캐릭터 신발부분)이 잘못 인쇄됐습니다. (선과 면이 바뀌어 인쇄된 걸로 추측됩니다.),체크 파이널 당시 시안 검토하는 과정에서 휴먼 에러가 발생한 것으로 추정됩니다.,
722,2023.7.21,등록,,탁유림,탁유림,PNA19040-고려사이버대학교,스타트 씨드키트,"약포지에 씨앗 미포함

엔드유저로부터 연락 받았는데, 1300개 제작한 건이라 추가적인 이슈가 발견될 수 있을 것 같습니다.",협력사 실수,
721,2023.7.14,등록,,송지영,송지영,PNA18721-싸이버스카이,리틀빅 리유저블컵,기성 박스로 출고되어야 하는 건인데 뚜껑과 텀블러가 각각 출고되었습니다(박스 없이) 빠르게 회수 및 포장 진행 필요해보입니다. 확인 부탁드려요 :) ,원인 파악 필요,
720,2023.6.30,등록,,송지영,송지영,PNA18651-주식회사테크랩스,Raw 코튼 파우치,"Raw코튼 파우치 XL에 브링유어컵과 버티컬 무선 충전패드를 넣어서 1개의 키트로 진행했어야 했는데, 

브링유어컵은 XL사이즈 파우치에 버티컬 무선충전패드는 L사이즈 파우치에 각각 넣어져서 제작되었습니다.(사이즈는 확실하지 않습니다. 실물을 제가 보지 못하였기에..) 

임가공 사진 확인했을 당시에 파우치 2종인지 큐레이터가 사진으로는 확인이 어려웠습니다. (하나는 누워져 있는 키트, 하나는 세워져 있는 키트로 확인) ","1) RaW코튼 파우치 XL로 발주를 넣었으나 파우치가 왜 사이즈 2종으로 나뉘어져서 제작되었는지 확인이 필요하며 
2) 입고 시 파우치 2종이 어떻게 통과되었는지.. 확인이 필요합니다!",
719,2023.6.29,등록,,이은교,이은교,PNA19046-래이앤코,인스타 피규어,"인스타피규어 출고된 228개 중 몸통이 누락된 제품 2개 발견. 

(일단 전달드린 여유수량 내 대체 가능한 것으로 확인됨)",협력사 휴먼에러로 추정,
718,2023.6.28,등록,,이은교,이은교,PNA18509-케이디앤지,풀커버 스프링노트,"노트 커버 시안과 실물간의 색감차이 발생함

검수 단계에서 해당 부분 걸러져 큐레이터가 실물 확인 후 납품 가능한 수준으로 판단하여 정상 출고하였으나, 고객께서는 납득 어려운 수준으로 판단함.
","작업 실수나 시안오류 보다는 지류와 인쇄/후처리 등의 특성에 이해 발생한 색감차이

",
717,2023.6.26,등록,,한봄이,한봄이,PNA18808-삼성증권,아이콘 펜,"'-고객이 확인한 30개 (슬라이드지퍼백) 키트 중 15개 수량의 아이콘 펜이 불량이었다고 전달받았습니다. (총 수량 200개)
-아이콘이 고리 부분과 떨어진 상태로 배송되었거나 살짝만 만져도 분리되었다고 합니다..",아이콘 부착을 위해 칠한 본드 접착력이 약했거나 너무 소량이었던게 아닐까 싶습니다.,
716,2023.6.21,등록,,한봄이,한봄이,PNA18071-지마켓,Carry me 와인잔,"1. 2개입으로 100세트 제작하셨는데 1개입으로 100세트 제작되어 입고됨
2. 입고된 100세트가 샘플 컨펌 전 시안으로 제작됐고, 샘플 수령 후 시안이 살짝 변경됨",협력사 실수,
715,2023.6.20,등록,,황휘민,황휘민, PNA11997-충북대학교디지털혁신공유대학,핑거팬,"충전이슈로 a/s 요청주셨습니다.
회수할 필요없이 새 제품으로 발송해드리면 좋을 것 같은데 scm실 측 의견 부탁드립니다.","추정 원인 : 충전 기능 불량
상세 현상 : 충전기를 연결하면 항상 충전완료 상태로 뜨고(계속 초록불) 작동도 잘 되지만 충전기를 빼면 작동이 안됨. 충전기를 한참 연결해놨다가 빼도 동일한 현상이 나타남.",
714,2023.6.19,등록,,채효경,채효경,PNA18817-나이스평가정보,플레인 USB,데이터 삽입 파일이 2개였으나 1개 파일만 삽입됨,"고객 전달 메일에서 1개 파일은 첨부파일, 나머지 1개 파일은 다운로드 링크로 전달되어 cx담당자가 1개 파일인 것으로 착각하여 드랍박스 업로드를 누락하였습니다.
고객 필요 일정으로 인해 오늘 회수 후 데이터 추가삽입하여 6/21(수) 오전까지 재출고 가능할지 확인 부탁 드려도 될까요? 
ECO페이퍼박스 S사이즈 키트 300개 수량이며, 플레인USB 본품이 씬페이퍼봉투+스티커 포장되어 씬페이퍼봉투와 스티커는 재제작이 필요할 수 있을 것 같습니다.(ㅠㅠ)","견적서의 데이터 삽입 옵션에 데이터 파일명, 데이터 파일 개수 등 상세내용 기입할 수 있도록 선택사항란 기재해두기 (이건 바로 제가 생성해두겠습니다.. 혹 추가의견 있으시다면 말씀 주세요)"
713,2023.6.16,등록,,한승윤,한승윤,PNA18772-메카닉코리아(파이브가이즈),아이콘 콜드컵,"빨간색 형태의 띠가 연결되어 360도로 둘러서 인쇄되는 것을 원했는데 실제로는 해당 부분이 떨어져서 인쇄됐습니다. 고객사에서 제작 논의 단계 때부터 해당 부분은 강조하셔서 말씀해주셨다고 하는데, 1) 제작 상의 오류인지 2) 제품 자체에서 어쩔 수 없는 부분인지 확인 부탁드립니다. 

고객사에서 차주 수요일 (6/21)까지 물품이 필요하신 상황으로 확인했습니다. 재제작 필요할 것 같은데 얼마나 걸릴지 빠르게 확인해주시면 좋을 것 같습니다. ",시안 상의 오류? ,
712,2023.6.14,등록,,한승윤,한승윤,PNA18491-한국부동산원,스트레치 사원증 홀더,"체크썸 오류로 발주 진행되지 않음
>> 우선 가장 빠른 출고 일자가 6/28~29일로 보이는데 퀵으로라도 전달드릴 수 있을지 확인 필요할 것 같습니다. ","담당자, 대체담당자의 체크썸 오류 알림 누락.
알람이 n차로 와야할 것 같습니다. ",
711,2023.6.14,등록,,송지영,송지영,PNA17580-한국미쓰도요,화이트쇼핑백,"클래시차량용과 함께 구매한 쇼핑백(화이트)가 불량이 많다고 하시네요. 

쇼핑백 펼칠 때마다 찢어지는 현상이 발생하고.
테이프 처리까지 되어있는 쇼핑백이 발견되었습니다.

현재까지 발행한 불량은 20개 정도라 제작한 방향제 수량보다 모자라다고 하십니다. (사진은 쓰레드로 참고 부탁드립니다. )

아직 사용하지 않은 쇼핑백 중에서 불량이 얼만큼 있을지 모르는 상황이라 고객은 50개 정도 추가 전달을 원하시는데 50개는 수량이 좀 많은 것 같기는 합니다. 확인 부탁드려요! ",,
710,2023.6.7,등록,,현동원,현동원,PNA18305-한국수자원공사,인스타 피규어,A1 시안의 상의가 A2 시안으로 모두 인쇄됨,"확인중이며, 셰르파 내 시안 구분은 문제 없는 것으로 확인됩니다.",
708,2023.5.23,등록,,한승윤,한승윤,PNA14543-의정부시도시재생지원센터,데코 무선 가습기,"구매하셨던 200개 수량 중 180개 남은 상황, 그 중에 박스 하나 열어서 세 개를 랜덤하게 테스트 해보셨는데요 

1. 설명서가 들어가있지 않음 
2. 충전이 매우 오래 걸림 (22일 낮부터 23일 오전까지 계속 충전했는데 계속 빨간불) ","1. 협력사 임가공인 것으로 확인했는데, 협력사에서 설명서를 다 버림
2. 고객사에서 사용법을 몰라 제대로 작동 시키지 못하고 있거나
3. 높은 전압으로 충전하고 있어서 작동이 안되고 있거나
4. 오랜 기간 동안 사용하지 않아 배터리가 방전되었거나.. 등등.. ",
707,2023.5.16,등록,,한봄이,한봄이,PNA18188-신구대학교우촌박물관,인스타 피규어,시안 2종 중 1종이 시안과 다르게 인쇄가 되어 출고됨 (리본이 빠져 인쇄됨),협력사 실수,
706,2023.5.8,등록,,황휘민,황휘민,PNA16698-펜타시큐리티시스템,"""No Stress, PD충전기""","신시어리케어 서비스 접수 건입니다.
동봉되어 있는 케이블/원래 가지고 계시던 케이블을 활용해도 충전이 되지 않는다고 합니다. 불도 안들어온다고 하네요. 
새 제품을 하나 보내드리면 좋을 것 같은데 잘못된 제품 회수 필요할까요?",,
705,2023.5.3,등록,,송지영,송지영,PNA18219-TMCK,스펙트럼 컬러펜,"스펙트럼 컬러펜 화이트 바디/잉크 색상 블랙으로 발주했으나, 잉크 색상이 화이트바디/브라운으로 제작됨 ",확인 필요,
703,2023.4.28,등록,,채효경,채효경,PNA17840-몰레큘러디바이시스,클라우드 피크닉매트,"시안의 색상 청록색이 파란색으로 인쇄됨 (커버 배경색, 매트 체크무늬부분) 고객 필요일정이 급해 출고된 제품으로 사용하실 예정이나, 발생 원인 및 후속 조치 필요 여부 확인 필요함.","원인 확인 필요. 고객사에서 시안작업 해주셨고, 체크파이널 단계에서 특이사항은 없었습니다. 제작 혹은 검수 단계에서 특이사항 있었을지 확인 요청 드립니다. ",