Goods Name,Goods Code,굿즈 Status,출시일,졸업일,출시예정일
어웨이 블루투스 스피커,AWAY,졸업,2022-05-31,2023-05-18,2022-05-31
모먼트 골드스파클,MGOL,판매중,2026-03-05,,
펠트백,FTBG,판매중,2022-04-07,,
스탠드업 USB 허브,DP37,졸업,,,
프로페셔널 와인오프너,PWOP,졸업,2021-01-13,2025-04-30,
아임히어 리플렉터 키링,IMHE,판매중,2025-08-26,,
아쿠아 마스크,ISKM,졸업,2023-05-26,2025-12-31,2023-05-26
데일리 머그,DMUG,졸업,2019-08-01,2025-07-25,
고객입고물품,CSPR,판매중,,,
브랜드 스트랩 단우산,BRSU,판매중,2019-09-27,,
라이트 캘린더,LTCL,판매중,2024-06-28,,
웨어러블 넥밴드 선풍기,WARB,졸업,2022-06-17,2022-06-27,2022-06-16
리프레쉬 고체치약,TUTH,졸업,2022-04-29,2025-12-31,2022-04-29
심플 바인더 노트,DP16,졸업,,,
Motion 스탠다드 박스,MBST,판매중,2024-09-13,,2024-09-13
Don't Eat 손소독제,DONE,졸업,2020-03-18,2021-05-24,
클리어 리유저블컵,CLRU,판매중,2022-02-10,,2022-02-08
아이콘 펜,IIKP,판매중,2022-09-20,,2022-09-20
파워업 PD 충전기 65W,PUPD,판매중,2025-06-20,,2025-06-20
비주얼핏 키캡키링,KYCP,판매중,2026-06-11,,
웹캠 커버,WCCV,졸업,2019-08-23,2026-06-25,
패션 마스크 스트랩,FSMS,졸업,2021-01-06,2023-07-27,
프리미엄 스트링 후드집업,ODHZ,판매중,2020-11-18,,
데스크 4in1 무선충전기,DP28,졸업,,,
데코 스티커,DECO,판매중,2022-05-24,,2022-07-07
에센셜 장우산,GENH,판매중,2024-09-03,,2024-08-29
스탠리 데일리 텀블러,STLD,판매중,2024-10-31,,
바이브 캠핑쿨러,VBCC,판매중,2023-06-09,,2023-05-30
올데이 핸즈프리 선풍기,AHFF,졸업,2021-05-31,2023-07-14,
젠틀와인오프너,DP20,졸업,,,
심볼 아크릴 트로피,ACTP,판매중,2025-06-30,,
애드온 뱃지,AOBG,판매중,2020-10-19,,
플라워 피규어 방향제 ,FLWO,판매중,2026-06-15,,
하우스 핸드타월,HHTW,판매중,2026-04-20,,
스탠리 슬림 보틀,STLS,판매중,2024-11-01,,
프라우드 메모패드,PMPB,판매중,2023-08-28,,
마이타입 4-Way 백팩,BAGG,판매 준비,2026-07-16,,
크렘드마롱,MRON,졸업,2021-07-02,2023-07-14,
모뉴먼트 블랙 트로피,MNBT,판매중,2025-11-26,,
레더 스트랩 우산,LSUM,졸업,2019-08-01,2019-10-11,
스페이스 차량용 청소기,SPAC,졸업,2022-10-20,2024-10-25,2022-10-20
굿바이 바이러스 마스크 키트,MSKT,졸업,2019-04-11,2022-01-12,
포켓 마켓백,PKMK,판매중,2023-03-31,,2023-03-31
뮤지엄 머그,MMUG,판매중,2019-08-01,,
컬러풀 노트패드(블랙),CNPB,판매중,2019-04-01,,
Display 스트랩 박스,TWKT,판매중,2026-06-19,,
컬러핏 마스크스트랩,CFMS,졸업,2020-09-22,2023-07-27,
아이콘 케이블홀더 세트,MGNC,판매중,2025-05-21,,2025-05-16
투마일 오피스 슬리퍼,TMLO,졸업,2022-03-21,2025-12-31,2022-03-15
포시즌 블랭킷,FSBL,판매중,2020-12-08,,
스퀘어 OTG USB,DP30,졸업,,,
화이트 볼펜,WHTP,졸업,2018-08-01,2021-11-18,
일러스트 손수건,ILHC,졸업,2019-03-01,2025-04-30,
어반 스텐 런치박스,,,,,
Carry me 와인잔,CMWG,판매중,2021-03-19,,
어태치보조배터리,ATCB,졸업,2022-06-22,2024-08-28,2022-06-23
Storage 펄프 박스,STPB,판매중,2024-04-26,,2024-04-26
프레시 캘린더,FRCL,졸업,2020-08-31,2024-07-23,
낫씽 설거지비누,QWER,판매중,2022-03-30,,2022-03-28
프라우드 투톤 명함지갑,TWTO,판매중,2021-09-06,,
데일리 짐색,DLYG,판매중,2024-05-31,,2024-05-31
리마커블 칫솔살균기,RMKB,판매중,2022-01-28,,2022-01-28
Basket 패키지,SZBT,졸업,2018-10-26,2026-07-13,
Basket 패키지,BSKP,판매중,2020-04-09,,
주차번호판 피규어세트,FGPS,판매중,2024-03-12,,2024-03-12
스파클링 유리컵,SPKL,졸업,2021-08-23,2025-12-31,
아이덴티티 스티커팩,IDTT,판매중,2026-01-29,,
노트북 스탠드패드,NSTP,판매중,2020-09-08,,
BringYourCup,BYCT,졸업,2018-12-01,2025-01-31,
미니가든 피규어 세트,ISGK,판매중,2021-02-23,,
포터블 3in1 충전케이블,DP42,졸업,,,
킵세이프 마그넷 배터리(dash),DP38,졸업,,,
핑거팬,FING,졸업,2020-05-20,2024-06-14,
스마트 스텐 텀블러,DP25,졸업,,,
오픈 스트로우 세트,OSTR,졸업,2020-06-10,2025-07-09,
샤인 미러 키링,SMAK,판매중,2024-12-26,,2024-12-20
브랜디드 피규어,BRPR,판매중,2024-10-16,,2025-01-16
Lite 스트랩 박스,TWKF,판매중,2026-05-22,,
Raw 코튼 파우치,RCPC,판매중,2021-03-22,,
샤오미 펜,DP10,졸업,,,
,,,,,
Advent 굿즈박스,AVBX,판매중,2023-07-21,,
Dear 기프트박스,DEAR,졸업,2021-07-26,2021-08-25,
스테인리스 빨대 세트,STSW,판매중,2019-03-01,,
대시,DASH,졸업,,,
폴더블 보틀,FOLB,졸업,2020-04-01,2021-01-12,
실버팩,SLVP,판매중,2020-03-30,,
Motion 커스텀 박스,MBCT,판매중,2024-10-11,,
모바일 오피스 파우치 2.0,MOSL,판매중,2026-03-11,,
시그니처 다이어리,SGND,판매중,2024-07-19,,2024-07-19
소프트터치 블루투스 키보드,STBK,판매중,2020-10-22,,
0% 무염색 타올,ZETW,졸업,2019-10-25,2021-06-02,
밸류 메모큐브,VMCB,판매중,2021-04-30,,
썸네일 캘린더,TNCL,판매중,2021-09-03,,
뷰티풀 새니타이저,BTSZ,졸업,2020-06-15,2022-01-18,
핸디링 미니 선풍기(dash),DP45,졸업,,,
컴퍼니 워터,CWTR,졸업,2018-12-01,2021-01-18,
워크데이 런치백,TVLB,판매 준비,2026-07-20,,
캠핑무드 폴딩박스,PDBX,졸업,2021-03-21,2022-04-26,
,,,,,
스테디 노트북 거치대,DP07,졸업,,,
인앤아웃 캠핑 폴딩박스,IAOU,졸업,2022-05-13,2025-05-13,2022-05-12
홀리데이 네임택,HLDN,판매중,2024-06-21,,2024-06-21
홈카페 코스터,HCCO,판매중,2021-06-03,,
심볼 NFC 키링,NFCA,판매중,2026-03-25,,
로고스트랩 파우치,LOPU,판매중,2020-10-07,,
Clean me Softly 핸드워시,HDWS,졸업,2019-04-19,2021-01-08,
어썸그립,AXGR,판매중,2020-11-02,,
Open 페이퍼박스,OPPB,판매중,2020-09-25,,
스마트 3in1 무선충전기,DP09,졸업,,,
퀄리-티셔츠,QTSH,졸업,2021-05-24,2023-05-25,
마이오피스 피규어 세트,,,,,
노마드 백팩,NMBP,졸업,2021-01-29,2022-03-22,
아이콘 콜드컵,ICCC,졸업,2020-04-01,2025-12-31,
SIGG 스위스 보틀,SIGB,졸업,2020-07-06,2021-01-12,
액티브 미니 마사지건,DP33,졸업,,,
클립 아트펜,CLIP,판매중,2020-04-29,,
펠트스트링파우치,FSPC,판매중,2020-11-18,,
아너 월넛 트로피 ,HNWT,판매중,2025-11-28,,
재고생산,STCK,판매중,,,
락앤락 | 슬림 텀블러,DP34,졸업,,,
ECO 페이퍼박스,ECPB,판매중,2021-03-18,,
스트레치 사원증 홀더,STHD,판매중,2021-09-02,,
컨시어지,CCRG,졸업,2018-08-01,2021-06-10,
BrandFit 커스텀 쇼핑백,BFSB,판매중,2024-07-31,,2024-07-31
에브리타임 롱기스트,ETLG,졸업,2021-07-27,2022-07-18,
트리플 컬러펜 | JETSTREAM,TRPC,판매중,2022-07-14,,2022-07-14
Stationery 페이퍼박스,STBX,판매중,2023-09-20,,
로지텍 페블 블루투스 마우스,BLTS,졸업,2024-04-16,2025-07-28,2024-04-16
클로저 휴대폰 스트랩,CHST,판매중,2025-11-05,,
인스타 피규어,CPLG,졸업,2019-09-10,,
퀵 버튼링 노트,QBRN,판매중,2023-09-04,,
,,,,,
헬로 카드형 USB,HUSB,판매중,2024-11-22,,2024-11-22
데코 무선 가습기,DCMS,졸업,2022-03-04,2024-12-31,2022-03-03
프레젠트 골프공 3구,PSGB,판매중,2021-02-05,,
데일리 칫솔살균기 | 아이리버,DLYC,판매중,2026-03-06,,
바캉스 드라이백,DRYB,졸업,2019-07-29,2022-05-24,
오브제 패드 세트,OBPS,졸업,2019-11-01,2021-01-12,
클래시 차량용 방향제,CCAF,판매중,2021-08-17,,
킵세이프 마그넷 배터리 Max,KSBM,판매중,2025-09-25,,
더블업 트래블 파우치,DTPL,판매중,2023-05-19,,2023-05-19
메세지 스트랩,MSST,졸업,2019-10-07,2025-07-09,
플레인 USB,PUSB,졸업,2019-02-01,2026-07-13,
브릭 메모&캘린더 스탠드,BMCH,판매중,2025-07-25,2026-02-13,2025-07-25
인마이백 피크닉매트,KRDJ,판매중,2024-01-30,,2024-01-30
드레스업 손거울,DRSU,판매중,2022-06-24,,2022-07-07
커넥트 6in1 케이블키트,CCKT,판매중,2025-10-23,,2025-09-29
핸디 파우더솝,HDPS,졸업,2020-03-16,2025-04-30,
Tailored 스트랩 박스,TILD,판매중,2022-09-30,,2022-09-29
그래픽배너 대용량 보조배터리,GBBT,판매중,2024-08-22,,2024-08-22
Passion 더스트백,DBAG,판매중,2018-10-26,,
브랜디드 피규어 키링,BRPK,판매중,2025-02-20,,
미니멀 무선충전 마우스패드,WLMD,졸업,2019-05-01,2025-02-19,
와이드 디지털 탁상시계,DP32,졸업,,,
디스플레이 피규어 세트,DPFG,판매중,2024-11-22,,
모먼트 일회용 카메라,FCAM,판매중,2023-07-06,,
아트워크 타월,AWTW,판매중,2026-03-31,,
셀렉티브 전동오프너&와인잔 세트,WWST,판매중,2024-11-07,,2024-10-24
브랜뉴 차량용 무선청소기,BNWV,졸업,2019-11-12,2021-12-15,
디테일 드라이버 키트,DTDK,판매중,2019-11-22,,
굿스타트 슈즈백,GSSH,판매중,2023-06-20,,2023-06-08
폴더블 노트북 거치대,DP31,품절,,,
어프로치 | 라이트 노트,DP15,졸업,,,
100% 커스텀 삭스,CSTS,졸업,2019-07-04,2021-11-09,
샤오미 손톱깎이 세트,DP35,졸업,,,
리멤버 타투스티커,TTSK,판매중,2023-09-12,,
페이퍼링 캘린더,PIPR,판매중,2022-08-26,,2022-08-26
슬로건 맨투맨,SMTM,판매중,2024-01-25,,2023-10-05
소프트그립블랙펜,PENN,판매 준비,,,
에디션 골프공 & 볼마커 6구 세트,EDGB,판매중,2021-09-24,,
밸류 무선충전 마우스패드,SMMP,판매중,2025-02-03,,2025-02-03
,,,2026-02-13,,
대나무 칫솔,TB,졸업,2019-02-11,2020-06-24,
스타트 씨드키트,SEED,판매중,2022-02-25,,2022-02-28
비주얼 PD 고속충전기 65W,VSPD,졸업,2024-10-24,,
린넨메쉬스트링파우치,LNMS,판매중,2022-03-30,,
프리미엄 3단 암막우산,DP14,졸업,,,
풀커버 스티치 노트,FCSN,판매중,2024-09-27,,
베러댄 텀블러 ,BTST,판매 준비,2026-07-30,,
에티켓 미스트,ETIM,졸업,2020-06-01,2021-11-18,
커피 펜슬,CFPC,졸업,2021-02-19,2025-05-23,
미니멀 차량용 무선 청소기,DP27,졸업,,,
드라이버스 텀블러,DRIV,졸업,2022-01-25,2024-01-19,2022-01-25
오피스 마우스패드,OFMP,판매중,2019-11-01,,
듀얼 휴대용 선풍기,DP03,졸업,,,
오피스 슬리퍼,OFSL,졸업,2019-09-15,2021-01-12,
챔피언 피규어 트로피,CFTP,판매중,2025-06-27,,
퀵차지 도킹형 보조배터리,QUIC,판매중,2024-08-13,,
,,,,,
올데이 텀블러,ADYT,판매중,2024-05-30,,2024-05-30
몰스킨 2026 다이어리,MOLD,판매중,2025-08-07,,
셀러브레이션 큐브,CLEC,졸업,2020-02-01,2023-07-14,
리멤버 탁상시계,RMBT,판매중,2024-08-06,,
굿데이 캐리어 파우치,DP17,졸업,,,
팝업스토어 피규어 세트,MSFG,판매중,2024-11-22,,
오토매틱 와인오프너,ATWO,판매중,2019-12-05,,2022-02-23
그래픽 에코백,GPEB,판매중,2018-12-28,,
SNOW 손난로 & 보조배터리,SNBT,졸업,2019-10-28,2020-12-28,
포터블 피크닉 롤테이블,PTBC,졸업,2022-04-13,2026-07-13,2022-04-12
에디트 캘린더,EDCD,판매중,2019-08-28,,
플라워 피규어 방향제,,,,,
신시어리서비스,SSSV,판매중,,,
컴포트 스텐머그,,판매중,2026-02-23,,
스테들러 형광펜 세트,DP12,졸업,,,
버티컬 무선충전패드,VWPD,판매중,2020-08-11,,
포인트업 러그,PITU,졸업,2022-04-14,2026-06-25,2022-04-14
칠링패드 냉각선풍기,CPNF,판매중,2025-03-31,,2025-03-31
Reinvent 박스,RIVT,판매중,2020-09-09,,
레터링 유리머그,LTLU,판매중,2022-05-19,,2022-05-20
비스포크,BSPK,판매중,,,
브랜디드 노트북백,BRDD,판매중,2022-04-21,,2022-04-21
케어풀 포켓 새니타이저,CPSY,졸업,2020-10-19,2025-04-30,
,,,,,
베케이션 여권케이스,VCIT,판매중,2022-06-15,,2022-06-15
프라임 폴더블 멀티충전기,PRMF,판매중,2024-06-14,,2024-06-11
사일런스 페블 마우스,DP02,졸업,,,
심볼릭 샤프 & 형광펜 세트 | 스테들러,STDL,판매중,2024-07-26,,2024-07-26
풀커버 스프링노트,FCSP,판매중,2020-05-29,,
,,,,,
슈가케인 텀블러,SGCN,판매중,2023-01-09,,2023-01-06
파카 IM 만년필,PKIM,판매중,2025-10-02,,
레더스킨 다이어리,LSKD,판매중,2021-08-03,,
리틀빅 리유저블컵,LTBR,판매중,2022-07-27,,2022-07-27
스티키 보조배터리,DP26,졸업,,,
브릭 메모&캘린더 스탠드2.0,BMVS,판매중,2026-02-13,,
슬로건 다이어리,SLGN,판매중,2018-08-01,,
Solid 커스텀 G형 박스,SCGB,판매중,2025-04-24,,
트래블 2in1 목베개,NKPL,판매중,2023-09-21,,2023-08-25
킵세이프 마그넷 배터리,MGNB,졸업,2024-01-19,2025-06-25,2024-01-19
파카 조터 XL 볼펜,PKJT,판매중,2025-09-30,,
클린-잇 스티커,STK,졸업,2019-04-29,2020-01-14,
프리미엄 린넨샤쉐,LSCH,판매중,2019-08-29,,
플랫무선충전패드,FWLR,졸업,2019-10-08,2020-12-23,
믹스매치 머그,MIXM,졸업,2020-07-22,2022-05-23,
오아시스 미니 마사지건,OMMG,판매중,2025-11-24,,2025-08-22
킵프레쉬 도시락통,DP21,졸업,,,
파워브리즈 탁상용 선풍기,DP19,졸업,,,
4초 에어 넥쿠션,FSAN,졸업,2019-08-27,2021-12-30,
화이트쇼핑백,WSPB,판매중,2021-06-29,,
BLANK 칫솔살균기,UVBR,판매중,2019-06-10,,
판매용 피규어(제거 대상),,,,,2024-02-19
스탠바이 빅팬선풍기,FANB,판매중,2026-04-14,,
드링크 리얼 에너지,DREL,졸업,2020-06-01,2021-07-08,
릴리프 눈마사지기,EMSG,판매중,2021-01-25,,
픽미 핸들 텀블러,,,,,
브랜드팝 클리어 키링,BCAK,판매중,2024-12-23,,2024-12-18
커피 드립백 | BEAN BROTHERS,BEAN,졸업,2021-08-26,2025-04-30,
개별배송 외박스,GBBS,판매중,2022-06-22,,2022-06-10
미니멀 무선 키보드,DP08,졸업,,,
브랜드-잇,BRDT,판매중,2018-12-04,,
,,,,,
밀크 에코컵,MKEC,판매중,2025-03-25,,2025-03-25
핸디 맥세이프 보조배터리,DP04,졸업,,,
얼티밋 배터리,UTBT,졸업,2020-08-10,2021-10-26,
밸류보드 다이어리,VABD,판매중,2020-08-06,,
해피웨이 런치백,HWDG,판매중,2025-03-06,,2025-02-28
세이프 미니 파우치,SFMP,졸업,2021-02-22,2022-10-05,
미니어처 NFC 키링,MNFC,판매중,2026-02-27,,
액티브 스포츠타월,SPTS,판매중,2023-10-26,,
베이직 무선충전 마우스패드,BMMP,판매중,2025-01-23,,2025-01-23
아트워크 레더 다이어리,ATWK,판매중,2022-07-25,,2022-07-22
,,,,,
,,,,,
굿데이 볼캡,GDEB,판매중,2024-05-14,,2024-04-30
굿이너프 다이어리,GEND,졸업,2019-08-29,2021-01-05,
마일드 타블렛 세탁세제,WASH,졸업,2022-07-28,2024-02-05,2022-07-28
베이직 도킹형 보조배터리,BASD,판매중,2024-07-24,,2024-07-24
와이드클립 펜,WIDC,판매중,2024-06-11,,
Solid 스탠다드 G형 박스,DRCG,판매중,2020-02-17,,
,,,,,
스탠딩 휴대용 선풍기,STPF,판매중,2024-03-29,,2024-03-29
HighLight 슬라이드 지퍼백,HLSZ,판매중,2025-03-21,,2025-03-21
로지텍 라이트 마우스,MSMO,졸업,2024-04-18,2025-04-30,2024-04-16
테스트,1234,,,,
트래블 충전기 3종세트,DP29,졸업,,,
어반 스텐 런치박스 ,USLB,판매중,2026-04-27,,
웜업 스트링 후드집업,WZIP,판매중,2023-10-11,,
핸디 휴대용 소화기,DP40,졸업,,,
임팩트 슬로건타월,IPST,판매중,2025-02-26,,2025-02-26
솔리드 레디백,SORB,판매중,2026-04-15,,
매트블랙 텀블러,MTTB,판매중,2019-03-01,,
킵세이프 마그넷 배터리 Slim,KSMB,판매중,2025-05-30,,
에너제틱 목마사지기,ENGT,졸업,2022-03-24,2024-11-26,2022-03-25
디자이너 노트,DSGN,판매중,2018-09-21,,
세이프라이프 차량용소화기,TCFE,판매중,2022-01-11,,
I'm not a paper cup,ICUP,졸업,2019-08-01,2025-05-20,
데일리 핫팩 세트,DAHP,졸업,2019-12-11,2021-12-24,
그로우 북라이트 ,BMLT,판매 준비,2026-07-10,,
스탠드-업 칫솔,STTB,판매중,2019-08-26,,
샤오미 사일런트 마우스,XMOU,졸업,2021-06-22,2024-04-26,
유니크 디퓨저,UNDF,판매중,2018-12-11,,
차량용 공기청정기,ALAC,졸업,2018-11-29,2020-07-10,
Two-way 에코 쇼핑백,TWOS,졸업,2022-02-18,2024-07-23,2022-02-18
폴더블 텀블러,FOLC,판매중,2020-06-01,,
킵세이프 마그넷 배터리 Lite,KSEP,판매중,2025-09-25,,
페이머스 캡슐보틀,FACB,판매중,2020-04-01,2025-12-31,
MiiR 텀블러,MIRT,판매중,2020-11-19,,
브랜디드 타월,BDTW,판매중,2025-05-23,,
레더홀더,LTHD,졸업,2018-08-01,2021-02-03,
에센셜 와인오프너 세트,ESWO,판매중,2024-11-07,,2024-10-24
트루KF94 프린팅 마스크,TRKF,졸업,2021-12-15,2025-04-30,
데스크테리어 매트,DSKT,판매중,2022-01-17,,2022-01-11
글로시 키링,GKEY,판매중,2020-03-25,,
휴대용 UVC 살균기,UVCH,졸업,2020-03-06,2021-05-04,
블랙쇼핑백,BSPB,판매중,2025-11-26,,
펜홀더 피규어 세트,BRPH,판매중,2026-06-04,,
심플 블랙 펜,SPBP,졸업,2018-08-01,2022-02-21,
올 블랙 펜,ALBP,판매중,2019-08-23,,
,,,,,
올웨이즈 양우산,ALUM,판매중,2023-08-08,,
레더라벨 캠핑체어,LTLB,판매중,2022-04-07,,2022-04-06
스트랩 마스크케이스,STMC,졸업,2020-06-22,2025-04-30,
슬림 터보 선풍기,FANC,판매중,2026-04-17,,
모이스트 듀얼 가습기,MODU,졸업,2020-11-20,2023-05-30,
"No Stress, PD충전기",PDCG,졸업,2021-02-05,2024-10-25,
슈가케인 펜,SCPN,판매중,2021-05-21,,2022-04-14
컴바인 머그,COMB,졸업,2021-09-16,2023-04-28,
테크 미니 파우치,TCMP,판매중,2024-02-23,,
카드트레이 피규어 세트,CTPS,판매중,2025-04-16,,
BoXtand 슬리브박스,BOXS,졸업,2019-08-28,2021-06-30,
Quality 슬리브 박스,SLVB,판매중,2019-08-28,,
젠틀 차량용 청소기,GTVC,졸업,2025-01-31,2025-05-14,2025-01-31
스타일 수면안대,STSM,판매중,2021-04-15,,
라운드 밤부 칫솔,RBTB,판매중,2021-05-19,,
스테이쿨 넥쿨러,STCN,졸업,2024-04-30,2025-07-28,
마이오피스 피규어 세트 ,BROF,판매중,2026-05-27,,
굿이너프 비치타월,BCTW,판매중,2018-08-07,,
굿나잇 미니 무드등,DP05,졸업,,,
메시지 캐리어 파우치,MSGC,판매중,2022-10-06,,2022-10-06
모던 스텐머그,DP06,졸업,,,
퍼 블랭킷,FUBL,판매중,2019-10-01,,
베러댄 텀블러,,,,,
원핸드 텀블러,SIGO,졸업,2020-07-06,2021-01-12,
코르크 데스크매트,CKDM,졸업,2019-05-24,2021-05-03,
골프공 전용 쇼핑백,GFSB,판매중,2021-02-05,,
브랜디파이 핸드스트랩,BRDF,졸업,2021-10-25,2025-12-31,
월드와이드 멀티어댑터,WWMA,판매중,2025-03-12,,
KeepSafe 안전봉투,SFPP,판매중,2019-11-21,,
센텐스 펜,STCP,판매중,2021-06-15,,2022-08-11
피크닉 포터블 스피커,PICP,졸업,2020-02-25,2021-05-13,
에브리 폴더블 멀티충전기,CHTW,판매중,2026-06-01,,
컬러풀 노트패드,CNPD,판매중,2018-12-26,,
픽미 핸들 텀블러 ,PMHT,판매 준비,2026-07-30,,
마그넷 오프너,MOPN,졸업,2021-05-31,2026-07-13,
몰스킨 데일리 노트,MOLN,판매중,2025-08-05,,
위시 오브제 캔들,OJCD,판매중,2023-10-17,,2023-10-13
리사이저블 페이퍼 박스,PBOX,졸업,2019-03-29,2019-12-12,
클라우드 피크닉매트,PCMT,판매중,2019-04-01,,
포시즌 티셔츠,FTSH,판매중,2023-05-16,,2023-05-16
브릭스탠드 멀티충전기,BSMC,판매중,2025-08-05,,
Start 틴케이스,TNCS,판매중,2018-10-26,,
그라운드 쿠션체어,GRCH,졸업,2021-05-10,2022-06-24,
허니콤보,HONY,졸업,2021-06-29,2025-06-25,
내추럴 노트,NTRN,판매중,2021-08-09,,
그립-잇,GRIT,판매중,2019-06-12,,
스테이 텀블러,TMBS,판매중,2026-02-13,,
락앤락 | 더블월 콜드컵,DP18,졸업,,,
비주얼 USB 릴케이블,VIRC,졸업,2021-01-11,2022-05-08,
베러 배러리,BTBT,졸업,2019-06-04,2020-12-23,
미스트 워터보틀,MIST,판매중,2024-02-29,,
레디고 런치박스,RDGL,판매중,2023-03-24,,2023-03-24
라이트 샤오미펜,LXMP,판매중,2024-12-26,,
라미 사파리 펜,LAMY,판매중,2021-02-09,,
Window 스트랩 박스,TWKB,판매중,2026-07-23,,
Baseus | 차량용 비상망치,DP13,졸업,,,
하이킹 폴딩방석,HIKF,판매중,2022-09-30,,2022-09-07
리유저블 캘린더,RUCD,판매중,2021-09-13,,
캠페인 캔들,CDL,졸업,2018-08-01,2021-01-12,
어텐션 스포츠 보틀,ATSB,판매중,2023-05-08,,2023-05-08
월드 오브 피규어 Set,WOFS,판매중,2021-09-09,,
어드벤스 3단 자동우산,ATAU,판매중,2025-08-12,,2025-08-06
플러스 멀티충전 스테이션,PLSM,판매중,2024-08-08,,2024-07-30
컴포트 스텐머그 ,UMUG,판매중,2026-02-13,,
커넥트 미니 보조배터리,DP01,졸업,,,
익스텐드 차량용 청소기,ESTD,졸업,2022-03-02,2022-06-20,2022-02-28
톤앤톤 쿨러백,TTCB,판매중,2021-05-11,,
TrueHEPA 미니 공기청정기,TRAC,졸업,2020-01-02,2021-12-27,
슬라이드 그립,SLGP,졸업,2020-01-20,2022-06-23,
스탠딩 포터블 선풍기,SDPF,졸업,2019-03-15,2021-06-07,
워터풀 무선가습기,WTWH,졸업,2019-11-25,2021-05-11,
히트업 손난로 보조배터리,HTUS,판매중,2024-09-12,,2024-09-12
스펙트럼 컬러펜,SPCP,판매중,2019-02-25,,2022-06-22
RE:CUP,RECP,졸업,2020-10-01,2026-04-24,
미출시 제품,URPD,,,,
모바일 오피스 파우치,MOFP,판매중,2020-08-26,,
핸디링 미니 선풍기,HDRM,판매중,2024-04-05,,2024-04-05
선물용 포장지,GWRP,판매중,,,
하이업 노트북 폴딩스탠드,HIUN,판매중,2024-06-26,,2024-06-19
미니멀 스텐머그,MSTM,판매중,2023-04-28,,2023-04-28
듀얼 USB 3.1,DUSB,졸업,2020-07-29,2022-10-20,
페이퍼 샤쉐,PSCH,판매중,2019-02-12,,
