파츠번호,파츠명,ERP구분,지출기안계정,굿즈카테고리,굿즈/패키지 구분,수주처,COO,생산구분,소싱구분,굿즈연결,재고포함시점,재고포함사유,출시일,재고회전율기준일,운영종료일,운영종료사유,재고리드타임,MOQ,EOQ,표준원가,서브카테고리,계절제품
PT2833,PT2833-퀵버튼링노트_플라스틱커버_반투명,5.상품,상품(선급금),Stationery,Product Parts,(주)청산인쇄,대한민국,국내생산,해당없음,퀵 버튼링 노트,26년기초,,2023-09-04,,,,14,"1,000",,370,노트,
PT3360,PT3360-표시사항스티커(전용),8.수익,소모품비,Apparel,Package Parts,서울디지털인쇄협동조합,대한민국,국내생산,해당없음,굿데이 볼캡,26년기초,,2024-05-14,,,,7,"1,000",,80,,
PT4886,PT4886-챔피언피규어시상대세트(시상대),5.상품,상품(선급금),Awards & Recognition,Product Parts,엠알오즈(MROZ),대한민국,국내생산,해당없음,챔피언 피규어 트로피,26년기초,,2025-06-27,,,,45,"3,000",,"3,850",트로피,
PT4888,PT4888-트레이박스(전용)_화이트+옵셋지정색,5.상품,상품(선급금),Awards & Recognition,Package Parts,주식회사 모아패키지,대한민국,국내생산,해당없음,챔피언 피규어 트로피,26년기초,,2025-06-27,,,,13,"1,000",,"1,825",,
PT4890,PT4890-슬리브(전용)_투명,5.상품,상품(선급금),Awards & Recognition,Package Parts,주식회사 모아패키지,대한민국,국내생산,해당없음,챔피언 피규어 트로피,26년기초,,2025-06-27,,,,13,"1,000",,350,,
PT4902,PT4902-트레이박스_블랙,5.상품,상품(선급금),Awards & Recognition,Package Parts,주식회사 모아패키지,대한민국,국내생산,해당없음,심볼 아크릴 트로피,26년기초,,2025-06-30,,,,12,"1,000",,"1,410",,
PT4903,PT4903-슬리브(스탠다드)_투명,5.상품,상품(선급금),Awards & Recognition,Package Parts,주식회사 모아패키지,대한민국,국내생산,해당없음,심볼 아크릴 트로피,26년기초,,2025-06-30,,,,12,"1,000",,400,,
PT4954,PT4954-챔피언피규어시상대세트(판넬),5.상품,상품(선급금),Awards & Recognition,Product Parts,엠알오즈(MROZ),대한민국,국내생산,해당없음,챔피언 피규어 트로피,26년기초,,2025-06-27,,,,0,"3,000",,0,트로피,
PT4904,PT4904-지지대(전용)_블랙+실버인쇄,8.수익,소모품비,Awards & Recognition,Package Parts,주식회사 모아패키지,대한민국,국내생산,해당없음,심볼 아크릴 트로피,26년기초,,2025-06-30,,,,0,"1,000",,285,,
PT4957,PT4957-지지대(전용)_화이트,8.수익,소모품비,Awards & Recognition,Package Parts,주식회사 모아패키지,대한민국,국내생산,해당없음,챔피언 피규어 트로피,26년기초,,2025-06-27,,,,0,"1,000",,0,,
PT0889,PT0889-모바일오피스파우치_블랙,5.상품,상품(선급금),Bag&pouch,Product Parts,키멤버스,중국,해외생산,국내소싱,모바일 오피스 파우치,26년기초,,2020-08-26,,2026-02-10,리뉴얼,50,"1,000",,#N/A,노트북백,
PT2228,PT2228-브랜디드노트북백_블랙,5.상품,상품(선급금),Bag&pouch,Product Parts,(주)에스씨인터내셔널,중국,해외생산,중개소싱,브랜디드 노트북백,26년기초,,2022-04-21,,,,33,500,,"16,818",노트북백,
PT2231,PT2231-크로스스트랩_블랙,5.상품,상품(선급금),Bag&pouch,Product Parts,(주)에스씨인터내셔널,중국,해외생산,중개소싱,브랜디드 노트북백,26년기초,,2022-04-21,,,,36,500,,0,노트북백,
PT2969,PT2969-메시지캐리어파우치_실버,5.상품,상품(선급금),Bag&pouch,Product Parts,(주)이삭반도체,중국,해외생산,국내소싱,메시지 캐리어 파우치,26년기초,,2022-10-06,,,,14,100,,"5,400",하드케이스 파우치,
PT2970,PT2970-메시지캐리어파우치_메탈그레이,5.상품,상품(선급금),Bag&pouch,Product Parts,(주)이삭반도체,중국,해외생산,국내소싱,메시지 캐리어 파우치,26년기초,,2022-10-06,,,,21,"1,000",,"5,400",하드케이스 파우치,
PT3331,PT3331-테크미니파우치,5.상품,상품(선급금),Bag&pouch,Product Parts,성우무역,중국,해외생산,중개소싱,테크 미니 파우치,26년기초,,2024-02-23,,,,22,"3,000",,"2,170",하드케이스 파우치,
PT3353,PT3353-메시지캐리어파우치_매트블랙,5.상품,상품(선급금),Bag&pouch,Product Parts,(주)이삭반도체,중국,해외생산,국내소싱,메시지 캐리어 파우치,26년기초,,2022-10-06,,,,5,50,,"5,400",하드케이스 파우치,
PT1679,PT1679-주의사항표기서(전용)_화이트+디지털풀컬러_000-4,8.수익,소모품비,Bag&pouch,Package Parts,서울디지털인쇄협동조합,대한민국,국내생산,해당없음,톤앤톤 쿨러백,26년기초,,2021-05-11,,,,5,"1,000",,90,,
PT2827,PT2827-투명손잡이지퍼백(S),8.수익,소모품비,Bag&pouch,Package Parts,착한포장,대한민국,국내생산,해당없음,더블업 트래블 파우치,26년기초,,2023-05-19,,,,5,200,,122,,
PT2828,PT2828-투명손잡이지퍼백(L),8.수익,소모품비,Bag&pouch,Package Parts,착한포장,대한민국,국내생산,해당없음,"더블업 트래블 파우치, 브랜디드 노트북백, 데일리 짐색",26년기초,,2022-04-21,,,,9,200,,241,,
PT3193,PT3193-투명손잡이지퍼백(M),8.수익,소모품비,Bag&pouch,Package Parts,착한포장,대한민국,국내생산,해당없음,"굿스타트 슈즈백, 트래블 2in1 목베개, 웜업 스트링 후드집업, 슬로건 맨투맨",26년기초,,2023-06-20,,,,7,"1,000",,203,,
PT0493,PT0493-단품박스(스탠다드)_웜그레이_000-19,5.상품,상품(선급금),Drinkware,Package Parts,(주)청산인쇄,대한민국,국내생산,해당없음,"RE:CUP, 스탠리 데일리 텀블러",26년기초,,2020-10-01,,,,9,"1,000",,534,,
PT0761,PT0761-골지단품박스_그레이_100-4,5.상품,상품(선급금),Drinkware,Package Parts,(주)청산인쇄,대한민국,국내생산,해당없음,"뮤지엄 머그, 밀크 에코컵",26년기초,,2019-08-01,,,,16,"1,000",,"1,027",,
PT0874,PT0874-단품박스(전용)_블랙_000-7,5.상품,상품(선급금),Drinkware,Package Parts,(주)청산인쇄,대한민국,국내생산,해당없음,"매트블랙 텀블러, 테스트",26년기초,,2019-03-01,,,,10,"1,000",,484,,
PT0878,PT0878-매트블랙텀블러_블랙,5.상품,상품(선급금),Drinkware,Product Parts,주식회사 꾸띠잔홀딩스,대한민국,국내생산,해당없음,매트블랙 텀블러,26년기초,,2019-03-01,,,,15,"1,000",,"7,935",텀블러,
PT0901,PT0901-뮤지엄머그_화이트,5.상품,상품(선급금),Drinkware,Product Parts,홍보요업,대한민국,국내생산,해당없음,뮤지엄 머그,26년기초,,2019-08-01,,,,10,"2,000",,"2,900",머그컵,
PT0908,PT0908-뮤지엄머그_블랙,5.상품,상품(선급금),Drinkware,Product Parts,홍보요업,대한민국,국내생산,해당없음,뮤지엄 머그,26년기초,,2019-08-01,,,,0,"1,000",,"3,100",머그컵,
PT0952,PT0952-골지단품박스(스탠다드)_블랙_000-1,5.상품,상품(선급금),Drinkware,Package Parts,(주)청산인쇄,대한민국,국내생산,해당없음,스파클링 유리컵,26년기초,,2021-08-23,,2026-02-10,굿즈졸업,0,"1,000",,#N/A,,
PT1705,PT1705-단품박스(기성)_000-21,5.상품,상품(선급금),Drinkware,Package Parts,주식회사 제이더블유굿즈,대한민국,국내생산,해당없음,페이머스 캡슐보틀,26년기초,,2020-04-01,,,,0,"1,000",,0,,
PT1707,PT1707-페이머스캡슐보틀(에코젠)_아이보리,5.상품,상품(선급금),Drinkware,Product Parts,주식회사 제이더블유굿즈,대한민국,국내생산,해당없음,페이머스 캡슐보틀,26년기초,,2020-04-01,,,,0,"1,000",,"4,500",보틀,여름
PT1730,PT1730-단품박스(전용)_화이트_100-6,5.상품,상품(선급금),Drinkware,Package Parts,(주)청산인쇄,대한민국,국내생산,해당없음,폴더블 텀블러,26년기초,,2020-06-01,,,,0,500,,439,,
PT1733,PT1733-무광스트링파우치(커스텀인쇄)_반투명_100-1,5.상품,상품(선급금),Drinkware,Package Parts,착한포장,대한민국,국내생산,해당없음,폴더블 텀블러,26년기초,,2020-06-01,,,,0,50,,251,,
PT2077,PT2077-클리어리유저블컵_바디(473ml)_투명,5.상품,상품(선급금),Drinkware,Product Parts,주식회사 아조아(AJOAH),대한민국,국내생산,해당없음,클리어 리유저블컵,26년기초,,2022-02-10,,,,7,100,,"2,200",리유저블컵,여름
PT2078,PT2078-클리어리유저블컵_리드(스트로우리드)_화이트,5.상품,상품(선급금),Drinkware,Product Parts,주식회사 아조아(AJOAH),대한민국,국내생산,해당없음,클리어 리유저블컵,26년기초,,2022-02-10,,,,0,"5,000",,240,리유저블컵,여름
PT2079,PT2079-클리어리유저블컵_리드(스탠다드리드)_화이트,5.상품,상품(선급금),Drinkware,Product Parts,주식회사 아조아(AJOAH),대한민국,국내생산,해당없음,클리어 리유저블컵,26년기초,,2022-02-10,,,,6,"5,000",,240,리유저블컵,여름
PT2080,PT2080-트라이탄빨대_투명,5.상품,상품(선급금),Drinkware,Product Parts,주식회사 아조아(AJOAH),대한민국,국내생산,해당없음,클리어 리유저블컵,26년기초,,2022-02-10,,,,0,100,,550,리유저블컵,여름
PT2089,PT2089-골지단품박스_그레이_100-5,5.상품,상품(선급금),Drinkware,Package Parts,(주)청산인쇄,대한민국,국내생산,해당없음,,26년기초,,,,,,0,"1,000",,0,,
PT2106,PT2106-단품박스(스탠다드)_웜그레이_000-27,5.상품,상품(선급금),Drinkware,Package Parts,(주)청산인쇄,대한민국,국내생산,해당없음,클리어 리유저블컵,26년기초,,2022-02-10,,,,11,500,,546,,
PT2377,PT2377-레터링유리머그_투명,5.상품,상품(선급금),Drinkware,Product Parts,주식회사 제이더블유굿즈,중국,해외생산,국내소싱,레터링 유리머그,26년기초,,2022-05-19,,2025-10-31,굿즈졸업,3,"1,000",,#N/A,유리컵,여름
PT2741,PT2741-슈가케인텀블러(360ml)_크림,5.상품,상품(선급금),Drinkware,Product Parts,시티핸즈캄퍼니,스웨덴,해외생산,국내소싱,슈가케인 텀블러,26년기초,,2023-01-09,,,,85,"3,000",,"6,327",텀블러,
PT2742,PT2742-슈가케인스트로우_크림,5.상품,상품(선급금),Drinkware,Product Parts,시티핸즈캄퍼니,스웨덴,해외생산,국내소싱,슈가케인 텀블러,26년기초,,2023-01-09,,,,120,"1,600",,"2,400",텀블러,
PT2817,PT2817-어텐션스포츠보틀,5.상품,상품(선급금),Drinkware,Product Parts,디지탈준,중국,해외생산,국내소싱,어텐션 스포츠 보틀,26년기초,,2023-05-08,,2026-05-13,파츠졸업,29,"1,000",,#N/A,보틀,
PT2824,PT2824-단품박스(스탠다드)_웜그레이,5.상품,상품(선급금),Drinkware,Package Parts,(주)청산인쇄,대한민국,국내생산,해당없음,"어텐션 스포츠 보틀, 미스트 워터보틀, 스탠리 슬림 보틀",26년기초,,2023-05-08,,,,10,500,,570,,
PT3400,PT3400-스탠리데일리텀블러_폴라화이트,5.상품,상품(선급금),Drinkware,Product Parts,주식회사 에벤에셀기업,중국,해외생산,국내소싱,스탠리 데일리 텀블러,26년기초,,2024-10-31,,,,3,30,,"26,800",텀블러,
PT3401,PT3401-스탠리데일리텀블러_해머톤그린,5.상품,상품(선급금),Drinkware,Product Parts,주식회사 에벤에셀기업,중국,해외생산,국내소싱,스탠리 데일리 텀블러,26년기초,,2024-10-31,,,,2,30,,"26,800",텀블러,
PT3854,PT3854-미스트워터보틀_반투명화이트,5.상품,상품(선급금),Drinkware,Product Parts,주식회사 오보틀,중국,해외생산,국내소싱,미스트 워터보틀,26년기초,,2024-02-29,,,,31,"1,000",,"3,812",보틀,
PT3855,PT3855-미스트워터보틀_다크그레이,5.상품,상품(선급금),Drinkware,Product Parts,주식회사 오보틀,중국,해외생산,국내소싱,미스트 워터보틀,26년기초,,2024-02-29,,,,61,"1,000",,"3,812",보틀,
PT3856,PT3856-미스트워터보틀_더스티핑크,5.상품,상품(선급금),Drinkware,Product Parts,주식회사 오보틀,중국,해외생산,국내소싱,미스트 워터보틀,26년기초,,2024-02-29,,,,41,"1,000",,"3,812",보틀,
PT4391,PT4391-스탠리데일리텀블러_매트블랙,5.상품,상품(선급금),Drinkware,Product Parts,주식회사 에벤에셀기업,중국,해외생산,국내소싱,스탠리 데일리 텀블러,26년기초,,2024-10-31,,,,4,30,,"26,800",텀블러,
PT4476,PT4476-스탠리슬림보틀_폴라화이트,5.상품,상품(선급금),Drinkware,Product Parts,주식회사 에벤에셀기업,중국,해외생산,국내소싱,스탠리 슬림 보틀,26년기초,,2024-11-01,,,,4,30,,"29,600",텀블러,
PT4477,PT4477-스탠리슬림보틀_해머톤그린,5.상품,상품(선급금),Drinkware,Product Parts,주식회사 에벤에셀기업,중국,해외생산,국내소싱,스탠리 슬림 보틀,26년기초,,2024-11-01,,,,3,30,,"29,600",텀블러,
PT4478,PT4478-스탠리슬림보틀_매트블랙,5.상품,상품(선급금),Drinkware,Product Parts,주식회사 에벤에셀기업,중국,해외생산,국내소싱,스탠리 슬림 보틀,26년기초,,2024-11-01,,,,3,30,,"29,600",텀블러,
PT4615,PT4615-올데이텀블러_화이트(ver2),5.상품,상품(선급금),Drinkware,Product Parts,강천FNT,중국,해외생산,국내소싱,올데이 텀블러,26년기초,,2024-05-30,,2026-05-13,파츠졸업,45,"3,000",,#N/A,텀블러,
PT0571,PT0571-주의사항표기서(전용)_화이트+디지털풀컬러_000-7,8.수익,소모품비,Drinkware,Package Parts,서울디지털인쇄협동조합,대한민국,국내생산,해당없음,RE:CUP,26년기초,,2020-10-01,,,,9,1,,65,,
PT0950,PT0950-텀블러류지지대(스탠다드)_블랙_000-2,8.수익,소모품비,Drinkware,Package Parts,(주)청산인쇄,대한민국,국내생산,해당없음,스파클링 유리컵,26년기초,,2021-08-23,,2026-02-10,굿즈졸업,0,"1,000",,#N/A,,
PT1354,PT1354-주의사항표기서(전용)_화이트_000-3,8.수익,소모품비,Drinkware,Package Parts,서울디지털인쇄협동조합,대한민국,국내생산,해당없음,아이콘 콜드컵,26년기초,,2020-04-01,,2026-02-10,굿즈졸업,11,"1,000",,#N/A,,
PT1708,PT1708-주의사항표기서(전용)_화이트_000-6_B,8.수익,소모품비,Drinkware,Package Parts,서울디지털인쇄협동조합,대한민국,국내생산,해당없음,페이머스 캡슐보틀,26년기초,,2020-04-01,,,,7,50,,130,,
PT3159,PT3159-주의사항표기서(전용),8.수익,소모품비,Drinkware,Package Parts,서울디지털인쇄협동조합,대한민국,국내생산,해당없음,어텐션 스포츠 보틀,26년기초,,2023-05-08,,2026-05-13,파츠졸업,7,"1,000",,#N/A,,
PT3341,PT3341-원형스티커(전용)_화이트+디지털풀컬러,8.수익,소모품비,Drinkware,Package Parts,서울디지털인쇄협동조합,대한민국,국내생산,해당없음,미스트 워터보틀,26년기초,,2024-02-29,,,,5,"1,000",,120,,
PT4392,PT4392-주의사항표기서(전용),8.수익,소모품비,Drinkware,Package Parts,서울디지털인쇄협동조합,대한민국,국내생산,해당없음,"스탠리 데일리 텀블러, 스탠리 슬림 보틀",26년기초,,2024-10-31,,,,5,"1,000",,90,,
PT1583,PT1583-골지단품박스_그레이_100-2,5.상품,상품(선급금),Drinkware,Package Parts,(주)청산인쇄,대한민국,국내생산,해당없음,"레터링 유리머그, 미니멀 스텐머그",26년기초,,2022-05-19,,,,11,"1,000",,"1,027",,
PT0453,PT0453-단품박스(스탠다드)_웜그레이_000-6,5.상품,상품(선급금),Drinkware,Package Parts,(주)청산인쇄,대한민국,국내생산,해당없음,"MiiR 텀블러, RE:CUP, Carry me 와인잔, 리틀빅 리유저블컵, 슈가케인 텀블러",26년기초,,2020-10-01,,,,10,"1,000",,442,,
PT1695,PT1695-헤링본끈_아이보리_000-1,8.수익,소모품비,Fabric,Package Parts,리본마루,대한민국,국내생산,해당없음,퍼 블랭킷,26년기초,,2019-10-01,,,,12,1,,804,,
PT2717,PT2717-이염방지페이퍼_화이트,8.수익,소모품비,Fabric,Package Parts,효제지업사,대한민국,국내생산,해당없음,굿이너프 비치타월,26년기초,,2018-08-07,,,,0,"3,000",,0,,
PT3334,PT3334-주의사항표기서(전용),8.수익,소모품비,Fabric,Package Parts,서울디지털인쇄협동조합,대한민국,국내생산,해당없음,인마이백 피크닉매트,26년기초,,2024-01-30,,,,0,"1,000",,65,,
PT3335,PT3335-케어라벨(전용)_나일론크로스+블랙인쇄,8.수익,소모품비,Fabric,Package Parts,(주)아이아트텍스,대한민국,국내생산,해당없음,인마이백 피크닉매트,26년기초,,2024-01-30,,,,4,"1,000",,#N/A,,
PT4713,PT4713-브릭스탠드블록세트,5.상품,상품(선급금),Figure,Product Parts,엠알오즈(MROZ),대한민국,국내생산,해당없음,브릭 메모&캘린더 스탠드,26년기초,,2025-07-25,,,,23,"3,000",,"5,000",월드 오브 피규어,
PT4714,PT4714-메모패드,5.상품,상품(선급금),Figure,Product Parts,(주)청산인쇄,대한민국,국내생산,해당없음,브릭 메모&캘린더 스탠드,26년기초,,2025-07-25,,,,10,"3,000",,794,월드 오브 피규어,
PT4715,PT4715-사용설명서(전용)(브릭메모캘린더스탠드),8.수익,소모품비,Figure,Package Parts,서울디지털인쇄협동조합,대한민국,국내생산,해당없음,브릭 메모&캘린더 스탠드,26년기초,,2025-07-25,,,,4,"3,000",,80,,
PT1493,PT1493-오픈박스(스탠다드)(Small)_화이트_100-4,5.상품,상품(선급금),Figure,Package Parts,(주)청산인쇄,대한민국,국내생산,해당없음,"Open 페이퍼박스, 주차번호판 피규어세트, 팝업스토어 피규어 세트, 디스플레이 피규어 세트, 카드트레이 피규어 세트, 브릭 메모&캘린더 스탠드, 브릭 메모&캘린더 스탠드2.0",26년기초,,2020-09-25,,,,11,"1,000",,706,,
PT1517,PT1517-단품박스(스탠다드)_웜그레이_100-4,5.상품,상품(선급금),Figure,Package Parts,(주)청산인쇄,대한민국,국내생산,해당없음,"미니가든 피규어 세트, Carry me 와인잔, 레터링 유리머그",26년기초,,2021-02-23,,,,12,"1,000",,879,,
PT1718,PT1718-샤쉐향(골든뱀부),5.상품,상품(선급금),Fragrance,Product Parts,주식회사 센트온,대한민국,국내생산,해당없음,"페이퍼 샤쉐, 프리미엄 린넨샤쉐",26년기초,,2019-02-12,,,,18,"1,000",,"1,300",샤쉐,
PT1800,PT1800-샤쉐향(화이트타임/구화이트티앤타임),5.상품,상품(선급금),Fragrance,Product Parts,주식회사 센트온,대한민국,국내생산,해당없음,"프리미엄 린넨샤쉐, 페이퍼 샤쉐",26년기초,,2019-02-12,,,,14,"1,000",,"1,300",샤쉐,
PT1803,PT1803-샤쉐향(아쿠아/구.워터풀),5.상품,상품(선급금),Fragrance,Product Parts,주식회사 센트온,대한민국,국내생산,해당없음,"페이퍼 샤쉐, 프리미엄 린넨샤쉐",26년기초,,2019-02-12,,,,18,"1,000",,"1,300",샤쉐,
PT1619,PT1619-펠트패드_화이트,8.수익,소모품비,Fragrance,Product Parts,주식회사 더블에이치,중국,해외생산,국내소싱,클래시 차량용 방향제,26년기초,,2021-08-17,,,,14,"5,000",,600,디퓨저,
PT1719,PT1719-미스트페이퍼봉투_반투명_100-1,8.수익,소모품비,Fragrance,Package Parts,(주)청산인쇄,대한민국,국내생산,해당없음,"페이퍼 샤쉐, 프리미엄 린넨샤쉐",26년기초,,2019-02-12,,,,13,"1,000",,425,,
PT1802,PT1802-헤링본끈_화이트,8.수익,소모품비,Fragrance,Product Parts,유성(구.유성테프),대한민국,국내생산,해당없음,"프리미엄 린넨샤쉐, 페이퍼 샤쉐",26년기초,,2019-02-12,,,,5,"1,000",,65,샤쉐,
PT0400,PT0400-바스켓_리드_그레이,5.상품,상품(선급금),Kit Package,Product Parts,주식회사 이우피앤씨,대한민국,국내생산,해당없음,Basket 패키지,26년기초,,2020-04-09,,,,0,"1,000",,450,플라스틱 박스,
PT0403,PT0403-바스켓_리드_오트밀,5.상품,상품(선급금),Kit Package,Product Parts,주식회사 이우피앤씨,대한민국,국내생산,해당없음,Basket 패키지,26년기초,,2020-04-09,,,,6,"1,000",,450,플라스틱 박스,
PT0404,PT0404-바스켓_바디_오트밀,5.상품,상품(선급금),Kit Package,Product Parts,주식회사 이우피앤씨,대한민국,국내생산,해당없음,Basket 패키지,26년기초,,2020-04-09,,,,0,"1,000",,"1,300",플라스틱 박스,
PT0407,PT0407-바스켓_바디_그레이,5.상품,상품(선급금),Kit Package,Product Parts,주식회사 이우피앤씨,대한민국,국내생산,해당없음,Basket 패키지,26년기초,,2020-04-09,,,,0,"1,000",,"1,300",플라스틱 박스,
PT0475,PT0475-페이퍼G형박스(T)_그레이_100-2,5.상품,상품(선급금),Kit Package,Package Parts,(주)청산인쇄,대한민국,국내생산,해당없음,ECO 페이퍼박스,26년기초,,2021-03-18,,,,12,"1,000",,"3,190",,
PT0477,PT0477-페이퍼G형박스(S)_그레이_100-1,5.상품,상품(선급금),Kit Package,Package Parts,(주)청산인쇄,대한민국,국내생산,해당없음,ECO 페이퍼박스,26년기초,,2021-03-18,,,,12,"1,000",,"1,670",,
PT0534,PT0534-무광스트링파우치(커스텀인쇄)(M)_블랙_200-1,5.상품,상품(선급금),Kit Package,Package Parts,착한포장,대한민국,국내생산,해당없음,Passion 더스트백,26년기초,,2018-10-26,,,,10,"1,000",,439,,
PT0542,PT0542-골지트레이박스_화이트_200-1,5.상품,상품(선급금),Kit Package,Package Parts,주식회사 모아패키지,대한민국,국내생산,해당없음,Quality 슬리브 박스,26년기초,,2019-08-28,,,,13,"1,000",,"1,608",,
PT0543,PT0543-골지트레이박스_블랙_200-1,5.상품,상품(선급금),Kit Package,Package Parts,주식회사 모아패키지,대한민국,국내생산,해당없음,Quality 슬리브 박스,26년기초,,2019-08-28,,,,14,"1,000",,"2,700",,
PT0562,PT0562-코튼스트링파우치(커스텀인쇄)(L)_광목_200-1,5.상품,상품(선급금),Kit Package,Package Parts,성우무역,중국,해외생산,중개소싱,Raw 코튼 파우치,26년기초,,2021-03-22,,,,0,"1,000",,"1,430",,
PT0563,PT0563-코튼스트링파우치(커스텀인쇄)(XL)_광목_200-2,5.상품,상품(선급금),Kit Package,Package Parts,성우무역,중국,해외생산,중개소싱,Raw 코튼 파우치,26년기초,,2021-03-22,,,,24,"1,000",,"1,660",,
PT0576,PT0576-골지트레이박스(스탠다드)_블랙_200-2,5.상품,상품(선급금),Kit Package,Package Parts,(주)청산인쇄,대한민국,국내생산,해당없음,Reinvent 박스,26년기초,,2020-09-09,,,,12,"1,000",,"2,365",,
PT0579,PT0579-슬라이드지퍼백(커스텀인쇄)(Large)_반투명_200-1,5.상품,상품(선급금),Kit Package,Package Parts,착한포장,대한민국,국내생산,해당없음,Simple 슬라이드지퍼백,26년기초,,2018-10-26,,,,6,"1,000",,560,,
PT0580,PT0580-슬라이드지퍼백(커스텀인쇄)(Medium)_반투명_100-3,5.상품,상품(선급금),Kit Package,Package Parts,착한포장,대한민국,국내생산,해당없음,Simple 슬라이드지퍼백,26년기초,,2018-10-26,,,,8,"1,000",,480,,
PT2812,PT2812-골지트레이박스_블랙,5.상품,상품(선급금),Kit Package,Package Parts,주식회사 모아패키지,대한민국,국내생산,해당없음,Tailored 스트랩 박스,26년기초,,2022-09-30,,,,9,500,,"2,880",,
PT2813,PT2813-골지트레이박스_화이트,5.상품,상품(선급금),Kit Package,Package Parts,주식회사 모아패키지,대한민국,국내생산,해당없음,Tailored 스트랩 박스,26년기초,,2022-09-30,,,,0,500,,"1,810",,
PT2814,PT2814-슬리브_블랙,5.상품,상품(선급금),Kit Package,Package Parts,주식회사 모아패키지,대한민국,국내생산,해당없음,Tailored 스트랩 박스,26년기초,,2022-09-30,,,,11,500,,"2,210",,
PT2815,PT2815-슬리브_화이트,5.상품,상품(선급금),Kit Package,Package Parts,주식회사 모아패키지,대한민국,국내생산,해당없음,Tailored 스트랩 박스,26년기초,,2022-09-30,,,,10,500,,"1,545",,
PT2829,PT2829-트레이박스_화이트,5.상품,상품(선급금),Kit Package,Package Parts,주식회사 팩토리비인쇄그룹,국내생산,국내생산,해당없음,Advent 굿즈박스,26년기초,,2023-07-21,,,,7,"1,000",,932,,
PT2844,PT2844-무광스트링파우치(커스텀인쇄)(L)_반투명,5.상품,상품(선급금),Kit Package,Package Parts,착한포장,대한민국,국내생산,해당없음,Passion 더스트백,26년기초,,2018-10-26,,,,10,"1,000",,449,,
PT2853,PT2853-페이퍼G형박스(스탠다드)_블랙,5.상품,상품(선급금),Kit Package,Package Parts,(주)청산인쇄,대한민국,국내생산,해당없음,Stationery 페이퍼박스,26년기초,,2023-09-20,,,,11,"1,000",,"1,150",,
PT3343,PT3343-펄프박스_리드_그레이,5.상품,상품(선급금),Kit Package,Product Parts,(주)포텍,대한민국,국내생산,해당없음,Storage 펄프 박스,26년기초,,2024-04-26,,,,0,"5,000",,"1,183",슬리브박스,
PT3344,PT3344-펄프박스_바디_그레이,5.상품,상품(선급금),Kit Package,Product Parts,(주)포텍,대한민국,국내생산,해당없음,Storage 펄프 박스,26년기초,,2024-04-26,,,,0,"5,000",,"1,962",슬리브박스,
PT3391,PT3391-페이퍼G형박스(Small)_블랙,5.상품,상품(선급금),Kit Package,Package Parts,주식회사 모아패키지,대한민국,국내생산,해당없음,Motion 스탠다드 박스,26년기초,,2024-09-13,,,,0,"1,000",,"2,440",,
PT3392,PT3392-페이퍼G형박스(Tower)_블랙,5.상품,상품(선급금),Kit Package,Package Parts,주식회사 모아패키지,대한민국,국내생산,해당없음,Motion 스탠다드 박스,26년기초,,2024-09-13,,,,9,"1,000",,"3,130",,
PT3393,PT3393-페이퍼G형박스(Wide)_블랙,5.상품,상품(선급금),Kit Package,Package Parts,주식회사 모아패키지,대한민국,국내생산,해당없음,Motion 스탠다드 박스,26년기초,,2024-09-13,,,,0,"1,000",,"1,230",,
PT3394,PT3394-슬리브(전용)(Small)_투명+블랙인쇄,5.상품,상품(선급금),Kit Package,Package Parts,주식회사 모아패키지,대한민국,국내생산,해당없음,"Motion 스탠다드 박스, Motion 커스텀 박스",26년기초,,2024-09-13,,,,0,"1,000",,450,,
PT3395,PT3395-슬리브(전용)(Tower)_투명+블랙인쇄,5.상품,상품(선급금),Kit Package,Package Parts,주식회사 모아패키지,대한민국,국내생산,해당없음,"Motion 스탠다드 박스, Motion 커스텀 박스",26년기초,,2024-09-13,,,,13,"1,000",,470,,
PT3396,PT3396-슬리브(전용)(Wide)_투명+블랙인쇄,5.상품,상품(선급금),Kit Package,Package Parts,주식회사 모아패키지,대한민국,국내생산,해당없음,"Motion 스탠다드 박스, Motion 커스텀 박스",26년기초,,2024-09-13,,,,0,"1,000",,490,,
PT4405,PT4405-하이라이트슬라이드지퍼백(S),5.상품,상품(선급금),Kit Package,Product Parts,착한포장,대한민국,국내생산,해당없음,HighLight 슬라이드 지퍼백,26년기초,,2025-03-21,,,,7,"1,000",,450,지퍼백,
PT4751,PT4751-하이라이트슬라이드지퍼백(M),5.상품,상품(선급금),Kit Package,Product Parts,착한포장,대한민국,국내생산,해당없음,HighLight 슬라이드 지퍼백,26년기초,,2025-03-21,,,,6,"1,000",,540,지퍼백,
PT4752,PT4752-하이라이트슬라이드지퍼백(L),5.상품,상품(선급금),Kit Package,Product Parts,착한포장,대한민국,국내생산,해당없음,HighLight 슬라이드 지퍼백,26년기초,,2025-03-21,,,,6,"1,000",,690,지퍼백,
PT4760,PT4760-골지G형박스(S)_그레이,5.상품,상품(선급금),Kit Package,Package Parts,주식회사 모아패키지,대한민국,국내생산,해당없음,Solid 스탠다드 G형 박스,26년기초,,2020-02-17,,,,15,"1,000",,790,,
PT4761,PT4761-골지G형박스(M)_그레이,5.상품,상품(선급금),Kit Package,Package Parts,주식회사 모아패키지,대한민국,국내생산,해당없음,Solid 스탠다드 G형 박스,26년기초,,2020-02-17,,,,12,"1,000",,"1,030",,
PT0506,PT0506-굿즈박스(스탠다드)_화이트_000-1,8.수익,소모품비,Kit Package,Package Parts,(주)청산인쇄,대한민국,국내생산,해당없음,Open 페이퍼박스,26년기초,,2020-09-25,,,,8,100,,310,,
PT0510,PT0510-종이패드(스탠다드)_블랙_300-1,8.수익,소모품비,Kit Package,Package Parts,(주)청산인쇄,대한민국,국내생산,해당없음,Open 페이퍼박스,26년기초,,2020-09-25,,,,0,100,,957,,
PT0518,PT0518-굿즈박스(스탠다드)_블랙_000-1,8.수익,소모품비,Kit Package,Package Parts,(주)청산인쇄,대한민국,국내생산,해당없음,Open 페이퍼박스,26년기초,,2020-09-25,,,,0,100,,387,,
PT0521,PT0521-종이패드(스탠다드)_화이트_300-1,8.수익,소모품비,Kit Package,Package Parts,(주)청산인쇄,대한민국,국내생산,해당없음,Open 페이퍼박스,26년기초,,2020-09-25,,,,11,100,,510,,
PT0526,PT0526-지지박스(스탠다드)_블랙_000-1,8.수익,소모품비,Kit Package,Package Parts,(주)청산인쇄,대한민국,국내생산,해당없음,Open 페이퍼박스,26년기초,,2020-09-25,,,,5,100,,250,,
PT0529,PT0529-지지박스(스탠다드)_화이트_000-1,8.수익,소모품비,Kit Package,Package Parts,(주)청산인쇄,대한민국,국내생산,해당없음,Open 페이퍼박스,26년기초,,2020-09-25,,,,0,100,,250,,
PT0548,PT0548-텀블러류지지박스_화이트_000-1,8.수익,소모품비,Kit Package,Package Parts,(주)청산인쇄,대한민국,국내생산,해당없음,"Quality 슬리브 박스, Solid 스탠다드 G형 박스, Solid 커스텀 G형 박스",26년기초,,2019-08-28,,,,10,500,,148,,
PT0549,PT0549-텀블러류지지박스_블랙_000-1,8.수익,소모품비,Kit Package,Package Parts,(주)청산인쇄,대한민국,국내생산,해당없음,"Quality 슬리브 박스, Solid 스탠다드 G형 박스, Solid 커스텀 G형 박스",26년기초,,2019-08-28,,,,9,500,,198,,
PT0553,PT0553-노트류지지박스_화이트_100-1,8.수익,소모품비,Kit Package,Package Parts,(주)청산인쇄,대한민국,국내생산,해당없음,Solid 스탠다드 G형 박스,26년기초,,2019-08-28,,,,0,"1,000",,#N/A,,
PT0554,PT0554-노트류지지대(전용)_블랙_100-2,8.수익,소모품비,Kit Package,Package Parts,(주)청산인쇄,대한민국,국내생산,해당없음,"Quality 슬리브 박스, Solid 스탠다드 G형 박스, Solid 커스텀 G형 박스",26년기초,,2019-08-28,,,,7,500,,193,,
PT0555,PT0555-노트류지지대(전용)_화이트_100-2,8.수익,소모품비,Kit Package,Package Parts,(주)청산인쇄,대한민국,국내생산,해당없음,"Quality 슬리브 박스, Solid 스탠다드 G형 박스, Solid 커스텀 G형 박스",26년기초,,2019-08-28,,,,8,500,,208,,
PT0572,PT0572-머그류지지박스(전용)_블랙_000-3,8.수익,소모품비,Kit Package,Package Parts,(주)청산인쇄,대한민국,국내생산,해당없음,Reinvent 박스,26년기초,,2020-09-09,,,,0,"2,000",,,,
PT0575,PT0575-텀블러류지지대(전용)_블랙_000-1,8.수익,소모품비,Kit Package,Package Parts,(주)청산인쇄,대한민국,국내생산,해당없음,Reinvent 박스,26년기초,,2020-09-09,,,,0,"1,000",,,,
PT0578,PT0578-노트류지지대(전용)_블랙_100-1,8.수익,소모품비,Kit Package,Package Parts,(주)청산인쇄,대한민국,국내생산,해당없음,Reinvent 박스,26년기초,,2020-09-09,,,,28,"1,000",,"1,595",,
PT2830,PT2830-지지대_화이트,8.수익,소모품비,Kit Package,Package Parts,주식회사 팩토리비인쇄그룹,대한민국,국내생산,해당없음,Advent 굿즈박스,26년기초,,2023-07-21,,,,0,"1,000",,466,,
PT3345,PT3345-띠지밴드_그레이,8.수익,소모품비,Kit Package,Package Parts,유성(구.유성테프),대한민국,국내생산,해당없음,Storage 펄프 박스,26년기초,,2024-04-26,,,,7,"2,000",,100,,
PT3346,PT3346-머그류지지박스_그레이,8.수익,소모품비,Kit Package,Package Parts,(주)청산인쇄,대한민국,국내생산,해당없음,Storage 펄프 박스,26년기초,,2024-04-26,,,,0,"1,000",,500,,
PT3347,PT3347-텀블러류지지박스_그레이,8.수익,소모품비,Kit Package,Package Parts,(주)청산인쇄,대한민국,국내생산,해당없음,Storage 펄프 박스,26년기초,,2024-04-26,,,,11,"1,000",,340,,
PT3363,PT3363-바닥지_화이트+옵셋풀컬러,8.수익,소모품비,Kit Package,Product Parts,(주)청산인쇄,대한민국,국내생산,해당없음,Storage 펄프 박스,26년기초,,2024-04-26,,,,9,1,,74,슬리브박스,
PT3399,PT3399-지지대(Tower)_블랙,8.수익,소모품비,Kit Package,Package Parts,주식회사 모아패키지,대한민국,국내생산,해당없음,Motion 스탠다드 박스,26년기초,,2024-09-13,,,,0,"1,000",,0,,
PT4753,PT4753-군번줄_블랙,8.수익,소모품비,Kit Package,Package Parts,올댓프린팅,대한민국,국내생산,해당없음,HighLight 슬라이드 지퍼백,26년기초,,2025-03-21,,,,18,"1,000",,90,,
PT5178,PT5178-쇼핑백(S)_블랙,5.상품,상품(선급금),Kit Package,Package Parts,기프트인포 주식회사,대한민국,국내생산,해당없음,블랙쇼핑백,26년기초,,2025-11-26,,,,8,25,,970,,
PT5179,PT5179-쇼핑백(M)_블랙,5.상품,상품(선급금),Kit Package,Package Parts,기프트인포 주식회사,대한민국,국내생산,해당없음,블랙쇼핑백,26년기초,,2025-11-26,,,,6,25,,"1,386",,
PT5180,PT5180-쇼핑백(L)_블랙,5.상품,상품(선급금),Kit Package,Package Parts,기프트인포 주식회사,대한민국,국내생산,해당없음,블랙쇼핑백,26년기초,,2025-11-26,,,,9,25,,"1,524",,
PT2115,PT2115-펠트스트링파우치(커스텀인쇄)_그레이_300-2,8.수익,소모품비,Lifestyle,Package Parts,(주)영일패키지,대한민국,국내생산,해당없음,,26년기초,,,,,,0,"1,000",,589,,
PT0532,PT0532-오픈박스(스탠다드)_블랙_300-1,5.상품,상품(선급금),Kit Package,Package Parts,(주)청산인쇄,대한민국,국내생산,해당없음,모바일 오피스 파우치,26년기초,,2020-08-26,,,,8,"1,000",,#N/A,,
PT0536,PT0536-무광스트링파우치(커스텀인쇄)(M)_반투명_200-1,5.상품,상품(선급금),Drinkware,Package Parts,착한포장,대한민국,국내생산,해당없음,"Passion 더스트백, 아이콘 콜드컵, 클리어 리유저블컵",26년기초,,2018-10-26,,,,6,"1,000",,298,,
PT1109,PT1109-쇼핑백(S)_화이트_200-1,8.수익,소모품비,Kit Package,Package Parts,에이피피몰,중국,해외생산,국내소싱,화이트쇼핑백,26년기초,,2021-06-29,,,,0,50,,0,,
PT1111,PT1111-쇼핑백(M)_화이트_200-2,8.수익,소모품비,Kit Package,Package Parts,에이피피몰,중국,해외생산,국내소싱,화이트쇼핑백,26년기초,,2021-06-29,,,,3,50,,0,,
PT4762,PT4762-골지G형박스(L)_그레이,5.상품,상품(선급금),Kit Package,Package Parts,주식회사 모아패키지,대한민국,국내생산,해당없음,"Solid 스탠다드 G형 박스, 브랜디드 타월",26년기초,,2020-02-17,,,,13,"1,000",,"1,450",,
PT0557,PT0557-머그류지지박스_화이트_000-2,8.수익,소모품비,Kit Package,Package Parts,(주)청산인쇄,대한민국,국내생산,해당없음,"Quality 슬리브 박스, Solid 스탠다드 G형 박스, Solid 커스텀 G형 박스",26년기초,,2019-08-28,,,,10,500,,374,,
PT0558,PT0558-머그류지지박스_블랙_000-2,8.수익,소모품비,Kit Package,Package Parts,(주)청산인쇄,대한민국,국내생산,해당없음,"Quality 슬리브 박스, Solid 스탠다드 G형 박스, Solid 커스텀 G형 박스",26년기초,,2019-08-28,,,,0,500,,484,,
PT1136,PT1136-스탠드업칫솔_화이트,5.상품,상품(선급금),Lifestyle,Product Parts,(주)이케이비전,대한민국,국내생산,해당없음,스탠드-업 칫솔,26년기초,,2019-08-26,,,,10,"1,000",,"1,700",구강관리,
PT1139,PT1139-슬라이드지퍼백(커스텀인쇄)_투명_200-2,5.상품,상품(선급금),Lifestyle,Package Parts,착한포장,대한민국,국내생산,해당없음,스탠드-업 칫솔,26년기초,,2019-08-26,,,,11,"1,000",,335,,
PT1373,PT1373-유광덮개파우치_투명_000-2,5.상품,상품(선급금),Lifestyle,Package Parts,착한포장,대한민국,국내생산,해당없음,"애드온 뱃지, 마그넷 오프너",26년기초,,2020-10-19,,,,9,"1,000",,190,,
PT1753,PT1753-프라우드투톤명함지갑_블랙,5.상품,상품(선급금),Lifestyle,Product Parts,엔엠텍코리아주식회사,대한민국,국내생산,해당없음,프라우드 투톤 명함지갑,26년기초,,2021-09-06,,,,17,500,,"5,250",명함지갑,
PT1779,PT1779-골프공(타이틀리스트프로V1),5.상품,상품(선급금),Lifestyle,Product Parts,(주)바른스포츠,태국,해외생산,국내소싱,"프레젠트 골프공 3구, 에디션 골프공 & 볼마커 6구 세트",26년기초,,2021-02-05,,,,6,12,,"5,207",골프,봄가을
PT2117,PT2117-생분해펄프화분(전용)_브라운,5.상품,상품(선급금),Lifestyle,Package Parts,성우무역,중국,해외생산,중개소싱,스타트 씨드키트,26년기초,,2022-02-25,,,,11,100,,200,,
PT2143,PT2143-린넨메쉬스트링파우치(S.비누망),5.상품,상품(선급금),Lifestyle,Package Parts,바네사381,중국,해외생산,국내소싱,낫씽 설거지비누,26년기초,,2022-03-30,,,,26,"1,000",,"1,450",,
PT2152,PT2152-비누트레이(천연수세미),5.상품,상품(선급금),Lifestyle,Product Parts,"Anhui Highkey Import& Export Co., Ltd",중국,해외생산,직소싱,낫씽 설거지비누,26년기초,,2022-03-30,,,,0,"1,000",,390,세제,
PT2161,PT2161-설거지비누(플레인110g.스탠다드),5.상품,상품(선급금),Lifestyle,Product Parts,"제로코리아 주식회사(ZERO KOREA Co. , Ltd)",대한민국,국내생산,해당없음,낫씽 설거지비누,26년기초,,2022-03-30,,,,0,500,,"2,380",세제,
PT2183,PT2183-단품박스(스탠다드)_웜그레이_000_28,5.상품,상품(선급금),Lifestyle,Package Parts,(주)청산인쇄,대한민국,국내생산,해당없음,리프레쉬 고체치약,26년기초,,2022-04-29,,2026-02-10,굿즈졸업,0,"1,000",,#N/A,,
PT2242,PT2242-포터블캠핑롤테이블(세트_본품및파우치)_블랙,5.상품,상품(선급금),Lifestyle,Product Parts,(주)주니어 빌리지,중국,해외생산,중개소싱,포터블 피크닉 롤테이블,26년기초,,2022-04-13,,,,16,"1,000",,"10,110",캠핑,봄가을
PT2243,PT2243-레더라벨캠핑체어(세트_본품및파우치)_블랙,5.상품,상품(선급금),Lifestyle,Product Parts,에스앤코(SN Co.),중국,해외생산,중개소싱,레더라벨 캠핑체어,26년기초,,2022-04-07,,,,0,"1,000",,"16,818",캠핑,봄가을
PT2268,PT2268-레더라벨캠핑체어(세트_본품및파우치)_베이지,5.상품,상품(선급금),Lifestyle,Product Parts,에스앤코(SN Co.),중국,해외생산,중개소싱,레더라벨 캠핑체어,26년기초,,2022-04-07,,,,31,"1,000",,"16,818",캠핑,봄가을
PT2391,PT2391-단품박스(스탠다드)_웜그레이_000-28,5.상품,상품(선급금),Lifestyle,Package Parts,(주)청산인쇄,대한민국,국내생산,해당없음,낫씽 설거지비누,26년기초,,2022-03-30,,,,0,"1,000",,620,,
PT2405,PT2405-베케이션여권케이스,5.상품,상품(선급금),Lifestyle,Product Parts,엔엠텍코리아주식회사,대한민국,국내생산,해당없음,베케이션 여권케이스,26년기초,,2022-06-15,,,,14,"1,000",,"4,100",여권케이스,
PT2822,PT2822-레디고런치박스_본품,5.상품,상품(선급금),Lifestyle,Product Parts,(주)이지앤,대한민국,국내생산,해당없음,레디고 런치박스,26년기초,,2023-03-24,,2026-03-23,굿즈졸업,10,0,,#N/A,도시락,
PT2823,PT2823-레디고런치박스_투명캡,5.상품,상품(선급금),Lifestyle,Product Parts,(주)이지앤,대한민국,국내생산,해당없음,레디고 런치박스,26년기초,,2023-03-24,,2026-03-23,굿즈졸업,8,0,,#N/A,도시락,
PT2826,PT2826-아쿠아스노클링마스크(세트_본품및파우치),5.상품,상품(선급금),Lifestyle,Product Parts,(주)에스오피,중국,해외생산,국내소싱,아쿠아 마스크,26년기초,,2023-05-26,,,,0,0,,"15,941",,여름
PT2832,PT2832-올웨이즈양우산(세트_본품및케이스)_블랙,5.상품,상품(선급금),Lifestyle,Product Parts,성우무역,중국,해외생산,중개소싱,올웨이즈 양우산,26년기초,,2023-08-08,,2026-04-13,파츠졸업,42,"5,000",,#N/A,우산,
PT3205,PT3205-바이브캠핑쿨러,5.상품,상품(선급금),Lifestyle,Product Parts,주식회사 유경,대한민국,국내생산,해당없음,바이브 캠핑쿨러,26년기초,,2023-06-09,,,,24,50,,"10,567",캠핑,여름
PT3323,PT3323-페이퍼G형박스(전용)_웜그레이+블랙인쇄,5.상품,상품(선급금),Lifestyle,Package Parts,(주)청산인쇄,대한민국,국내생산,해당없음,위시 오브제 캔들,26년기초,,2023-10-17,,,,10,,,"1,020",,
PT3325,PT3325-리마커블UV칫솔살균기(C타입),5.상품,상품(선급금),Lifestyle,Product Parts,비투비 커머스,중국,해외생산,중개소싱,리마커블 칫솔살균기,26년기초,,2022-01-28,,,,27,"2,000",,"8,364",구강가전,
PT3330,PT3330-칫솔케이스(커스텀인쇄)_투명,5.상품,상품(선급금),Lifestyle,Package Parts,도매박스&뉴제이스포츠,중국,해외생산,국내소싱,스탠드-업 칫솔,26년기초,,2019-08-26,,,,7,450,,326,,
PT4239,PT4239-리프레쉬고체치약(쿨민트.50정),5.상품,상품(선급금),Lifestyle,Product Parts,(주)성원제약,대한민국,국내생산,해당없음,리프레쉬 고체치약,26년기초,,2022-04-29,,,,22,0,,"3,420",,
PT4708,PT4708-3단자동우산_블랙,5.상품,상품(선급금),Lifestyle,Product Parts,"XIAMEN HONGJIA INDUSTRY CO.,LTD",중국,해외생산,직소싱,어드벤스 3단 자동우산,26년기초,,2025-08-12,,,,35,"2,000",,"7,800",우산,
PT4732,PT4732-클로저휴대폰스트랩_블랙,5.상품,상품(선급금),Lifestyle,Product Parts,Shenzhen Xinyixin Technology Co Ltd,중국,해외생산,직소싱,클로저 휴대폰 스트랩,26년기초,,2025-11-05,,,,4,"3,000",,"1,708",모바일 악세사리,
PT4766,PT4766-브랜디드타월_화이트,5.상품,상품(선급금),Lifestyle,Product Parts,유노타월 유노디자인,대한민국,국내생산,해당없음,브랜디드 타월,26년기초,,2025-05-23,,,,8,"1,000",,"3,662",타월,
PT4767,PT4767-브랜디드타월_그레이,5.상품,상품(선급금),Lifestyle,Product Parts,유노타월 유노디자인,대한민국,국내생산,해당없음,브랜디드 타월,26년기초,,2025-05-23,,,,9,"1,000",,"3,662",타월,
PT4768,PT4768-EVA파우치(전용)_반투명,5.상품,상품(선급금),Lifestyle,Package Parts,"ZHEJIANG CHUANCHENG PACKAGING PRODUCTS CO.,LIMITED",중국,해외생산,직소싱,브랜디드 타월,26년기초,,2025-05-23,,,,3,"5,000",,"1,175",,
PT1017,PT1017-펠트봉투(커스텀인쇄)_화이트_000-1,8.수익,소모품비,Lifestyle,Package Parts,더패키징,대한민국,국내생산,해당없음,브랜드 스트랩 단우산,26년기초,,2019-09-27,,,,15,"1,000",,109,,
PT2118,PT2118-택끈_카키_000-2,8.수익,소모품비,Lifestyle,Package Parts,유성(구.유성테프),대한민국,국내생산,해당없음,스타트 씨드키트,26년기초,,2022-02-25,,,,5,"1,000",,78,,
PT2125,PT2125-스포이드(1.2ml)_반투명,8.수익,소모품비,Lifestyle,Product Parts,현일에스앤피랩,중국,해외생산,국내소싱,스타트 씨드키트,26년기초,,2022-02-25,,,,2,1,,20,가드닝,
PT2163,PT2163-주의사항표기서(전용)(110g),8.수익,소모품비,Lifestyle,Package Parts,(주)청산인쇄,대한민국,국내생산,해당없음,낫씽 설거지비누,26년기초,,2022-03-30,,,,0,"1,000",,80,,
PT2267,PT2267-주의사항표기서(전용)(200g),8.수익,소모품비,Lifestyle,Package Parts,(주)청산인쇄,대한민국,국내생산,해당없음,낫씽 설거지비누,26년기초,,2022-03-30,,,,0,"1,000",,320,,
PT2283,PT2283-주의사항표기서(전용)_화이트_100-3,8.수익,소모품비,Lifestyle,Package Parts,서울디지털인쇄협동조합,대한민국,국내생산,해당없음,레더라벨 캠핑체어,26년기초,,2022-04-07,,,,9,100,,90,,
PT2293,PT2293-주의사항표기서(전용)_화이트_100-2,8.수익,소모품비,Lifestyle,Package Parts,서울디지털인쇄협동조합,대한민국,국내생산,해당없음,포터블 피크닉 롤테이블,26년기초,,2022-04-13,,,,5,1,,90,,
PT2330,PT2330-골지패드(고정용지지대)_400-1,8.수익,소모품비,Lifestyle,Package Parts,(주)청산인쇄,대한민국,국내생산,해당없음,스타트 씨드키트,26년기초,,2022-02-25,,,,0,"50,000",,0,,
PT2331,PT2331-골지패드(간지)_400-1,8.수익,소모품비,Lifestyle,Package Parts,(주)청산인쇄,대한민국,국내생산,해당없음,스타트 씨드키트,26년기초,,2022-02-25,,,,0,"50,000",,15,,
PT2825,PT2825-주의사항표기서(전용),8.수익,소모품비,Lifestyle,Package Parts,서울디지털인쇄협동조합,대한민국,국내생산,해당없음,레디고 런치박스,26년기초,,2023-03-24,,2026-03-23,굿즈졸업,7,"1,000",,#N/A,,
PT2831,PT2831-주의사항스티커(전용)_화이트+디지털풀컬러,8.수익,소모품비,Lifestyle,Package Parts,주식회사 케이원랩(KWON LAB),대한민국,국내생산,해당없음,바이브 캠핑쿨러,26년기초,,2023-06-09,,,,11,"1,000",,200,,
PT2846,PT2846-배송용박스,8.수익,소모품비,Lifestyle,Package Parts,우리포장,대한민국,국내생산,해당없음,바이브 캠핑쿨러,26년기초,,2023-06-09,,,,4,500,,"1,290",,
PT2848,PT2848-주의사항표기택(전용)_화이트+디지털풀컬러,8.수익,소모품비,Lifestyle,Package Parts,서울디지털인쇄협동조합,대한민국,국내생산,해당없음,트래블 2in1 목베개,26년기초,,2023-09-21,,,,3,"1,000",,290,,
PT3175,PT3175-주의사항표기서(전용)_화이트+디지털풀컬러,8.수익,소모품비,Lifestyle,Package Parts,서울디지털인쇄협동조합,대한민국,국내생산,해당없음,아쿠아 마스크,26년기초,,2023-05-26,,,,0,"1,000",,90,,
PT3324,PT3324-주의사항표기서(전용)_화이트+디지털풀컬러,8.수익,소모품비,Lifestyle,Package Parts,서울디지털인쇄협동조합,대한민국,국내생산,해당없음,위시 오브제 캔들,26년기초,,2023-10-17,,,,12,"1,000",,90,,
PT3369,PT3369-홀리데이네임택_삽지(스탠다드)_화이트+디지털풀컬러,8.수익,소모품비,Lifestyle,Product Parts,서울디지털인쇄협동조합,대한민국,국내생산,해당없음,홀리데이 네임택,26년기초,,2024-06-21,,,,5,"1,000",,150,네임택,
PT4709,PT4709-단품박스(전용),8.수익,소모품비,Lifestyle,Package Parts,"XIAMEN HONGJIA INDUSTRY CO.,LTD",중국,해외생산,직소싱,어드벤스 3단 자동우산,26년기초,,2025-08-12,,,,0,"2,000",,420,,
PT4750,PT4750-핸드폰보호필름,8.수익,소모품비,Lifestyle,Product Parts,Shenzhen Xinyixin Technology Co Ltd,중국,해외생산,직소싱,클로저 휴대폰 스트랩,26년기초,,2025-11-05,,,,0,"3,000",,,모바일 악세사리,
PT4791,PT4791-블리스터(전용),8.수익,소모품비,Lifestyle,Package Parts,"Shenzhen Xin Hong Yang Packaging Products Co., Ltd.",중국,해외생산,직소싱,클로저 휴대폰 스트랩,26년기초,,2025-11-05,,,,3,"3,000",,720,,
PT1780,PT1780-쇼핑백_화이트_200-3,8.수익,소모품비,Lifestyle,Package Parts,민영종합상사,중국,해외생산,국내소싱,"프레젠트 골프공 3구, 클래시 차량용 방향제, 에디션 골프공 & 볼마커 6구 세트",26년기초,,2021-02-05,,,,3,"1,000",,800,,
PT2187,PT2187-린넨메쉬스트링파우치(스탠다드)(M),5.상품,상품(선급금),Lifestyle,Package Parts,성우무역,중국,해외생산,중개소싱,"리프레쉬 고체치약, 린넨메쉬스트링파우치, 라운드 밤부 칫솔",26년기초,,2021-05-19,,,,17,"3,000",,"1,300",,
PT2294,PT2294-펠트백(스탠다드)_블랙_400-1,5.상품,상품(선급금),Lifestyle,Package Parts,기프트인포 주식회사,대한민국,국내생산,해당없음,"레더라벨 캠핑체어, 포터블 피크닉 롤테이블, 펠트백",26년기초,,2022-04-07,,,,4,100,,"1,240",,
PT1073,PT1073-펠트스트링파우치(커스텀인쇄)_그레이_300-1,8.수익,소모품비,Lifestyle,Package Parts,(주)영일패키지,대한민국,국내생산,해당없음,"프리미엄 스트링 후드집업, 메시지 캐리어 파우치, 트래블 2in1 목베개, 웜업 스트링 후드집업, 슬로건 맨투맨",26년기초,,2020-11-18,,,,10,"1,000",,558,,
PT1729,PT1729-펠트스트링파우치(커스텀인쇄)_그레이_200-1,8.수익,소모품비,Lifestyle,Package Parts,(주)영일패키지,대한민국,국내생산,해당없음,"포시즌 블랭킷, 메시지 캐리어 파우치",26년기초,,2020-12-08,,,,15,"1,000",,453,,
PT5069,PT5069-블리스터(전용)_투명,8.수익,소모품비,Safety,Package Parts,평화산업,대한민국,국내생산,해당없음,아임히어 리플렉터 키링,26년기초,,2025-08-26,,,,11,"5,000",,445,,
PT0712,PT0712-내추럴노트_커버_그레이,5.상품,상품(선급금),Stationery,Product Parts,주식회사 디자인오엔,대한민국,국내생산,해당없음,내추럴 노트,26년기초,,2021-08-09,,,,21,"3,000",,"1,339",노트,겨울
PT0715,PT0715-내추럴노트_내지(무지.줄)_화이트,5.상품,상품(선급금),Stationery,Product Parts,주식회사 디자인오엔,대한민국,국내생산,해당없음,내추럴 노트,26년기초,,2021-08-09,,,,21,"1,000",,"1,791",노트,겨울
PT0721,PT0721-내추럴노트_내지(만년)_화이트+블랙인쇄,5.상품,상품(선급금),Stationery,Product Parts,주식회사 디자인오엔,대한민국,국내생산,해당없음,내추럴 노트,26년기초,,2021-08-09,,,,21,"1,000",,"1,858",노트,겨울
PT0832,PT0832-레더스킨다이어리_그레이,5.상품,상품(선급금),Stationery,Product Parts,주식회사 디자인오엔,대한민국,국내생산,해당없음,레더스킨 다이어리,26년기초,,2021-08-03,,,,9,"5,000",,"6,400",다이어리,겨울
PT0833,PT0833-레더스킨다이어리_블랙,5.상품,상품(선급금),Stationery,Product Parts,주식회사 디자인오엔,대한민국,국내생산,해당없음,레더스킨 다이어리,26년기초,,2021-08-03,,,,17,"5,000",,"6,400",다이어리,겨울
PT1030,PT1030-브랜드잇_내지(무지),5.상품,상품(선급금),Stationery,Product Parts,주식회사 에이엠씨,대한민국,국내생산,해당없음,브랜드-잇,26년기초,,2018-12-04,,,,9,"1,000",,450,포스트잇,
PT1093,PT1093-유광덮개파우치_투명_000-3,5.상품,상품(선급금),Stationery,Package Parts,착한포장,대한민국,국내생산,해당없음,"센텐스 펜, 스펙트럼 컬러펜, 트리플 컬러펜 | JETSTREAM, 아이콘 펜, 와이드클립 펜, 라이트 샤오미펜",26년기초,,2019-02-25,,,,7,"1,000",,250,,
PT1116,PT1116-슈가케인펜_그린,5.상품,상품(선급금),Stationery,Product Parts,RD상사(세나토코리아),독일,해외생산,국내소싱,슈가케인 펜,26년기초,,2021-05-21,,,,5,"1,000",,"2,100",펜,
PT1125,PT1125-슈가케인펜_화이트,5.상품,상품(선급금),Stationery,Product Parts,RD상사(세나토코리아),독일,해외생산,국내소싱,슈가케인 펜,26년기초,,2021-05-21,,,,5,"1,000",,"2,100",펜,
PT1197,PT1197-스펙트럼컬러펜(블랙잉크)_화이트,5.상품,상품(선급금),Stationery,Product Parts,엘바 (ELVA),중국,해외생산,국내소싱,스펙트럼 컬러펜,26년기초,,2019-02-25,,,,3,100,,909,펜,
PT1201,PT1201-스펙트럼컬러펜(블랙잉크)_블랙,5.상품,상품(선급금),Stationery,Product Parts,엘바 (ELVA),중국,해외생산,국내소싱,스펙트럼 컬러펜,26년기초,,2019-02-25,,,,4,100,,909,펜,
PT1236,PT1236-슬로건다이어리_그레이,5.상품,상품(선급금),Stationery,Product Parts,(주)청산인쇄,대한민국,국내생산,해당없음,슬로건 다이어리,26년기초,,2018-08-01,,,,22,"1,000",,"4,551",다이어리,겨울
PT1239,PT1239-슬로건다이어리_블랙,5.상품,상품(선급금),Stationery,Product Parts,(주)청산인쇄,대한민국,국내생산,해당없음,슬로건 다이어리,26년기초,,2018-08-01,,,,22,"1,000",,"4,281",다이어리,겨울
PT1464,PT1464-올블랙펜_매트블랙,5.상품,상품(선급금),Stationery,Product Parts,엘바 (ELVA),중국,해외생산,국내소싱,올 블랙 펜,26년기초,,2019-08-23,,,,3,100,,"1,727",펜,
PT1569,PT1569-컬러풀노트패드_블랙,5.상품,상품(선급금),Stationery,Product Parts,(주)청산인쇄,대한민국,국내생산,해당없음,컬러풀 노트패드(블랙),26년기초,,2019-04-01,,,,12,"1,000",,"1,595",메모패드,
PT2248,PT2248-아트워크레더다이어리_커버_화이트,5.상품,상품(선급금),Stationery,Product Parts,엔엠텍코리아주식회사,대한민국,국내생산,해당없음,아트워크 레더 다이어리,26년기초,,2022-07-25,,,,17,"1,000",,"3,400",다이어리,겨울
PT2250,PT2250-아트워크레더다이어리_내지(만년),5.상품,상품(선급금),Stationery,Product Parts,(주)청산인쇄,대한민국,국내생산,해당없음,아트워크 레더 다이어리,26년기초,,2022-07-25,,,,23,"3,000",,"2,692",다이어리,겨울
PT2472,PT2472-트리플컬러펜_블랙,5.상품,상품(선급금),Stationery,Product Parts,미쓰비시연필한국판매 주식회사,일본,해외생산,국내소싱,트리플 컬러펜 | JETSTREAM,26년기초,,2022-07-14,,,,13,500,,"3,800",펜,
PT2473,PT2473-트리플컬러펜_그레이지,5.상품,상품(선급금),Stationery,Product Parts,미쓰비시연필한국판매 주식회사,일본,해외생산,국내소싱,트리플 컬러펜 | JETSTREAM,26년기초,,2022-07-14,,,,11,500,,"3,800",펜,
PT2802,PT2802-아이콘펜(바디)_화이트,5.상품,상품(선급금),Stationery,Product Parts,성우무역,중국,해외생산,중개소싱,아이콘 펜,26년기초,,2022-09-20,,,,12,"3,000",,430,펜,
PT2809,PT2809-덮개박스(스탠다드)(FSC라벨삽입)_화이트,5.상품,상품(선급금),Stationery,Package Parts,(주)청산인쇄,대한민국,국내생산,해당없음,"페이퍼링 캘린더, 썸네일 캘린더",26년기초,,2021-09-03,,,,16,"1,000",,920,,
PT2811,PT2811-덮개박스(스탠다드)_블랙,5.상품,상품(선급금),Stationery,Package Parts,(주)청산인쇄,대한민국,국내생산,해당없음,"썸네일 캘린더, 페이퍼링 캘린더",26년기초,,2021-09-03,,,,11,"1,000",,"1,200",,
PT2834,PT2834-퀵버튼링노트_종이커버(앞표지)_화이트+블랙인쇄,5.상품,상품(선급금),Stationery,Product Parts,(주)청산인쇄,대한민국,국내생산,해당없음,퀵 버튼링 노트,26년기초,,2023-09-04,,,,19,"1,000",,230,노트,
PT2836,PT2836-버튼링_반투명,5.상품,상품(선급금),Stationery,Product Parts,"Dongguan City Newway Stationery Co., Limited",중국,해외생산,직소싱,퀵 버튼링 노트,26년기초,,2023-09-04,,,,7,"2,000",,255,노트,
PT2839,PT2839-프라우드메모패드_커버_블랙,5.상품,상품(선급금),Stationery,Product Parts,엔엠텍코리아주식회사,대한민국,국내생산,해당없음,프라우드 메모패드,26년기초,,2023-08-28,,,,13,100,,"4,550",메모패드,
PT2841,PT2841-리갈패드_옐로우,5.상품,상품(선급금),Stationery,Product Parts,엔엠텍코리아주식회사,중국,해외생산,국내소싱,프라우드 메모패드,26년기초,,2023-08-28,,,,9,100,,482,메모패드,
PT2852,PT2852-퀵버튼링노트_내지세트,5.상품,상품(선급금),Stationery,Product Parts,(주)청산인쇄,대한민국,국내생산,해당없음,퀵 버튼링 노트,26년기초,,2023-09-04,,,,19,"1,000",,"3,000",노트,
PT2962,PT2962-아이콘펜(클립)_화이트,5.상품,상품(선급금),Stationery,Product Parts,성우무역,중국,해외생산,중개소싱,아이콘 펜,26년기초,,2022-09-20,,,,0,"3,000",,20,펜,
PT3321,PT3321-밸류보드다이어리(에스카보드),5.상품,상품(선급금),Stationery,Product Parts,(주)청산인쇄,대한민국,국내생산,해당없음,밸류보드 다이어리,26년기초,,2020-08-06,,,,0,"1,000",,"3,980",다이어리,겨울
PT3322,PT3322-퀵버튼링노트_종이커버(뒷표지.무지)_화이트,5.상품,상품(선급금),Stationery,Product Parts,(주)청산인쇄,대한민국,국내생산,해당없음,퀵 버튼링 노트,26년기초,,2023-09-04,,,,19,"1,000",,,노트,
PT3329,PT3329-슈가케인펜_쿨그레이,5.상품,상품(선급금),Stationery,Product Parts,RD상사(세나토코리아),독일,해외생산,국내소싱,슈가케인 펜,26년기초,,2021-05-21,,,,0,300,,"2,100",펜,
PT3365,PT3365-와이드클립펜_올블랙,5.상품,상품(선급금),Stationery,Product Parts,(주)피알판촉,중국,해외생산,국내소싱,와이드클립 펜,26년기초,,2024-06-11,,,,9,"2,000",,825,펜,
PT3366,PT3366-와이드클립펜_화이트,5.상품,상품(선급금),Stationery,Product Parts,(주)피알판촉,중국,해외생산,국내소싱,와이드클립 펜,26년기초,,2024-06-11,,,,7,"2,000",,825,펜,
PT4400,PT4400-라이트샤오미펜_화이트,5.상품,상품(선급금),Stationery,Product Parts,(주)영인기프트,중국,해외생산,국내소싱,라이트 샤오미펜,26년기초,,2024-12-26,,,,3,"1,000",,530,펜,
PT4716,PT4716-밸류메모큐브(ver2)(점착.S),5.상품,상품(선급금),Stationery,Product Parts,주식회사 에이엠씨,대한민국,국내생산,해당없음,밸류 메모큐브,26년기초,,2021-04-30,,,,3,500,,"1,920",포스트잇,
PT4717,PT4717-밸류메모큐브(ver2)(점착.M),5.상품,상품(선급금),Stationery,Product Parts,주식회사 에이엠씨,대한민국,국내생산,해당없음,밸류 메모큐브,26년기초,,2021-04-30,,,,6,500,,"3,900",포스트잇,
PT4718,PT4718-밸류메모큐브(ver2)(비점착.S),5.상품,상품(선급금),Stationery,Product Parts,주식회사 에이엠씨,대한민국,국내생산,해당없음,밸류 메모큐브,26년기초,,2021-04-30,,,,6,500,,900,포스트잇,
PT4719,PT4719-밸류메모큐브(ver2)(비점착.M),5.상품,상품(선급금),Stationery,Product Parts,주식회사 에이엠씨,대한민국,국내생산,해당없음,밸류 메모큐브,26년기초,,2021-04-30,,,,6,500,,"1,730",포스트잇,
PT4882,PT4882-시그니처다이어리(2합)_블랙,5.상품,상품(선급금),Stationery,Product Parts,주식회사 디자인오엔,대한민국,국내생산,해당없음,시그니처 다이어리,26년기초,,2024-07-19,,,,24,"1,000",,"6,200",다이어리,겨울
PT4883,PT4883-시그니처다이어리(2합)_라이트그레이,5.상품,상품(선급금),Stationery,Product Parts,주식회사 디자인오엔,대한민국,국내생산,해당없음,시그니처 다이어리,26년기초,,2024-07-19,,,,19,"1,000",,"6,200",다이어리,겨울
PT4986,PT4986-페이퍼G형박스(전용)(몰스킨)_블랙,5.상품,상품(선급금),Stationery,Package Parts,주식회사 모아패키지,대한민국,국내생산,해당없음,"몰스킨 2026 다이어리, 몰스킨 데일리 노트",26년기초,,2025-08-05,,,,6,"1,000",,"1,360",,
PT0859,PT0859-리유저블캘린더_밴드_그레이,8.수익,소모품비,Stationery,Product Parts,유성(구.유성테프),대한민국,국내생산,해당없음,"리유저블 캘린더, 테스트",26년기초,,2021-09-13,,,,10,"1,000",,120,,
PT0947,PT0947-씬페이퍼봉투_화이트_100-4,8.수익,소모품비,Stationery,Package Parts,주식회사 디자인오엔,대한민국,국내생산,해당없음,"내추럴 노트, 밸류보드 다이어리",26년기초,,2020-08-06,,,,17,"14,000",,36,,
PT0948,PT0948-씬페이퍼봉투_화이트_100-2,8.수익,소모품비,Stationery,Package Parts,주식회사 디자인오엔,대한민국,국내생산,해당없음,"리유저블 캘린더, 테스트",26년기초,,2021-09-13,,,,0,"14,000",,36,,
PT1560,PT1560-지지대_그레이_100-1,8.수익,소모품비,Stationery,Package Parts,(주)청산인쇄,대한민국,국내생산,해당없음,슈가케인 펜,26년기초,,2021-05-21,,,,8,"1,000",,132,,
PT2805,PT2805-씬페이퍼봉투_화이트,8.수익,소모품비,Stationery,Package Parts,주식회사 디자인오엔,대한민국,국내생산,해당없음,페이퍼링 캘린더,26년기초,,2022-08-26,,,,0,"14,000",,58,,
PT2837,PT2837-주의사항표기서(전용)_화이트+블랙인쇄,8.수익,소모품비,Stationery,Package Parts,서울디지털인쇄협동조합,대한민국,국내생산,해당없음,퀵 버튼링 노트,26년기초,,2023-09-04,,,,4,"1,000",,90,,
PT3373,PT3373-시그니처다이어리_밴드_기본검정,8.수익,소모품비,Stationery,Product Parts,유성(구.유성테프),대한민국,국내생산,해당없음,"시그니처 다이어리, 시그니처 다이어리",26년기초,,2024-07-19,,,,6,1,,290,,
PT3375,PT3375-시그니처다이어리_밴드_6.핑크,8.수익,소모품비,Stationery,Product Parts,유성(구.유성테프),대한민국,국내생산,해당없음,"시그니처 다이어리, 시그니처 다이어리",26년기초,,2024-07-19,,,,7,1,,290,,
PT3376,PT3376-시그니처다이어리_밴드_9.주황,8.수익,소모품비,Stationery,Product Parts,유성(구.유성테프),대한민국,국내생산,해당없음,"시그니처 다이어리, 시그니처 다이어리",26년기초,,2024-07-19,,,,6,1,,290,,
PT3377,PT3377-시그니처다이어리_밴드_20.빨강,8.수익,소모품비,Stationery,Product Parts,유성(구.유성테프),대한민국,국내생산,해당없음,"시그니처 다이어리, 시그니처 다이어리",26년기초,,2024-07-19,,,,5,1,,290,,
PT3378,PT3378-시그니처다이어리_밴드_22.보라,8.수익,소모품비,Stationery,Product Parts,유성(구.유성테프),대한민국,국내생산,해당없음,"시그니처 다이어리, 시그니처 다이어리",26년기초,,2024-07-19,,,,7,1,,290,,
PT3379,PT3379-시그니처다이어리_밴드_25.파랑,8.수익,소모품비,Stationery,Product Parts,유성(구.유성테프),대한민국,국내생산,해당없음,"시그니처 다이어리, 시그니처 다이어리",26년기초,,2024-07-19,,,,6,1,,290,,
PT3380,PT3380-시그니처다이어리_밴드_26.네이비,8.수익,소모품비,Stationery,Product Parts,유성(구.유성테프),대한민국,국내생산,해당없음,"시그니처 다이어리, 시그니처 다이어리",26년기초,,2024-07-19,,,,7,1,,290,,
PT3381,PT3381-시그니처다이어리_밴드_32.하늘색,8.수익,소모품비,Stationery,Product Parts,유성(구.유성테프),대한민국,국내생산,해당없음,"시그니처 다이어리, 시그니처 다이어리",26년기초,,2024-07-19,,,,6,1,,290,,
PT3382,PT3382-시그니처다이어리_밴드_34.연두,8.수익,소모품비,Stationery,Product Parts,유성(구.유성테프),대한민국,국내생산,해당없음,"시그니처 다이어리, 시그니처 다이어리",26년기초,,2024-07-19,,,,6,1,,290,,
PT3383,PT3383-시그니처다이어리_밴드_37.초록,8.수익,소모품비,Stationery,Product Parts,유성(구.유성테프),대한민국,국내생산,해당없음,"시그니처 다이어리, 시그니처 다이어리",26년기초,,2024-07-19,,,,5,1,,290,,
PT3384,PT3384-시그니처다이어리_밴드_52.그레이,8.수익,소모품비,Stationery,Product Parts,유성(구.유성테프),대한민국,국내생산,해당없음,"시그니처 다이어리, 시그니처 다이어리",26년기초,,2024-07-19,,,,6,1,,290,,
PT3385,PT3385-시그니처다이어리_밴드_14.노랑,8.수익,소모품비,Stationery,Product Parts,유성(구.유성테프),대한민국,국내생산,해당없음,"시그니처 다이어리, 시그니처 다이어리",26년기초,,2024-07-19,,,,6,1,,290,,
PT4595,PT4595-단품박스(기성)_화이트,8.수익,소모품비,Stationery,Package Parts,(주)영인기프트,대한민국,국내생산,해당없음,라이트 샤오미펜,26년기초,,2024-12-26,,,,4,100,,40,,
PT1572,PT1572-슬라이드지퍼백(커스텀인쇄)(Small)_반투명_100-2,5.상품,상품(선급금),Stationery,Package Parts,착한포장,대한민국,국내생산,해당없음,"컬러풀 노트패드(블랙), 컬러풀 노트패드, Simple 슬라이드지퍼백, 임팩트 슬로건타월",26년기초,,2018-10-26,,,,8,"1,000",,440,,
PT1147,PT1147-단품박스(스탠다드)_웜그레이_000-4,5.상품,상품(선급금),Stationery,Package Parts,(주)청산인쇄,대한민국,국내생산,해당없음,"슈가케인 펜, 스탠드-업 칫솔, 라운드 밤부 칫솔",26년기초,,2019-08-26,,,,13,"1,000",,201,,
PT0388,PT0388-단품박스(스탠다드)_화이트_000-15,5.상품,상품(선급금),Tech,Package Parts,(주)청산인쇄,대한민국,국내생산,해당없음,핸디링 미니 선풍기,26년기초,,2024-04-05,,,,9,500,,760,,
PT0733,PT0733-노트북스탠드패드_패드_다크그레이,5.상품,상품(선급금),Tech,Product Parts,아이티에스글로벌(ITSGlobal),중국,해외생산,중개소싱,노트북 스탠드패드,26년기초,,2020-09-08,,,,38,"1,000",,"9,450",PC/ 노트북 악세사리,
PT0736,PT0736-에코페이퍼봉투(스탠다드)_웜그레이_300-1,5.상품,상품(선급금),Tech,Package Parts,(주)청산인쇄,대한민국,국내생산,해당없음,노트북 스탠드패드,26년기초,,2020-09-08,,,,9,500,,"1,192",,
PT0944,PT0944-단품박스(스탠다드)_웜그레이_000-25,5.상품,상품(선급금),Tech,Package Parts,(주)청산인쇄,대한민국,국내생산,해당없음,"데스크테리어 매트, 오피스 마우스패드",26년기초,,2019-11-01,,,,13,500,,743,,
PT0945,PT0945-단품박스(스탠다드)_웜그레이_000-26,5.상품,상품(선급금),Tech,Package Parts,(주)청산인쇄,대한민국,국내생산,해당없음,데스크테리어 매트,26년기초,,2022-01-17,,,,8,500,,"1,016",,
PT1108,PT1108-오픈박스(전용)_블랙_100-1,5.상품,상품(선급금),Tech,Package Parts,(주)청산인쇄,대한민국,국내생산,해당없음,소프트터치 블루투스 키보드,26년기초,,2020-10-22,,,,10,"1,000",,520,,
PT1459,PT1459-에코페이퍼봉투(스탠다드)_웜그레이_200-1,5.상품,상품(선급금),Tech,Package Parts,(주)청산인쇄,대한민국,국내생산,해당없음,오피스 마우스패드,26년기초,,2019-11-01,,,,14,500,,770,,
PT1500,PT1500-웹캠커버_블랙2화이트1,5.상품,상품(선급금),Tech,Product Parts,"Protecting Your Electronics (PYE) Electronic Technology Co., Ltd",중국,해외생산,직소싱,웹캠 커버,26년기초,,2019-08-23,,,,0,1,,408,PC/ 노트북 악세사리,
PT2446,PT2446-페이퍼G형박스(스탠다드)_화이트,5.상품,상품(선급금),Tech,Package Parts,(주)청산인쇄,대한민국,국내생산,해당없음,,26년기초,,,,,,0,"1,000",,840,,
PT3339,PT3339-핸디링미니선풍기_화이트,5.상품,상품(선급금),Tech,Product Parts,하이온,중국,해외생산,국내소싱,"핸디링 미니 선풍기, 핸디링 미니 선풍기",26년기초,,2024-04-05,,,,4,100,,"5,000",계절가전,여름
PT3348,PT3348-단품박스(스탠다드)_화이트,5.상품,상품(선급금),Tech,Package Parts,(주)청산인쇄,대한민국,국내생산,해당없음,"리멤버 탁상시계, 그래픽배너 대용량 보조배터리, 디테일 드라이버 키트",26년기초,,2019-11-22,,,,10,500,,661,,
PT3354,PT3354-단품박스(스탠다드)_화이트,5.상품,상품(선급금),Tech,Package Parts,(주)청산인쇄,대한민국,국내생산,해당없음,스탠딩 휴대용 선풍기,26년기초,,2024-03-29,,,,10,"1,000",,560,,
PT3370,PT3370-단품박스(스탠다드)_화이트,5.상품,상품(선급금),Tech,Package Parts,(주)청산인쇄,대한민국,국내생산,해당없음,플러스 멀티충전 스테이션,26년기초,,2024-08-08,,,,15,"1,000",,755,,
PT3900,PT3900-리멤버탁상시계,5.상품,상품(선급금),Tech,Product Parts,주식회사 코스맥스코리아,중국,해외생산,국내소싱,리멤버 탁상시계,26년기초,,2024-08-06,,,,5,300,,"5,300",시계,
PT4093,PT4093-프라임폴더블멀티충전기_다크그레이,5.상품,상품(선급금),Tech,Product Parts,제이에이 코퍼레이션 (JA Corp.),중국,해외생산,국내소싱,프라임 폴더블 멀티충전기,26년기초,,2024-06-14,,,,10,1,,"35,000",충전기,
PT4330,PT4330-히트업손난로보조배터리_화이트,5.상품,상품(선급금),Tech,Product Parts,주식회사 코스맥스코리아,중국,해외생산,국내소싱,히트업 손난로 보조배터리,26년기초,,2024-09-12,,,,7,1,,"9,900",배터리,겨울
PT4331,PT4331-히트업손난로보조배터리_그레이,5.상품,상품(선급금),Tech,Product Parts,주식회사 코스맥스코리아,중국,해외생산,국내소싱,히트업 손난로 보조배터리,26년기초,,2024-09-12,,,,6,1,,"9,900",배터리,겨울
PT4402,PT4402-단품박스(스탠다드)_화이트_09WH,5.상품,상품(선급금),Tech,Package Parts,(주)청산인쇄,대한민국,국내생산,해당없음,월드와이드 멀티어댑터,26년기초,,2025-03-12,,,,9,"1,000",,410,,
PT4696,PT4696-킵세이프마그넷배터리2.0,5.상품,상품(선급금),Tech,Product Parts,(주)쉔코리아,중국,해외생산,국내소싱,킵세이프 마그넷 배터리 Slim,26년기초,,2025-05-30,,,,4,"1,000",,"9,100",배터리,
PT4710,PT4710-브릭스탠드멀티충전스테이션_화이트,5.상품,상품(선급금),Tech,Product Parts,제이에이 코퍼레이션 (JA Corp.),중국,해외생산,중개소싱,브릭스탠드 멀티충전기,26년기초,,2025-08-05,,,,28,"2,000",,"25,175",충전패드,
PT4711,PT4711-브릭스탠드멀티충전스테이션(인쇄패드)_화이트,5.상품,상품(선급금),Tech,Product Parts,제이에이 코퍼레이션 (JA Corp.),중국,해외생산,중개소싱,브릭스탠드 멀티충전기,26년기초,,2025-08-05,,,,0,"2,000",,0,충전패드,
PT4712,PT4712-단품박스(전용)_화이트,5.상품,상품(선급금),Tech,Package Parts,제이에이 코퍼레이션 (JA Corp.),중국,해외생산,중개소싱,브릭스탠드 멀티충전 스테이션,26년기초,,2025-08-05,,,,19,"2,000",,"1,300",,
PT4721,PT4721-오아시스미니마사지건_화이트,5.상품,상품(선급금),Tech,Product Parts,"Xiamen Healthpal Electronic Co,.Ltd",중국,해외생산,직소싱,오아시스 미니 마사지건,26년기초,,2025-11-24,,,,45,760,,"23,625",건강가전,
PT4722,PT4722-오아시스미니마사지건_블랙,5.상품,상품(선급금),Tech,Product Parts,"Xiamen Healthpal Electronic Co,.Ltd",중국,해외생산,직소싱,오아시스 미니 마사지건,26년기초,,2025-11-24,,,,45,760,,"23,625",건강가전,
PT4726,PT4726-단품박스(스탠다드)_화이트,5.상품,상품(선급금),Tech,Package Parts,주식회사 모아패키지,대한민국,국내생산,해당없음,"킵세이프 마그넷 배터리 Max, 킵세이프 마그넷 배터리 Slim",26년기초,,2025-09-25,,,,14,760,,430,,
PT4729,PT4729-커넥트6in1케이블키트_본품,5.상품,상품(선급금),Tech,Product Parts,"Dongguan JinEn Electronics Co., Ltd",중국,해외생산,직소싱,커넥트 6in1 케이블키트,26년기초,,2025-10-23,,,,22,"3,000",,"1,720",PC/ 노트북 악세사리,
PT4737,PT4737-월드와이드멀티어댑터_화이트,5.상품,상품(선급금),Tech,Product Parts,(주)명성,중국,해외생산,국내소싱,"월드와이드 멀티어댑터, 월드와이드 멀티어댑터",26년기초,,2025-03-12,,,,17,1,,"10,506",충전기,
PT4754,PT4754-단품박스(스탠다드)_화이트,5.상품,상품(선급금),Tech,Package Parts,주식회사 모아패키지,대한민국,국내생산,해당없음,칠링패드 냉각선풍기,26년기초,,2025-03-31,,,,10,"1,000",,835,,
PT4755,PT4755-칠링패드냉각선풍기_화이트,5.상품,상품(선급금),Tech,Product Parts,(주)쉔코리아,중국,해외생산,국내소싱,"칠링패드 냉각선풍기, 칠링패드 냉각선풍기",26년기초,,2025-03-31,,,,1,1,,"8,636",계절가전,여름
PT4756,PT4756-마그넷케이블홀더_화이트,5.상품,상품(선급금),Tech,Product Parts,"Dongguan Wik Electronic Technology Co., Ltd.",중국,해외생산,직소싱,아이콘 케이블홀더 세트,26년기초,,2025-05-21,,,,11,"1,000",,"1,468",PC/ 노트북 악세사리,
PT4757,PT4757-마그넷케이블홀더_블랙,5.상품,상품(선급금),Tech,Product Parts,"Dongguan Wik Electronic Technology Co., Ltd.",중국,해외생산,직소싱,아이콘 케이블홀더 세트,26년기초,,2025-05-21,,,,11,"1,000",,"1,468",PC/ 노트북 악세사리,
PT4763,PT4763-파워업PD충전기_화이트,5.상품,상품(선급금),Tech,Product Parts,주식회사 드리온,중국,해외생산,중개소싱,파워업 PD 충전기 65W,26년기초,,2025-06-20,,,,38,"3,000",,"9,000",충전기,
PT4764,PT4764-단품박스(전용)_화이트,5.상품,상품(선급금),Tech,Package Parts,주식회사 드리온,중국,해외생산,국내소싱,파워업 PD 충전기 65W,26년기초,,2025-06-20,,,,21,"3,000",,0,,
PT5148,PT5148-퀵차지도킹형보조배터리(type-C/C)_화이트,5.상품,상품(선급금),Tech,Product Parts,주식회사 알리오코리아,중국,해외생산,국내소싱,"퀵차지 도킹형 보조배터리, 퀵차지 도킹형 보조배터리",26년기초,,2024-08-13,,,,6,100,,"7,000",배터리,
PT0989,PT0989-펠트봉투_화이트_100-1,8.수익,소모품비,Tech,Package Parts,더패키징,대한민국,국내생산,해당없음,버티컬 무선충전패드,26년기초,,2020-08-11,,,,14,100,,123,,
PT2613,PT2613-USB케이블(어태치보조배터리),8.수익,소모품비,Tech,Product Parts,(주)명성,중국,해외생산,국내소싱,"베이직 도킹형 보조배터리, 퀵차지 도킹형 보조배터리",26년기초,,2024-07-24,,2026-04-07,파츠졸업,6,1,,#N/A,배터리,
PT3314,PT3314-블리스터(전용)_투명,8.수익,소모품비,Tech,Package Parts,평화산업,대한민국,국내생산,해당없음,어썸그립,26년기초,,2020-11-02,,2026-02-10,굿즈졸업,0,"3,000",,#N/A,,
PT3349,PT3349-주의사항표기서(전용),8.수익,소모품비,Tech,Package Parts,서울디지털인쇄협동조합,대한민국,국내생산,해당없음,리멤버 탁상시계,26년기초,,2024-08-06,,,,5,"1,000",,100,,
PT3355,PT3355-사각스티커(전용)(QR덧방),8.수익,소모품비,Tech,Package Parts,서울디지털인쇄협동조합,대한민국,국내생산,해당없음,스탠딩 휴대용 선풍기,26년기초,,2024-03-29,,,,4,"1,000",,70,,
PT4403,PT4403-사각스티커(전용)(KC면제필)_화이트+디지털풀컬러,8.수익,소모품비,Tech,Package Parts,서울디지털인쇄협동조합,대한민국,국내생산,해당없음,월드와이드 멀티어댑터,26년기초,,2025-03-12,,,,4,"1,000",,70,,
PT4727,PT4727-주의사항표기서(전용)_화이트,8.수익,소모품비,Tech,Package Parts,서울디지털인쇄협동조합,대한민국,국내생산,해당없음,킵세이프 마그넷 배터리 Max,26년기초,,2025-09-25,,,,0,"1,000",,180,,
PT4730,PT4730-단품박스(전용)_화이트,8.수익,소모품비,Tech,Package Parts,"Dongguan JinEn Electronics Co., Ltd",중국,해외생산,직소싱,커넥트 6in1 케이블키트,26년기초,,2025-10-23,,,,22,"1,000",,600,,
PT4731,PT4731-사용설명서(전용)_화이트,8.수익,소모품비,Tech,Package Parts,서울디지털인쇄협동조합,대한민국,국내생산,해당없음,커넥트 6in1 케이블키트,26년기초,,2025-10-23,,,,4,"1,000",,140,,
PT4758,PT4758-단품박스(전용),8.수익,소모품비,Tech,Package Parts,"Dongguan Wik Electronic Technology Co., Ltd.",중국,해외생산,직소싱,아이콘 케이블홀더 세트,26년기초,,2025-05-21,,,,9,"1,000",,0,,
PT4759,PT4759-블리스터(전용),8.수익,소모품비,Tech,Package Parts,"Dongguan Wik Electronic Technology Co., Ltd.",중국,해외생산,직소싱,아이콘 케이블홀더 세트,26년기초,,2025-05-21,,,,9,"1,000",,0,,
PT4769,PT4769-주의사항표기서(전용)_화이트,8.수익,소모품비,Tech,Package Parts,서울디지털인쇄협동조합,대한민국,국내생산,해당없음,킵세이프 마그넷 배터리 Slim,26년기초,,2025-05-30,,,,4,"1,000",,150,,
PT4844,PT4844-사용설명서(전용)_화이트,8.수익,소모품비,Tech,Package Parts,서울디지털인쇄협동조합,대한민국,국내생산,해당없음,아이콘 케이블홀더 세트,26년기초,,2025-05-21,,,,4,"1,000",,120,,
PT4646,PT4646-단품박스(스탠다드)_화이트_08WH,5.상품,상품(선급금),Tech,Package Parts,(주)청산인쇄,대한민국,국내생산,해당없음,"밸류 무선충전 마우스패드, 베이직 무선충전 마우스패드",26년기초,,2025-01-23,,,,9,"1,000",,755,,
PT2131,PT2131-골지단품박스(스탠다드)_화이트_100-6,5.상품,상품(선급금),Tech,Package Parts,(주)청산인쇄,대한민국,국내생산,해당없음,올데이 텀블러,26년기초,,2024-05-30,,,,12,"1,000",,850,,
PT0588,PT0588-단품박스(스탠다드)_웜그레이_000-5,5.상품,상품(선급금),Tech,Package Parts,(주)청산인쇄,대한민국,국내생산,해당없음,"SNOW 손난로 & 보조배터리, 프라우드 투톤 명함지갑, 리마커블 칫솔살균기, 베이직 도킹형 보조배터리, 퀵차지 도킹형 보조배터리",26년기초,,2021-09-06,,,,11,500,,243,,
PT0996,PT0996-단품박스(스탠다드)_웜그레이_000-8,5.상품,상품(선급금),Tech,Package Parts,(주)청산인쇄,대한민국,국내생산,해당없음,"버티컬 무선충전패드, 스트레치 사원증 홀더, 베케이션 여권케이스, 드레스업 손거울",26년기초,,2020-08-11,,,,11,"1,000",,381,,
PT1046,PT1046-펠트스트링파우치_화이트_100-2,8.수익,소모품비,Tech,Package Parts,착한포장,대한민국,국내생산,해당없음,"프라우드 투톤 명함지갑, 리마커블 칫솔살균기, 베이직 도킹형 보조배터리, 퀵차지 도킹형 보조배터리, 히트업 손난로 보조배터리",26년기초,,2021-09-06,,,,13,50,,205,,
PT2169,PT2169-단품박스(스탠다드)_화이트_100-17,5.상품,상품(선급금),Tech,Package Parts,(주)청산인쇄,대한민국,국내생산,해당없음,에센셜 와인오프너 세트,26년기초,,2024-11-07,,,,11,500,,770,,
PT2995,PT2995-지지대(전용)_화이트,8.수익,소모품비,Tech,Package Parts,(주)청산인쇄,대한민국,국내생산,해당없음,에센셜 와인오프너 세트,26년기초,,2024-11-07,,,,8,500,,520,,
PT1431,PT1431-단품박스(전용)(스탠다드)_화이트_000-22,5.상품,상품(선급금),Wine,Package Parts,(주)청산인쇄,대한민국,국내생산,해당없음,오토매틱 와인오프너,26년기초,,2019-12-05,,,,10,"1,000",,510,,
PT3200,PT3200-캐리미와인잔(컵부분),5.상품,상품(선급금),Wine,Product Parts,보소코리아,대한민국,국내생산,해당없음,"Carry me 와인잔, Carry me 와인잔, 셀렉티브 전동오프너&와인잔 세트",26년기초,,2021-03-19,,,,3,50,,"1,850",와인잔,봄가을
PT3201,PT3201-캐리미와인잔(받침대)_투명,5.상품,상품(선급금),Wine,Product Parts,보소코리아,대한민국,국내생산,해당없음,"Carry me 와인잔, Carry me 와인잔, 셀렉티브 전동오프너&와인잔 세트",26년기초,,2021-03-19,,,,3,50,,"1,850",와인잔,봄가을
PT3202,PT3202-캐리미와인잔(1개입케이스),5.상품,상품(선급금),Wine,Product Parts,보소코리아,대한민국,국내생산,해당없음,Carry me 와인잔,26년기초,,2021-03-19,,,,4,50,,380,와인잔,봄가을
PT3203,PT3203-캐리미와인잔(2개입케이스),5.상품,상품(선급금),Wine,Product Parts,보소코리아,대한민국,국내생산,해당없음,Carry me 와인잔,26년기초,,2021-03-19,,,,3,50,,760,와인잔,봄가을
PT4393,PT4393-페이퍼G형박스_블랙,5.상품,상품(선급금),Wine,Package Parts,주식회사 모아패키지,대한민국,국내생산,해당없음,셀렉티브 전동오프너&와인잔 세트,26년기초,,2024-11-07,,,,10,"1,000",,"1,960",,
PT4394,PT4394-지지대_블랙,8.수익,소모품비,Wine,Package Parts,주식회사 모아패키지,대한민국,국내생산,해당없음,셀렉티브 전동오프너&와인잔 세트,26년기초,,2024-11-07,,,,0,"1,000",,0,,
PT4395,PT4395-지지박스_블랙,8.수익,소모품비,Wine,Package Parts,주식회사 모아패키지,대한민국,국내생산,해당없음,셀렉티브 전동오프너&와인잔 세트,26년기초,,2024-11-07,,,,13,"1,000",,970,,
PT1787,PT1787-오픈박스(스탠다드)(Small)_블랙_100-4,5.상품,상품(선급금),Kit Package,Package Parts,(주)청산인쇄,대한민국,국내생산,해당없음,"Open 페이퍼박스, 주차번호판 피규어세트, 팝업스토어 피규어 세트, 디스플레이 피규어 세트, 카드트레이 피규어 세트, 브릭 메모&캘린더 스탠드, 브릭 메모&캘린더 스탠드2.0",26년기초,,2020-09-25,,,,10,"1,000",,"1,129",,
PT0501,PT0501-미르텀블러_화이트,5.상품,상품(선급금),Drinkware,Product Parts,주식회사 따벨라,중국,해외생산,국내소싱,MiiR 텀블러,26년4월,선매입재고 전환,2020-11-19,2026-04-01,,,20,50,,"19,455",텀블러,
PT4795,PT4795-올웨이즈양우산(세트_본품및케이스)_블랙,5.상품,상품(선급금),Lifestyle,Product Parts,"XIAMEN HONGJIA INDUSTRY CO.,LTD",중국,해외생산,직소싱,올웨이즈 양우산,26년4월,직소싱 전환,2023-08-08,2026-04-01,,,56,"3,000",,"6,400",우산,
PT4792,PT4792-사용설명서(전용)(브릭메모캘린더스탠드2.0),8.수익,소모품비,Figure,Package Parts,서울디지털인쇄협동조합,대한민국,국내생산,해당없음,브릭 메모&캘린더 스탠드 2.0,26년3월,신규파츠,2026-04-15,,,,1,"1,000",,,,
PT4830,PT4830-솔리드레디백_블랙,5.상품,상품(선급금),Bag&pouch,Product Parts,"HEFEI WORLD BAG CO., LTD",중국,해외생산,직소싱,솔리드 레디백,26년4월,신규파츠,2026-04-15,,,,39,500,,"14,000",하드케이스 파우치,
PT4842,PT4842-커스텀플레이트_블랙,5.상품,상품(선급금),Bag&pouch,Product Parts,"HEFEI WORLD BAG CO., LTD",중국,해외생산,직소싱,솔리드 레디백,26년4월,신규파츠,2026-04-15,,,,39,500,,670,하드케이스 파우치,
PT4843,PT4843-골지단품박스(전용)(핸들),5.상품,상품(선급금),Bag&pouch,Package Parts,"HEFEI WORLD BAG CO., LTD",중국,해외생산,직소싱,솔리드 레디백,26년4월,신규파츠,2026-04-15,,,,39,500,,"1,780",,
PT4856,PT4856-어텐션스포츠보틀_GS,5.상품,상품(선급금),Drinkware,Product Parts,"Shanghai Ansheng insulation Technology Co.,Ltd",중국,해외생산,직소싱,어텐션 스포츠 보틀,26년4월,직소싱 전환,2023-05-08,2026-04-01,,,48,"1,500",,"5,600",보틀,
PT4865,PT4865-전용박스_화이트GS,5.상품,상품(선급금),Drinkware,Package Parts,"Shanghai Ansheng insulation Technology Co.,Ltd",중국,해외생산,직소싱,어텐션 스포츠 보틀,26년4월,직소싱 전환,2023-05-08,2026-04-01,,,48,"1,500",,160,,
PT4870,PT4870-사용설명서_GS,8.수익,소모품비,Drinkware,Package Parts,"Shanghai Ansheng insulation Technology Co.,Ltd",중국,해외생산,직소싱,어텐션 스포츠 보틀,26년4월,직소싱 전환,2023-05-08,2026-04-01,,,48,"1,500",,0,,
PT5017,PT5017-페이퍼G형박스(스탠다드)_화이트,5.상품,상품(선급금),Lifestyle,Package Parts,주식회사 모아패키지,대한민국,국내생산,해당없음,하우스 핸드타월,26년4월,신규파츠,2026-02-13,,,,1,"1,000",,"1,590",,
PT5264,PT5264-단품박스(스탠다드)_웜그레이,5.상품,상품(선급금),Drinkware,Package Parts,주식회사 모아패키지,대한민국,국내생산,해당없음,컴포트 스텐머그,26년4월,신규파츠,2026-04-14,,,,11,"1,000",,"1,030",,
PT5361,PT5361-단품박스(스탠다드)_화이트,5.상품,상품(선급금),Tech,Package Parts,주식회사 모아패키지,대한민국,국내생산,해당없음,스탠바이 빅팬선풍기,26년4월,신규파츠,2026-04-14,,,,0,"1,000",,"1,290",,
PT5311,PT5311-올데이텀블러GS_화이트,5.상품,상품(선급금),Drinkware,Product Parts,"Shanghai Ansheng insulation Technology Co.,Ltd",중국,해외생산,직소싱,올데이 텀블러,26년4월,직소싱 전환,2024-05-30,2026-04-01,,,24,"1,500",,"5,900",텀블러,
PT5312,PT5312-단품박스(전용)_GS,5.상품,상품(선급금),Drinkware,Package Parts,"Shanghai Ansheng insulation Technology Co.,Ltd",중국,해외생산,직소싱,올데이 텀블러,26년4월,직소싱 전환,2024-05-30,2026-04-01,,,24,"1,500",,170,,
PT5313,PT5313-사용설명서(GS),8.수익,소모품비,Drinkware,Package Parts,"Shanghai Ansheng insulation Technology Co.,Ltd",중국,해외생산,직소싱,올데이 텀블러,26년4월,직소싱 전환,2024-05-30,2026-04-01,,,24,"1,500",,#N/A,,
PT5289,PT5289-덮개박스(스탠다드)_블랙,5.상품,상품(선급금),Bag&pouch,Package Parts,주식회사 모아패키지,대한민국,국내생산,해당없음,모바일 오피스 파우치 2.0,26년4월,신규파츠,2026-04-20,,,,13,"1,000",,"1,770",,
PT4905,PT4905-하우스핸드타월_실버,5.상품,상품(선급금),Lifestyle,Product Parts,유노타월 유노디자인,대한민국,국내생산,해당없음,하우스 핸드타월,26년4월,신규파츠,2026-04-20,,,,1,"1,000",,"1,480",타월,
PT4899,PT4899-하우스핸드타월_블랙,5.상품,상품(선급금),Lifestyle,Product Parts,유노타월 유노디자인,대한민국,국내생산,해당없음,하우스 핸드타월,26년4월,신규파츠,2026-03-31,,,,1,"1,000",,"1,480",타월,
PT4819,PT4819-아트워크타월_화이트,5.상품,상품(선급금),Lifestyle,Product Parts,유노타월 유노디자인,대한민국,국내생산,해당없음,아트워크 타월,26년4월,신규파츠,2026-04-17,,,,1,"1,000",,"2,975",타월,
PT5385,PT5385-슬림터보선풍기(냉각패드형)_화이트,5.상품,상품(선급금),Tech,Product Parts,(주)쉔코리아,중국,해외생산,국내소싱,슬림 터보 선풍기,26년4월,신규파츠,2026-04-17,,,,1,1,,"7,000",계절가전,여름
PT5383,PT5383-슬림터보선풍기(베이직)_화이트,5.상품,상품(선급금),Tech,Product Parts,(주)쉔코리아,중국,해외생산,국내소싱,슬림 터보 선풍기,26년4월,신규파츠,2026-04-20,,,,1,1,,"6,000",계절가전,여름
PT5309,PT5309-지퍼백(전용)(1입),8.수익,소모품비,Lifestyle,Package Parts,"ZHEJIANG CHUANCHENG PACKAGING PRODUCTS CO.,LIMITED",중국,해외생산,직소싱,하우스 핸드타월,26년5월,신규파츠,2021-08-17,,,,3,"5,000",,345,,
PT1617,PT1617-클래시차량용방향제_블랙,5.상품,상품(선급금),Fragrance,Product Parts,주식회사 더블에이치,중국,해외생산,국내소싱,클래시 차량용 방향제,26년5월,선매입재고 전환,2021-08-17,2026-05-01,,,2,100,,"7,000",디퓨저,
PT5314,PT5314-어반스텐런치박스(칸막이.밴드.설명서포함),5.상품,상품(선급금),Lifestyle,Product Parts,"GUANGDONG JIADIANMEI DAILY-USE COMMODITY CO.,LTD",중국,해외생산,직소싱,어반 스텐 런치박스 ,26년5월,신규파츠,2026-04-27,,,,9,"3,000",,"10,020",도시락,
PT5315,PT5315-어반스텐런치박스ABS뚜껑,5.상품,상품(선급금),Lifestyle,Product Parts,"GUANGDONG JIADIANMEI DAILY-USE COMMODITY CO.,LTD",중국,해외생산,직소싱,어반 스텐 런치박스 ,26년5월,신규파츠,2026-04-27,,,,9,"3,000",,0,도시락,
PT5316,PT5316-전용박스(스탠다드),5.상품,상품(선급금),Lifestyle,Package Parts,"GUANGDONG JIADIANMEI DAILY-USE COMMODITY CO.,LTD",중국,해외생산,직소싱,어반 스텐 런치박스 ,26년5월,신규파츠,2026-03-31,,,,9,"3,000",,570,,
PT5318,PT5318-바스락지퍼백(1입),8.수익,소모품비,Lifestyle,Package Parts,"ZHEJIANG CHUANCHENG PACKAGING PRODUCTS CO.,LIMITED",중국,해외생산,직소싱,아트워크 타월,26년5월,신규파츠,2026-04-17,,,,9,"5,000",,200,,
PT5430,PT5430-주의사항표기서(전용)_화이트+디지털풀컬러,8.수익,소모품비,Tech,Package Parts,서울디지털인쇄협동조합,대한민국,국내생산,해당없음,킵세이프 마그넷 배터리 Lite,26년6월,신규파츠,2025-09-25,,,,,,,180,,
PT5412,PT5412-덮개박스(스탠다드)_화이트,5.상품,상품(선급금),Kit Package,Package Parts,주식회사 모아패키지,대한민국,국내생산,해당없음,Lite 스트랩 박스,26년6월,신규파츠,2026-05-22,,,,,,,"2,080",,
PT5465,PT5465-리본끈_블랙,8.수익,소모품비,Kit Package,Package Parts,주식회사 모아패키지,대한민국,국내생산,해당없음,Lite 스트랩 박스,26년6월,신규파츠,2026-05-22,,,,,,,60,,
PT5408,PT5408-에브리폴더블멀티충전기_화이트,5.상품,상품(선급금),Tech,Product Parts,주식회사 알리오코리아,중국,해외생산,국내소싱,에브리 폴더블 멀티충전기,26년6월,신규파츠,2026-06-01,,,,,,,"12,100",충전기,
PT5023,PT5023-슬리브(커스텀),5.상품,상품(선급금),Drinkware,Product Parts,엔엠텍코리아주식회사,대한민국,국내생산,해당없음,픽미 핸들 텀블러 ,26년7월,신규파츠,출시 전,,,,,,,"1,100",텀블러,
PT5498,PT5498-트레이박스(스탠다드)_화이트,5.상품,상품(선급금),Kit Package,Package Parts,주식회사 모아패키지,대한민국,국내생산,해당없음,Display 스트랩 박스,26년7월,신규파츠,2026-06-19,,,,,,,"1,800",,
PT5499,PT5499-슬리브(스탠다드)_반투명,5.상품,상품(선급금),Kit Package,Package Parts,주식회사 모아패키지,대한민국,국내생산,해당없음,Display 스트랩 박스,26년7월,신규파츠,2026-06-19,,,,,,,"1,210",,
PT5500,PT5500-지지대(가로형)_화이트,5.상품,상품(선급금),Kit Package,Package Parts,주식회사 모아패키지,대한민국,국내생산,해당없음,Display 스트랩 박스,26년7월,신규파츠,2026-06-19,,,,,,,570,,
PT5501,PT5501-지지대(세로형)_화이트,5.상품,상품(선급금),Kit Package,Package Parts,주식회사 모아패키지,대한민국,국내생산,해당없음,Display 스트랩 박스,26년7월,신규파츠,2026-06-19,,,,,,,630,,
PT5021,PT5021-워크데이런치백본품,5.상품,상품(선급금),Bag&pouch,Product Parts,"Longgang Xingqing Bag Co.,Ltd.",중국,해외생산,직소싱,워크데이 런치백,,신규파츠,출시 전,,,,,,,"6,430",보냉백,
PT5022,PT5022-투명손잡이지퍼백(전용),8.수익,소모품비,Bag&pouch,Package Parts,"Longgang Xingqing Bag Co.,Ltd.",중국,해외생산,직소싱,워크데이 런치백,,신규파츠,출시 전,,,,,,,108,,
PT5326,PT5326-그로우북라이트본품,5.상품,상품(선급금),Tech,Product Parts,"Shenzhen Shengyihe Industry Co., Ltd",중국,해외생산,직소싱,그로우 북라이트 ,,신규파츠,출시 전,,,,,,,"4,493",PC/ 노트북 악세사리,
PT5327,PT5327-그로우북라이트파우치(케이블.설명서포함),5.상품,상품(선급금),Tech,Product Parts,"Shenzhen Shengyihe Industry Co., Ltd",중국,해외생산,직소싱,그로우 북라이트 ,,신규파츠,출시 전,,,,,,,465,PC/ 노트북 악세사리,
PT5328,PT5328-단품박스(전용),8.수익,소모품비,Tech,Package Parts,"Shenzhen Shengyihe Industry Co., Ltd",중국,해외생산,직소싱,그로우 북라이트 ,,신규파츠,출시 전,,,,,,,341,,
PT5548,PT5548-소프트그립블랙펜,5.상품,상품(선급금),Stationery,Product Parts,"Tonglu Yaqi Stationery Co., Ltd.",중국,해외생산,직소싱,소프트그립블랙펜,,신규파츠,출시 전,,,,,,,390,펜,
PT5319,PT5319-베러댄텀블러본품_아이보리,5.상품,상품(선급금),Drinkware,Product Parts,"Shanghai Ansheng insulation Technology Co.,Ltd",중국,해외생산,직소싱,베러댄 텀블러 ,,신규파츠,출시 전,,,,,,,"6,210",텀블러,
PT5320,PT5320-베러댄텀블러본품_블랙,5.상품,상품(선급금),Drinkware,Product Parts,"Shanghai Ansheng insulation Technology Co.,Ltd",중국,해외생산,직소싱,베러댄 텀블러 ,,신규파츠,출시 전,,,,,,,"6,210",텀블러,
PT5321,PT5321-단품박스(전용)_화이트,8.수익,소모품비,Drinkware,Package Parts,"Shanghai Ansheng insulation Technology Co.,Ltd",중국,해외생산,직소싱,베러댄 텀블러 ,,신규파츠,출시 전,,,,,,,,,
PT5323,PT5323-픽미핸들텀블러본품_아이보리,5.상품,상품(선급금),Drinkware,Product Parts,"Shanghai Ansheng insulation Technology Co.,Ltd",중국,해외생산,직소싱,픽미 핸들 텀블러 ,,신규파츠,출시 전,,,,,,,"6,420",텀블러,
PT5324,PT5324-픽미핸들텀블러본품_블랙,5.상품,상품(선급금),Drinkware,Product Parts,"Shanghai Ansheng insulation Technology Co.,Ltd",중국,해외생산,직소싱,픽미 핸들 텀블러 ,,신규파츠,출시 전,,,,,,,"6,420",텀블러,
PT5325,PT5325-단품박스(전용)_화이트,8.수익,소모품비,Drinkware,Package Parts,"Shanghai Ansheng insulation Technology Co.,Ltd",중국,해외생산,직소싱,픽미 핸들 텀블러 ,,신규파츠,출시 전,,,,,,,,,
PT5322,PT5322-사용설명서(전용),8.수익,소모품비,Drinkware,Package Parts,"Shanghai Ansheng insulation Technology Co.,Ltd",중국,해외생산,직소싱,"픽미 핸들 텀블러, 베러댄 텀블러 ",,신규파츠,출시 전,,,,,,,,,
PT5549,PT5549-사용설명서(전용)_화이트+블랙인쇄,8.수익,소모품비,Bag&pouch,Package Parts,서울디지털인쇄협동조합,대한민국,국내생산,해당없음,마이타입 4-Way 백팩,26년7월,신규파츠,2026-07-16,,,,,,,120,,