task_id,발주번호,project,산출물,산출물_옵션,고객주문수량,발주지시수량,대시보드,과업지시서,수주처,과업지시일자,입하예정일 (from movement_산출물),입하여부,지출결의,발주서 생성 요청 일시 _ test_수현,발주담당자,과업지시월,과업지시주
PNA38461_0715_6551,PO074622,PNA38461-26년7월_재고생산, manual,,,5000,https://airtable.com/appkRWtF2j99XgBTq/pag4McZ2Tc7xALrrs?5hZOH=reckLCvdQ0dEZjNLC&UvxrW=reccy4GS8Ou1lk22E&Aq5EA=recdLBecYeOxUwCQb,Order_PNA38461_PO074622.pdf (https://v5.airtableusercontent.com/v3/u/55/55/1784016000000/r2hgZQpAf60h0PlecR0t3g/V-UpM3l_eGGYy2RiZDOwyleB7Bth-v2uXoCK0qLVM2n_RrPCjFGCqvchYwUBSioZfZCZISkZZFAyKzwLVZ7jjI4hnrdBnX07ucvVmfW-gTwrqb2iheNv2foHL0QvGC4ocpakpvaAMyHXRhKoH1S0df9aKESrNVEmOfhADgUb-4j6bHVmhazCKmqUV97P9ape/M3_jKimlyFo0tnpE_boCd1-dh_NOzRIPQC4xlqyxrIU),"""Shanghai Ansheng insulation Technology Co.,Ltd""",2026.7.14,2026.8.6,,,2026.7.14 10:52오전,김민정,07월,
PNA38461_0714_6551,PO074621,PNA38461-26년7월_재고생산,"color box , 17oz/503 Handle Tumbler(black) ",,,1000,https://airtable.com/appkRWtF2j99XgBTq/pag4McZ2Tc7xALrrs?5hZOH=reckLCvdQ0dEZjNLC&UvxrW=recREWusOTxbKixzv&Aq5EA=recdLBecYeOxUwCQb,Order_PNA38461_PO074621.pdf (https://v5.airtableusercontent.com/v3/u/55/55/1784016000000/UMy8YjFRsqgvmxeGb1F1uQ/uTIEnoCyahnFLiRJYpgBCTf8x9TjgX4-N4U02WKCYmgYMcPCDot7ZrUqy57hZF624oXAxAqhjQdSRGaQKS4rvIlRiR1qQVybuFGL9OQ_wsCdJ4qVXiOjDvHkgCfuTddwAHeFJ4jdV72W__Hld4w_nNIPvMOMO_jTIP515EUtCspUz9ZwK60zc6tyxMDNvzzD/X5yo2Io2kTJzDe4vm-yYwG8veksFIimjJ6-HFOwc6d0),"""Shanghai Ansheng insulation Technology Co.,Ltd""",2026.7.14,"2026.8.6, 2026.8.6",,,2026.7.14 10:50오전,김민정,07월,
PNA38461_0714_6681,PO074618,PNA38461-26년7월_재고생산,17oz/503 Handle Tumbler(ivory) ,,,1000,https://airtable.com/appkRWtF2j99XgBTq/pag4McZ2Tc7xALrrs?5hZOH=reckLCvdQ0dEZjNLC&UvxrW=recBlZzFinJkJtdGw&Aq5EA=recdLBecYeOxUwCQb,Order_PNA38461_PO074618.pdf (https://v5.airtableusercontent.com/v3/u/55/55/1784016000000/V03MeEvVx9AFMVZHNXJqGw/beUjtFE6yL-WjSuUHhcrGkezixx2TLQrJIHuAw4twgQVVLh8yQB83xJi-1UprrUzxrHMM7THbTfiLT2XnQDkAQapx0rdNtXmkpjP5d9ZKESP0tKl6Qs5LDD-9vf2hQ3m1QGseNw99LPkgrTpDarMYH1dAEObBcXvRjocY5NuIp2ftPW1UGyzTXA-LjwNGjER/XNXNSY5saYq8oC0fzRbkfzgICjg1YB6Pgx-EVgbWhDA),"""Shanghai Ansheng insulation Technology Co.,Ltd""",2026.7.14,2026.8.6,,,2026.7.14 10:50오전,김민정,07월,
PNA38461_0714_6641,PO074619,PNA38461-26년7월_재고생산,"17oz/503 Tumbler (black), color box (91×91×183mm)",,,1000,https://airtable.com/appkRWtF2j99XgBTq/pag4McZ2Tc7xALrrs?5hZOH=reckLCvdQ0dEZjNLC&UvxrW=recyw1TvcFpSL13oW&Aq5EA=recdLBecYeOxUwCQb,Order_PNA38461_PO074619.pdf (https://v5.airtableusercontent.com/v3/u/55/55/1784016000000/__rxVBOEgy38qCGt2urvDg/4nnllCt0vjkj9a0rJZz1qGbtBn8ev7wc23IqAUv8VNMj8l5bpFpv0UZIrt9TtG-3t2BarSQ2CQhyF16vp4-qg8YIEE1BOAiIDQigejRgVAXW9uWKqOH-iwe_XZbjt4zbVWjZblod6XYIPZSKjQcNvGL56uUvtED3q1QFWV-1FjuBOIyAkR8P78TKPoa4d-kT/uKhnC93ldrT5F8fOuXlL6nmvO6xqWBFt2gxTPQkpxLw),"""Shanghai Ansheng insulation Technology Co.,Ltd""",2026.7.14,"2026.8.6, 2026.8.6",,,2026.7.14 10:48오전,김민정,07월,
PNA38461_0714_6671,PO074620,PNA38461-26년7월_재고생산,17oz/503 Tumbler (ivory),,,1000,https://airtable.com/appkRWtF2j99XgBTq/pag4McZ2Tc7xALrrs?5hZOH=reckLCvdQ0dEZjNLC&UvxrW=rec4WogVRSqKQWp14&Aq5EA=recdLBecYeOxUwCQb,Order_PNA38461_PO074620.pdf (https://v5.airtableusercontent.com/v3/u/55/55/1784016000000/akHAMIQ-7bvTJqaFjkOjqw/Cd64YekSEFOCuMhVe-yuTgJlxS3C5umaxmR5gYiZu6iWXkDblKbDhgqx-NovyuJIy9CWpoTDvZjNgssatFkP54dzenOzHfWNAA3UR1Me9kDVRfQJYIHwPd0iKNn8NBTw_5gaPbx7U5Uc1MMG4iJxJONDQRIHWx7TIqPcPeb3boqgPMkibwjqzeVYJyGnmPyR/U0xwJpTACtWYzykNW-emwMZa7C8zlZvbOvhkWEF1jig),"""Shanghai Ansheng insulation Technology Co.,Ltd""",2026.7.14,2026.8.6,,,2026.7.14 10:48오전,김민정,07월,
PNA38460_0617_6071,PO073871,PNA38460-26년6월_재고생산,블리스터,,,5000,https://airtable.com/appkRWtF2j99XgBTq/pag4McZ2Tc7xALrrs?5hZOH=recMk04LNhSjV69ci&UvxrW=rec6oRQRuqWT3vbrq&Aq5EA=recWjSn9z7PxgjTZy,Order_PNA38460_PO073871.pdf (https://v5.airtableusercontent.com/v3/u/55/55/1784016000000/-DpT62Nrty5nFOtD4variQ/cEnIDbj4qhJf-cob395w0jkkvZjvM6rscEfuSjCEWZTHWhMNniWqxcna593_LJqgfqYZDP2RZvHNEMmCoEjZLK7F4Bf7ph_P1hvpNO7Wz6Sjwl3KgZ4aFzttYa_6VO3nbJQw3gPrguwz4AtyXlNKkcMuMHultha0zcLSNA5_aHcjYjYVgaVHwQjc-ZXNj2GF/cjG2NiKIPDtIcuH5hAOq9vc9DL54j9pgdVwRtgwZiMU),"""Shenzhen Xin Hong Yang Packaging Products Co., Ltd.""",2026.7.2,2026.7.20,,,2026.7.2 9:14오전,김민정,07월,
PNA38461_0707_6651,PO074491,PNA38461-26년7월_재고생산,소프트그립블랙펜,,,5000,https://airtable.com/appkRWtF2j99XgBTq/pag4McZ2Tc7xALrrs?5hZOH=rec0cb8ETWJ1V0wGi&UvxrW=recQqLwE78gI7ocSA&Aq5EA=recdLBecYeOxUwCQb,Order_PNA38461_PO074491.pdf (https://v5.airtableusercontent.com/v3/u/55/55/1784016000000/ibqooAEe4rfi05IrGsuSPw/5IQzmp-bv2SshzDlh2Aa2F9b7jRiR9B6_svaSTW27dPCg_VWqjb0SjKM5VHOwWRb0t3-SG0ne76wsKJokNsIdeYUAsTr1iskUpgIA5OUoo9lhWNGZJ6mFYCXpWo9qE61v_wTBj_pxMMBBzdRRpfu8_2IbtXYRPItgYn6vPW2NSyGAtV_R5qGlWGeFDw6s-e-/oaCMd_24Rmdvh1mpxTXCGtYABawUyUN7pJrwp3ZSRfg),"""Tonglu Yaqi Stationery Co., Ltd.""",2026.7.10,2026.7.21,,,2026.7.10 11:06오전,김민정,07월,
PNA52315_스테이 텀블러_A1,PO074550,PNA52315-아이지넷,스테이텀블러,"스테이텀블러, 레이저각인",55,57,https://airtable.com/appkRWtF2j99XgBTq/pag4McZ2Tc7xALrrs?5hZOH=recMk04LNhSjV69ci&UvxrW=receT2w4t6NdG6xAP&Aq5EA=recYdlWp7ZstrQgNJ,"""Order_,PNA52315_StayTumbler.pdf (https://v5.airtableusercontent.com/v3/u/55/55/1784016000000/-FNJbWP-tUtrVF4Bo3qLQw/4HWo0supnKsFHPPdTewlfDnCpqNv3b2Pj2UMoYr17kZuawOgDcjBdDXvlsRWagPEqsVHN-zyoDI-_2Scol1PmZRC0F7ePxMMMuei_H0AXXoIjnk9y6W6qcjSYnp5yvVoeR4timUT7Z6pi50_q00F11blDJVWhhlbG0ni6-DVU08zKY93Sc7S350ywNnRfskO/g6XaQp2ne9GUkYe8Mh6qmuHOaxyV1kEtcOAlvbgoij0)""",주식회사 에벤에셀기업,2026.7.10,2026.7.17,,,2026.7.10 10:15오전,김민정,07월,
PNA52206_임팩트 슬로건타월_A1,PO074397,PNA52206-유네스코한국위원회,임팩트슬로건타월,"임팩트슬로건타월, 승화전사, 샘플(본 제작과 동일옵션)","1200, 3",1210,https://airtable.com/appkRWtF2j99XgBTq/pag4McZ2Tc7xALrrs?5hZOH=recxAQzdjTKyqRFGn&UvxrW=rec72FKf1UZxoZ6Im&Aq5EA=recqP0Qh3I3F6trcO,"""Order_,PNA52206_ImpactSloganTowel.pdf (https://v5.airtableusercontent.com/v3/u/55/55/1784016000000/gv_UqW23UvrXHhuFBWrZ-Q/L3oHrmQwRDa7uzJxCSztqzG6FrpVjbZI9TlQwbtNSsD4lWUSjdA6LvNh_Fwyrnd7v33jQXJSK8TtCl8JdSNEoVoGOGiJIVmlEGrcG40MtSvpvGN12cHPMl8Po6Go-g2k4cNaFZXSzWRC-D8x9MlfL6106XPXBTfun0BvhzqaEg7s3G-g0RwaNoRblyZn_AAb/k2pre_acou1P3yH6WU1762OlZObgO9F1uTNJm92X0wg)""",(주)승화파트너스,2026.7.3,"2026.7.8, 2026.8.7",입하완료,26.7.13-7.17_(주)승화파트너스,,김민지,07월,
PNA52206_데일리 짐색_A1,PO074396,PNA52206-유네스코한국위원회,데일리짐색,"케어라벨(전용), 데일리짐색_바이어스/스트링, 샘플(본제작과동일옵션), 데일리짐색, 패브릭디지털","1200, 3",1209,https://airtable.com/appkRWtF2j99XgBTq/pag4McZ2Tc7xALrrs?5hZOH=recxAQzdjTKyqRFGn&UvxrW=recs8UZSrjwePOwJ2&Aq5EA=recqP0Qh3I3F6trcO,"Order_PNA52206_PO074396.pdf (https://v5.airtableusercontent.com/v3/u/55/55/1784016000000/Z0u9SltMqgwMrTyplh6n7g/MMi2EboMsukTrd8HkFr904BGghGEFWQdqm2kXZ3iClkMTJU20JBoq09mE4jRYqUaKL9Cm3mLbpXvmne5JqkqwFjTQr2QB5kmjyjOtE3UOTx7JfcFJXbTF3aeY1IZAJmd4KQRhgbKJoAoOU7qyMAWqqLCQnvR6AL5S3J8NvDIIMzN4WnRCLgQWDcrb0sMfM3J/UnonVvainOOGbfKGXTgwMwJGUA098GCqHMwh-3OjK7E),Order_PNA52206_PO074396.pdf (https://v5.airtableusercontent.com/v3/u/55/55/1784016000000/PZlyjyFIwFjypL0GY_IeOg/vQ3-fXOjVxT_jL5HnzJ64W933kk0Z9YQZXU21_mNcQSUhB-BYZGHzulKMWzNTqwn4sbbNCkHZpQQxd0EfDYx2emnCryad1JAeDB3g_5wyM_vTLlfK6kLT1FXvhKfX6cOcuUHWAeIHB_9g4P5bIazptCg_ws64_0JsD8WCJi-5vN2OeZg--h0O4y5Ii3_vBNm/bKB2UM4ltanksv-9KyLpRuXVil6KgChigl0Ai4BdAko),Order_PNA52206_PO074396.pdf (https://v5.airtableusercontent.com/v3/u/55/55/1784016000000/HLOiEm-ERHOFF4HyQ5nTtQ/iKCkZBk_d1WN_1SRhgbCsFdKej8xNKKt2zFaO9kL3o2UAg87nDuU7k1ZeRUDEORq7tfNrSDg5sC2l2GGYv0PWuE-xmRzO44QlOytrzydDQJEN_RuXccPMpVlksIrBKatczljF3cLptH_deV4q6p7-Hen-2lyrUmqcsKCFuYzw5neg288do_D2nIDz21o14HJ/uk0nwzIaLPDtcjFTBlm-C0xsDf6TtOZUzs3RgKP4iU0)",(주)승화파트너스,2026.7.3,"2026.7.8, 2026.8.7, 2026.7.13","입하완료,입하완료",26.7.13-7.17_(주)승화파트너스,,김민지,07월,
PNA52769_데일리 짐색_A1,PO074501,PNA52769-더블유컨셉코리아,데일리짐색,"데일리짐색_바이어스/스트링, 케어라벨(전용), 패브릭디지털, 데일리짐색",100,103,https://airtable.com/appkRWtF2j99XgBTq/pag4McZ2Tc7xALrrs?5hZOH=recxAQzdjTKyqRFGn&UvxrW=rec9AMUnN2gVQ8aHV&Aq5EA=recI6KkbGstkQzMQs,"""Order_,PNA52769_DailyGymSack.pdf (https://v5.airtableusercontent.com/v3/u/55/55/1784016000000/aeRGGnRBGxR4pIkCjKX9NA/VjDd8RVDnf82AukxSCx7hcRJPw0bxhkFW_fAz3loik4EZeH7G8UYPtAsW_5BcaHSOBvz9Wn97IDm2OvTAT_QocXACHx_P3s3TArmgwws6X5tOqGACZ7YlLYUrHib69EEKOSFAg5aXbvUXcrZo91Z6M8MrtfkDr89pfHIg1pAstodn9yokVHByveTObeVZGpi/cNwMa5Dz_K5TM9U3LaXPn7MQPYla55AaVdFLFwiHBEk)""",(주)승화파트너스,2026.7.8,2026.7.17,,26.7.13-7.17_(주)승화파트너스,,김민지,07월,
PNA52769_데일리 짐색_추가제작_A1,PO074532,PNA52769-더블유컨셉코리아,데일리짐색,"데일리짐색_바이어스/스트링, 패브릭디지털, 데일리짐색, 케어라벨(전용)",250,250,https://airtable.com/appkRWtF2j99XgBTq/pag4McZ2Tc7xALrrs?5hZOH=recxAQzdjTKyqRFGn&UvxrW=recg6cy7FYQT5NL8o&Aq5EA=recI6KkbGstkQzMQs,"""Order_,PNA52769_DailyGymSack.pdf (https://v5.airtableusercontent.com/v3/u/55/55/1784016000000/TpkBcXX1Ook9TsB5J-BiVw/awbaPhntjW31yhsPirSSg-xXonF9Iz3RCJ2dmW9PhM_OW6spdwPRACH-uvcGjWFNn2il2GMq8hNHfxJ0SQ28XK3SGDUgLLwsZ3OO9tW2FtJHFLH5-A6-HkYPG6TJFxmR0CnAg8AhAMJjFAjOadLvarqoJy5kbbImxlZ-sJFDvGn3z-KwMeez584snq-Xnf47/StQ8iqCAIM_nwYeFX54zdoa_5m_vaOMrH2vh1C6MI0g)""",(주)승화파트너스,2026.7.9,2026.7.17,,26.7.13-7.17_(주)승화파트너스,,김민지,07월,
PNA52675_프리미엄 스트링 후드집업_B1,PO074542,PNA52675-플러그링크,후드스트링(후드집업),"후드스트링, 실리콘",50,50,https://airtable.com/appkRWtF2j99XgBTq/pag4McZ2Tc7xALrrs?5hZOH=recxAQzdjTKyqRFGn&UvxrW=recyVxxPNWslcKGkS&Aq5EA=recXwOzz4EvjmOyjc,"""Order_,PNA52675_HoodZipup_String.pdf (https://v5.airtableusercontent.com/v3/u/55/55/1784016000000/0tWmYRu5oMHh_BDlFQ0n6Q/eexShpTNymY7cqG3HRn8dlyt4PgYvBJDQOAP9-AIiSOasKBs198xFE4stoiCkqIVHHGXacR_iHJ3WShgWOoUfjDGqT9CKFzy0Kf0Z9GprNcu8yuSq5McTE2N1y3fu2AV8GjiFePO0aaj85FKl3DCAdFwcdB6YbJiIPu_d4u5gXeCIEJN8p4br5cbh5w619qp/ZZRM9WnX4dXG056yo6avfenIUy_kdnmckfdjEal_n4c)""",(주)승화파트너스,2026.7.9,2026.7.27,,,,김민지,07월,
PNA52768_데일리 짐색_A1,PO074607,PNA52768-올바른운동,데일리짐색,"데일리짐색_바이어스/스트링, 케어라벨(전용), 패브릭디지털, 데일리짐색",150,151,https://airtable.com/appkRWtF2j99XgBTq/pag4McZ2Tc7xALrrs?5hZOH=recxAQzdjTKyqRFGn&UvxrW=recAiBdFvw6rGWQSE&Aq5EA=recphlCJQnADjSGCS,"""Order_,PNA52768_DailyGymSack.pdf (https://v5.airtableusercontent.com/v3/u/55/55/1784016000000/C2AyFqX0Mhina6F80rhWqg/ists1iTCXmh8lzPJGRGTHCjYuw3z_NW0ORVP-LrS34GMyuCdAQSdAZQ_RI_zt1wHJS0cTygMH_-4PyWqsJG2qXFlPelXWNHrAGG1bPK0Yrq0hzmk9BP95YjVsdwKgyalC5L2oxtsG5U8uObXAKf3IV30_8N16-JhJ2Bkagg2NlTFhGpX0FqSj83-svK4ax3u/VEyvHZQVbiGhYuKYpqLIbuKZQEF1IRBKOLMSz3zEjZs)""",(주)승화파트너스,2026.7.13,2026.7.27,,,,김민지,07월,
PNA52459_데일리 짐색_A1,PO074626,PNA52459-나이스홀딩스,데일리짐색,"데일리짐색, 케어라벨(전용), 패브릭디지털, 데일리짐색_바이어스/스트링",170,171,https://airtable.com/appkRWtF2j99XgBTq/pag4McZ2Tc7xALrrs?5hZOH=recxAQzdjTKyqRFGn&UvxrW=recMeGCrOxBbKenG0&Aq5EA=recjzhT9FSaUwUg3y,"""Order_PNA52459_DailyGymSack,.pdf (https://v5.airtableusercontent.com/v3/u/55/55/1784016000000/QfsV3zETLWtYOH8YjTw2ow/w6x6P1t1Z10_WO6GimUr1a-fEteXne7H8X9T1DasOfmJho-Mc7Ou1nlcajWy6v7XnJ3NbWCMOLCzbfwVt6MgwxpZYFdfXSUl7tdC_YASFtARg-qL5qFYgYjNjtEIQPFDFqn4QkaUwvT5tZ0lg3f4yr_zloyIvhg4QH42OQptGqbtBNOymxxx7TS50g7t6Es-/21R_qXaFxtFHWSsJaBKeIlKnbYTQ_lklfLgSsQJMMdI)""",(주)승화파트너스,2026.7.14,2026.7.24,,,,김민지,07월,
PNA52758_인마이백 피크닉매트_A2,PO074507,PNA52758-오름웍스,인마이백피크닉매트,"인마이백피크닉매트(2인용), OPP(2인용), 케어라벨, 주의사항표기서, 전사",110,111,https://airtable.com/appkRWtF2j99XgBTq/pag4McZ2Tc7xALrrs?5hZOH=recxAQzdjTKyqRFGn&UvxrW=recEkYel0lanKjRfx&Aq5EA=rec7DN5eSZzqLkETF,"""Order_,PNA52758_InMyBag_PicnicMat_2p.pdf (https://v5.airtableusercontent.com/v3/u/55/55/1784016000000/8ny10aF--ulIiVmCdS-iAw/7ZhRcAAmQJ23xgvYDCnhs884HTqjl8cLmRQ-TtvQNQLq6HVf-kd-PZRodLQm-TrRj3u_JHC-BOr2-1R60AuMZrRTAETxa5hMjJ-_MbbDtcZpPdM2JpwNqHPH7to4TgTMg1mxlQ76wqsuXyZ8ZJRi8l5Acmj61OxU71zqKdDrEYAdabXY07XriSxavP9B21lg3EuihHhdN6l7Ty67aTmb2g/ZjxWvD1mTk7Xjx8rvXMm80iZhs5xluZkRPvXR7f0v-w)""",(주)아이아트텍스,2026.7.8,2026.7.23,,,,김민지,07월,
PNA51387_에디션 골프공 6구_B1,PO074443,PNA51387-현대위아,볼마커(자유형.25x25이내.1-4색),,200,201,https://airtable.com/appkRWtF2j99XgBTq/pag4McZ2Tc7xALrrs?5hZOH=recxAQzdjTKyqRFGn&UvxrW=recoB9wNKQC4U2DOx&Aq5EA=recGLVNADF9DZfdAw,Order_PNA51387_(A1130)_Golfball_Ballmarker.pdf (https://v5.airtableusercontent.com/v3/u/55/55/1784016000000/KZyhmQ4OXi2j45ZXQpRDpg/aJ3p5YRcX7hk4yN75yO4antJYDulbo5s175GpwxE7ThlGXhHzFRUZ4R2RwxK0c3-8qw4qQhVH-c90Yi36Gx_TyonBBULfuih6KmFU8CwZagsg1a1wJWTETQnPuv6DGlrT2jOQuidDUk1EZRGA5K1HLwGovDvy2FLsyiPCFQeY6lWVj_jBxguRj2VNTQPDXox7z5OqCZDozMbXL1vouLPHQ/xQ120S9nOMrulQmYvZ1nTN0qaK7EQuqGS3k5z1_Vtkk),(주)홍기씨앤디,2026.7.6,2026.7.17,,26.7.13-7.17_(주)홍기씨앤디,,김민지,07월,
PNA52826_애드온 뱃지_A1,PO074480,PNA52826-플라잉베어,애드온뱃지+인쇄,애드온뱃지(자유형20x20이내1-4색),200,201,https://airtable.com/appkRWtF2j99XgBTq/pag4McZ2Tc7xALrrs?5hZOH=recxAQzdjTKyqRFGn&UvxrW=recBgjRGdg3NbRs0s&Aq5EA=recNnubgOwPOdQni7,"""Order_,PNA52826_AddonBadge_Badge.pdf (https://v5.airtableusercontent.com/v3/u/55/55/1784016000000/iad4As4yHflbYBceJvveSQ/PqhhRt8Mpl8ccKaDusDnWcU7GQRwN8ZkC5kTfvuGkpPlIOX_-gpkOZrQ4lu6K2Kw-SHhQ3ETj2rWo-gWCw_ZeAvN0GMiONIZ37LQMDajZwebK9ukGcnGkYbNqSjGel-TsH8qLW1849oGN4d6umNVAFGjKv13iznP-A8xWKqhyNXXOPZ_OiFxTKHI3Pac4-8W/mN2yMAoJmFDIL9wlkdKGOWcm89aBcHQLTQBnKo52SAo)""",(주)홍기씨앤디,2026.7.7,2026.7.21,,26.7.13-7.17_(주)홍기씨앤디,,김민지,07월,
PNA52558_어드벤스 3단 자동우산 [1]_A1,PO074444,PNA52558-한화자산운용,어드벤스3단자동우산,"실크, 3단자동우산, 실크, 실크",50,51,https://airtable.com/appkRWtF2j99XgBTq/pag4McZ2Tc7xALrrs?5hZOH=recxAQzdjTKyqRFGn&UvxrW=recpB8IJbrJIjLDMw&Aq5EA=reck7ewXPx6qe71XA,Order_PNA52558_PO074444.pdf (https://v5.airtableusercontent.com/v3/u/55/55/1784016000000/9lcHS_IxLeYnbOwkXqim6Q/5-blV8kGg4IM8MRJONSBkV3ZhjzYBnymnVM2UqdY4WmaaPg4SNp7sCIy2STL4h3GYTn7eS6z6WjRDxlvlsiRuR3nIDBtvd7S92ULn-ZE4ZkHSOPMIt-S0fIplUDha60GAMKhvBiW1Lf-Qj3XjHwpLtB6ThpTuGSaOq4cj43Aci6Wlt3CaEC0_rebbLfxdmQJ/7EZmzDUDT1SpPJtMVeqoPATZ7PueHzZa2IElrWF6sk8),개미기획,2026.7.6,2026.7.16,,,,김민지,07월,
런치백 샘플제작,PO074540,,,,,2,https://airtable.com/appkRWtF2j99XgBTq/pag4McZ2Tc7xALrrs?5hZOH=recxAQzdjTKyqRFGn&UvxrW=recVvHbjDeyq7ZpOZ&Aq5EA=,,개미기획,2026.7.9,,,26.7.13-7.17_개미기획,,김민지,월,
PNA52898_메시지 캐리어 파우치_C1,PO074561,PNA52898-에픽엔터테인먼트,실크(후드집업_펠트스트링파우치),"펠트스트링파우치, 실크",62,64,https://airtable.com/appkRWtF2j99XgBTq/pag4McZ2Tc7xALrrs?5hZOH=recxAQzdjTKyqRFGn&UvxrW=recObXwDMS6qSEw6p&Aq5EA=rec1gfDnopd22Qn0Z,Order_PNA52898_PO074561.pdf (https://v5.airtableusercontent.com/v3/u/55/55/1784016000000/MM8-DyN38UMZIQN2KIYeww/ja7jy4-AQT36_88N1zd2HjlAkQP-0hp6F6m0fPNuh3NoWGv1qPiWEA3HOvV3S6MUTKcIccCFHLGcgWk435OsM4kN9aqmSZ89XpiKzQAKyw2NyjINK0iQ8YRJCwoauS9Xn_mcIyPb8YaUW-McH6MxbMUKYkwy66elNKVpaH-JcUviC2-b6rW70n9_Z5Nqlemk/HmZvT3WehUIjdbb0f8wZS3b4ZRtRlSkTPwNkdLVG3jE),개미기획,2026.7.10,2026.7.17,,,,김민지,07월,
PNA52893_굿스타트 슈즈백_A1,PO074559,PNA52893-일로와,굿스타트슈즈백,"케어라벨(유광수입공단), 굿스타트슈즈백_원단(재단), 실크, 완제품공임(굿스타트슈즈백)",200,201,https://airtable.com/appkRWtF2j99XgBTq/pag4McZ2Tc7xALrrs?5hZOH=recxAQzdjTKyqRFGn&UvxrW=rec5V249yZkZWp8J8&Aq5EA=rec3g4dyVbF1Wpt5J,"""Order_,PNA52893_GoodStartShoeBag.pdf (https://v5.airtableusercontent.com/v3/u/55/55/1784016000000/ImNZlHnsOPD-z-TGf053pA/MO_UtgFedPXXUnmRyJBDhanmwkh5-8ZyDp5ywCGJJTYkEzQ9mO_RB8S78hFe1HXlP3i1TdyQIp4moID5d6Z_Zkfzcru_fxXre-hc9_G9WDul5r-n93_20bQtOo1qGnOu9vW4FI86vNE-9ZSndvk19PJqGph78r4V35n1slDIzVgckeTUI2mAog2kc5hbhEK9/FNQFhqaHjb9pNT1csaFYUsibb4NoUarJvn1rtNboNqs)""",개미기획,2026.7.10,2026.7.28,,,,김민지,07월,
PNA52009_브랜드 스트랩 단우산_A2,PO074562,PNA52009-NanoH2O,실크(브랜드 스트랩 단우산_우산),"실크, 실크",300,301,https://airtable.com/appkRWtF2j99XgBTq/pag4McZ2Tc7xALrrs?5hZOH=recxAQzdjTKyqRFGn&UvxrW=recCZB8VKw90mgHEs&Aq5EA=recKk02OTAV8pFfxH,Order_PNA52009_PO074562.pdf (https://v5.airtableusercontent.com/v3/u/55/55/1784016000000/A_6M-oIvlMo1KY8EsgqPbw/P_ZNs0z7ASNxEx_A6xGo7XsNMc4MI8YMC8Mx-TL9aUDErrZt54Zqfp4h3XHtR1iKAwPjWK36Vflhf8Ob6Hjal0hXLos-9rsH9jCtLS2IR6W5qRUR10r1MBzvgUwlvLJyGmh_AqHqQPUXJjUCKEFdrBozdVS91_GJo8u2yKFr8r5poILkoERipllw4-FIgdbb/vYuP6Y0TL_R3S_EwQhwIzSbeL5tciohyb6889NuPOho),개미기획,2026.7.10,2026.7.16,,,,김민지,07월,
PNA52951_컬러풀 노트패드_A1,PO074570,PNA52951-Republic,실크(컬러풀 노트패드_블랙),"실크, 컬러풀노트패드, 컬러풀노트패드_내지(줄)",100,101,https://airtable.com/appkRWtF2j99XgBTq/pag4McZ2Tc7xALrrs?5hZOH=recxAQzdjTKyqRFGn&UvxrW=recmz5pjbbEmOpm1b&Aq5EA=recP4XO2HteQDhmkj,Order_PNA52951_PO074570.pdf (https://v5.airtableusercontent.com/v3/u/55/55/1784016000000/CMGmgXeU90bthr7N03N22Q/OhosBbsL8g62jHqba19MYm2OoOz4cJnS-Wk_JLCiOhHPxuk1ImwmSaSPBQ22bvVMfJjIEedldx67cWjC-iuwvDLsZZEf3e--Njoe2EKdVMi3XpvKH6Xki7zSZ_VNprh0pKUaFqPYcXQTfnfgjgXztmH3vfhyy64ECsM_shC0WR94vglPJBGDmfjf7c_nZ7fL/rYvTXWfE_lTtbbOvyAA-CbE0zYQLAZt9Zbsz-vyUV58),개미기획,2026.7.10,2026.7.17,,,,김민지,07월,
PNA52601_Passion 더스트백_A1,PO074573,PNA52601-기상,실크(Passion 더스트백),"무광스트링파우치(L), 실크",168,169,https://airtable.com/appkRWtF2j99XgBTq/pag4McZ2Tc7xALrrs?5hZOH=recxAQzdjTKyqRFGn&UvxrW=rec9FhdOeHHHP4zWL&Aq5EA=rec9rYBQbQUdEFHQh,"""Order_PNA52601_PassionDustbag_Mist_L_300x390,.pdf (https://v5.airtableusercontent.com/v3/u/55/55/1784016000000/folMWZaF9lFVLTRSK1ehQQ/ZVlzE9L_ppmg308IkbhR9qcyoyFpqe51KfL4sLf5SOzl9l3TTPkVhhaj54tg1Wgp-heah6aXJMTTB1aptSYk44stRMk0XrRq3-irGBeU1peAOmjZ-oSa3idlkT6Wh9TEasE7arTwgrMJhL4Up-GCSiLk1GTpI5VydETmfTwKhPPd5DnFuHzQ3qu608KuMvR9EZaWfDPJVHDh1oq80unLew/_nk9qMWYPjnVqasbRRQTMhtEwDJi8paORU8Wzvc9-94)""",개미기획,2026.7.10,2026.7.17,,,,김민지,07월,
신제품 개발 샘플,PO074389,,,,,13,https://airtable.com/appkRWtF2j99XgBTq/pag4McZ2Tc7xALrrs?5hZOH=recxAQzdjTKyqRFGn&UvxrW=recoaLSamCmT9dWvp&Aq5EA=,,마이 패스포트(Mai Passport),2026.7.3,,,26.7.6-7.10(2)_마이 패스포트(Mai Passport),,김민지,월,
PNA52885_더블업 트래블 파우치_A1,PO074564,PNA52885-한국공항공사,더블업트래블파우치+인쇄,"더블업트래블파우치(S), 실크",100,101,https://airtable.com/appkRWtF2j99XgBTq/pag4McZ2Tc7xALrrs?5hZOH=recxAQzdjTKyqRFGn&UvxrW=recPErJMQiWOeYycM&Aq5EA=recWKvTcNJlTbd1XN,"""Order_,PNA52885_DoubleupTravelPouch_S.pdf (https://v5.airtableusercontent.com/v3/u/55/55/1784016000000/arpzt2of4ZJw_91Fa0P40g/eD7Xn-JrKex0qYVUMANcBbjpkKl4i-hGcpuOSubhg7ico8HHTOdq3M4uAlxCO_WRV7Qw4RrfKy2iD_XiC-oGZldNxkXT87lrg3gBO0sS1AeIWjYa6AgeE6FRtpx3d5r4G-9e4eWUAblF8U7NQTbBJmzHNyhRayZnhNohvxHis1EiZEh0tMQNm-_rogSOb21WFt2_7L5jUkXcAS6dNvuL6w/wpO63kLFuDE8NKhHDbmdmCI9E_lHAXADQiJGkWWdNXw)""",마이 패스포트(Mai Passport),2026.7.10,2026.7.28,,26.7.20-7.24_마이 패스포트(Mai Passport),,김민지,07월,
PNA52676_아이콘 펜 [1]_A1,PO074424,PNA52676-알로스타,패드인쇄(아이콘 펜),"실크, 아이콘펜(바디)",100,102,https://airtable.com/appkRWtF2j99XgBTq/pag4McZ2Tc7xALrrs?5hZOH=recxAQzdjTKyqRFGn&UvxrW=rec0UseTR54nfP2qE&Aq5EA=recNneBaQIN331pVF,"""Order_PNA52676_IconPen_Silk,.pdf (https://v5.airtableusercontent.com/v3/u/55/55/1784016000000/OjM3a9LLL6lXDda-hMj4ag/B437DmwZKoSAOtoEVfoveX1JPz99-_6OkHdlB8JVZ1ubjUeQe_Bl7jD1ETpQLtLlip9gHxWjVyAZvh7ZSp6vG9h5qz5B-tQmYDYlp9uJBUOMKPw7GT04eBP2dOapRD4gwc0jzGyGe02HWL8RO0icrBcb3Uh7nINK1_3dS6fjq7I-A4qL6x7lt3kUQypG--F2/x8C0H820AxU4GWEqSpogyS0sAlQiRMnik8Os_AW_XKc)""",신명인쇄,2026.7.6,2026.7.14,,26.8.3-8.7_신명인쇄,,김민지,07월,
PNA52802_심볼릭 샤프&형광펜 세트 | 스테들러_A2,PO074474,PNA52802-비올,실크(스테들러4종세트),,300,303,https://airtable.com/appkRWtF2j99XgBTq/pag4McZ2Tc7xALrrs?5hZOH=recxAQzdjTKyqRFGn&UvxrW=recIJMWKiOm6s4t5E&Aq5EA=rec2VT5YqiAZfThJ4,Order_PNA52802_SymbolicPenSet_STAEDTLER_Silk.pdf (https://v5.airtableusercontent.com/v3/u/55/55/1784016000000/IsxfaFOp5kmhKOusHdt6xA/3kPIU4LRa0aPDxBs5JrctmlUMr_YKY2OtlIsJQRsTBcyLHwVq8x17-qbnf7xtWELV-sKgDG3nSj6id8H_eJ-ApIJaaacHauDc198_y9SQ9tHps1QEy7MMoTbnjrebSRZiPL5_P810xWWBmCM8tnW9l3s-OPpv7-iiwfjKxiazD72dOemU8i1Z-CGL7igE94QDbOh9a8ishbctTxk-ax00A/Os4AaT2CoWW8n4TpbwIbahuYkx5tiO9_Hp8Cc8YShbM),신명인쇄,2026.7.7,2026.7.14,,,,김민지,07월,
PNA52315_스탠드-업 칫솔_F1,PO074551,PNA52315-아이지넷,실크(스탠드-업 칫솔_칫솔케이스),"실크, 칫솔케이스",55,57,https://airtable.com/appkRWtF2j99XgBTq/pag4McZ2Tc7xALrrs?5hZOH=recxAQzdjTKyqRFGn&UvxrW=recNIU3eDHlA5ptHH&Aq5EA=recYdlWp7ZstrQgNJ,"""Order_PNA52315_Toothbrush_PP_Case,.pdf (https://v5.airtableusercontent.com/v3/u/55/55/1784016000000/FYafxzOSaCiiJEaPHqkmSA/bCgqY7sFRekT4AELMqPOLF5FlvjaqCQ_sg82nczm0MLzJ4guvjXij8zYjxLWYU3p0HxVdEvFtIVJ66uvyp81VE3OUokcA8bGy8J3avYZ_Kqrp6oOSoqPv5b1CIkT8cu4nydDJZ3gMbKIFQy2rDI_rgBMH9Lz4fAhBbZ8cTvLpZr4ODhtKv7fhCP0JjYRkTe4/_zVdOolFvjDejKU-4CFEKixLlHIq7b3uY8-7Wrauw_M)""",신명인쇄,2026.7.9,2026.7.14,,,,김민지,07월,
PNA52315_스탠드-업 칫솔_A1,PO074546,PNA52315-아이지넷,실크(스탠드-업 칫솔_바디),"스탠드업칫솔, 실크",55,56,https://airtable.com/appkRWtF2j99XgBTq/pag4McZ2Tc7xALrrs?5hZOH=recxAQzdjTKyqRFGn&UvxrW=recbeWpn6qwfFgRJi&Aq5EA=recYdlWp7ZstrQgNJ,"""Order_,PNA52315_Toothbrush_Standup.pdf (https://v5.airtableusercontent.com/v3/u/55/55/1784016000000/yq6NWgiFJ1ZX6ELthrk4qw/s15YHz632keovJ3a24LwU7fwfgZu8Jo9MY9QorPRYi9eyI77hg_rPwzgVeP6cDh6fOw7f8WAfYqp2k_acIX4IYNelt-dsGNFDwHRBdD163Y596kvC8XOWhgfizukeoYLk1xS4mX6OFgTS0iFI74x9OSdClOXpu40sTgc-FnyGDmsktIpOEsLLkhO7ONYZBqJ/PMCjWHuSDCtn_V3N4kTWnY70vNOqaVetGr-EyeAKuoo)""",신명인쇄,2026.7.9,2026.7.14,,,,김민지,07월,
PNA52948_칠링패드 냉각선풍기_A2,PO074606,PNA52948-더에스엠씨,칠링패드냉각선풍기,"실크, 칠링패드냉각선풍기",57,61,https://airtable.com/appkRWtF2j99XgBTq/pag4McZ2Tc7xALrrs?5hZOH=recxAQzdjTKyqRFGn&UvxrW=recZpFZKg0MBjvJYz&Aq5EA=recWYPOePkLJFM4wE,"""Order_PNA52948_ChillingPad_CoolingFan_Silk,.pdf (https://v5.airtableusercontent.com/v3/u/55/55/1784016000000/jXX3V_4SvIwPh5tv1eemlQ/beVxky_m6ShmnMx1JVjqByWxW1Ba-Qg24fPtlqfwaOrr_lZ2f8h009yN0Cm98xyHDafoQtULm3FGACNSQOE9PFsv6zRsIIIvWbwfC3CYT5CZGT0kN_7YmlytafFJB339sDnLCQVHOhOLHyNjYGzm85K57BKYrWI4oQHsLdldrQYDUSEhT5Q22q6Sz_h_LuhoduBCOUPNFEZaChR4vGriIw/7Bbgj_7x3Hh35PT3U_FQa6YGqpH75ISeYNQFOOlhwnw)""",신명인쇄,2026.7.13,2026.7.16,,,,김민지,07월,
PNA38461_0708_5741,PO074518,PNA38461-26년7월_재고생산,브랜디드타월(화이트),,,1000,https://airtable.com/appkRWtF2j99XgBTq/pag4McZ2Tc7xALrrs?5hZOH=recxAQzdjTKyqRFGn&UvxrW=rec1976JkoEgaAzaJ&Aq5EA=recdLBecYeOxUwCQb,Order_PNA38461_PO074518.pdf (https://v5.airtableusercontent.com/v3/u/55/55/1784016000000/oHg9y4D7fMC-tEv8KIDYYQ/S7ejcx4mM0VjlNavHHZIlIZeg0MorBMyYnaLFvZHlPkjvmD1aVH35WRvVHARxWU2TIg1zcDbb-hHKHaR00u6hPC-2A11v6TCc-JaIMXG-tkSdp-ny6-U-DtYS_ZUjff0mCyIDqs6yxbmjAa3Sbrfby6NfrpabcktaaMAZeE31z4r-hCXtNqJjqP1oH9UhZFB/le7J4gbT4ce5HHkC9m4YNZfNCjF_BtRvqf7QZDVMHZE),유노타월 유노디자인,2026.7.8,2026.7.17,,,,김민지,07월,
PNA38461_0708_6151,PO074517,PNA38461-26년7월_재고생산,아트워크타월(1입)(화이트),,,2000,https://airtable.com/appkRWtF2j99XgBTq/pag4McZ2Tc7xALrrs?5hZOH=recxAQzdjTKyqRFGn&UvxrW=recxhMG0D1YN3kwMl&Aq5EA=recdLBecYeOxUwCQb,Order_PNA38461_PO074517.pdf (https://v5.airtableusercontent.com/v3/u/55/55/1784016000000/dk1WXzl1-ysEmeyYeRjjDg/4gq1j1ebL3932V348fCmlu3r_hLDtob_XVYQGvLxBgePrIqRPrehazq0fY4S3-BLXlZFyJJ68Bd_pcA6yDHcou9LVM4dinh68517QzjM10EIJT7rMFTbSfrYrwhh6xuusAbxrhkQ37r8Q5PR4j0WYsjYAZsUHaUT-d6uGNjSxGvn-y4UPLlSftnBTfZNOC4f/xGd6SzxPC9U_fRh8256tMPYzKl3Vl3kLCc3oR8Znzxo),유노타월 유노디자인,2026.7.8,2026.7.17,,,,김민지,07월,
PNA52646_포켓 마켓백 [1]_A1,PO074376,PNA52646-플라잉베어(메리츠증권),포켓마켓백,"실크, 완제품공임(포켓마켓백), 포켓마켓백",500,504,https://airtable.com/appkRWtF2j99XgBTq/pag4McZ2Tc7xALrrs?5hZOH=recxAQzdjTKyqRFGn&UvxrW=recusB7pzCnuKVOU4&Aq5EA=reccAQSDQgc4RR7I3,"""Order_,PNA52646_PocketMarketBag.pdf (https://v5.airtableusercontent.com/v3/u/55/55/1784016000000/uEqpR0Rkz2y7wPu3Oj3fhQ/HIImLxqNU8B9K1gt1HqEazRwn2lz3bQNaWUYWoFqosZb4S1y96dA2fC9jVHNqdbKvUwO7gH_Sw1cE-Mnzh3nZcS_Vk7e_G2QgMiqJnyPqhmYs-mYDr5QfNYJtnn31kehSAwXItNXA4jrdztCiUpfUTo-FIoTBibPqsHKb2-m4W7C_ONZxvHLdDXmlkgcSm8H/2g2uMJKJ_PC4G-pK1B7EiICXfbov0u3ezuC5CDZdXXA)""",유어백,2026.7.2,2026.7.23,,26.7.13-7.17_유어백,,김민지,07월,
PNA52791_포켓 마켓백_A1,PO074503,PNA52791-유네스코한국위원회,포켓마켓백,"완제품공임(포켓마켓백), 포켓마켓백, 실크",1000,1003,https://airtable.com/appkRWtF2j99XgBTq/pag4McZ2Tc7xALrrs?5hZOH=recxAQzdjTKyqRFGn&UvxrW=recq1kkwfQQi4W9dM&Aq5EA=recXtLOiB5ZIFe5r4,"""Order_,PNA52791_PocketMarketBag.pdf (https://v5.airtableusercontent.com/v3/u/55/55/1784016000000/Ameoqd2lXaZUDCz7ZIPZLg/qoMBs2WQiFYS0RJjc0JNNUJ9pX15MxObEYHNyDd9LQW_Ei-PCXYFGMG-mlaSv3juYU9nyMLbHDfdogbIUwtTDRJn3bqnCO7GEdZU5HhgIIX6y83PwTqDQHQeRWzaRg9wAaeDlrXpMm0ysQLQe2o679iz6bN3UKxQikiO2YDyo0037wDxvAJMudtPCTxbdtDR/XM4zfVK-k1wMXKh_bUEX6Yd6J9wi9TpYfeTm-97P9oc)""",유어백,2026.7.8,2026.8.12,,26.7.13-7.17_유어백,,김민지,07월,
PNA52868_톤앤톤 쿨러백_A1,PO074520,PNA52868-뷰티셀렉션,톤앤톤쿨러백,"지퍼, 톤앤톤쿨러백, 실크",100,101,https://airtable.com/appkRWtF2j99XgBTq/pag4McZ2Tc7xALrrs?5hZOH=recxAQzdjTKyqRFGn&UvxrW=reciaub6YgZ1FAEfb&Aq5EA=recmoZuuacGqACQlB,"""Order_,PNA52868_Tone&amp;ToneCoolerBag.pdf (https://v5.airtableusercontent.com/v3/u/55/55/1784016000000/Q_iD7fxopoxFg8OnyT-J7w/jAo3ExCfJopWfxq8boCurlg1y8YDHqbt-gP0eE-y-PlNVwFmvds-ihDMKbvoa7tfBW2wSbw_P-NqvdPLLoouKy9euEd340eli5d7fOEGN-D3FuiSq-M0SyfnyobrSOQRCN2aDByVtglcden0FHPoVUkiFNsVMSN3xku0fV9DeMH-MkdQufoGs_U0e1Sp9hfbIn_BXpljswCGlBTmIYD_Iw/pwA9bLVdTBdAn_V_HTLVPMAjnIskZ03snJNvlO8vcdI)""",유어백,2026.7.8,2026.7.22,,,,김민지,07월,
PNA52709_매트블랙 텀블러 [1]_B1,PO074338,PNA52709-한국무역협회,불박(매트블랙 텀블러_가죽슬리브),"가죽슬리브, 공박(음각)",300,301,https://airtable.com/appkRWtF2j99XgBTq/pag4McZ2Tc7xALrrs?5hZOH=recxAQzdjTKyqRFGn&UvxrW=recsMSiBowuLybZoN&Aq5EA=recmVcDH5dlNKycSK,"""Order_PNA52709_Matt_Sleeve,.pdf (https://v5.airtableusercontent.com/v3/u/55/55/1784016000000/uZFQkGYa-0JXFhptiFNqLg/3k6DSxsEbnOFpi1dhZoVHB9Ocu6MlAPpVsvCHbWoWEHpP8YanQhlQHlh3Kcgb9JvFejsrf3kJbU3is5yDhh_PAxmPJUv6S5sDX85vvPFRcrRxy4V_vwKT5zQRQaIw44QmkHoOosWL9V4eK9AMjfifgXvHjBiUDyciY6HveurnbP_QawsHZLt6tOR3OBROC42/3lFf6cRUcngw13xgpMKi5uBjedGniFmC8kyzthJsCzE)""",유엘상사,2026.7.1,2026.7.16,,26.8.3-8.7_유엘상사,,김민지,07월,
PNA52919_매트블랙 텀블러_B1,PO074592,PNA52919-성공홀딩스,불박(매트블랙 텀블러_가죽슬리브),"가죽슬리브, 공박(음각)",100,102,https://airtable.com/appkRWtF2j99XgBTq/pag4McZ2Tc7xALrrs?5hZOH=recxAQzdjTKyqRFGn&UvxrW=recRA0qmX686knDYM&Aq5EA=reclTQjLGlJxJj7nU,"""Order_,PNA52919_Matt_Sleeve.pdf (https://v5.airtableusercontent.com/v3/u/55/55/1784016000000/2fa15KFkAtVkcyUah6e5qg/gVCqOnENFYCBdsh2uh2cODyj_ojrhU_BtqqBUFtBXBZMPNRKBMrP06K014Oiisf1hjvQiwMtPKPQnUFC2243G0H3l6jE0FnlIiDxBNbZeNlFTBZabCI464UWcXppR5RQS0z-ultV2cG6753bbqkgvC-9xNmfb9y0uXB3m4Ba2LN28HNkTkMSSfCovMp6ZXmX/HoP2Md7N6Knkiiu5OglE2E1uZXgYithZV-hqKdS_H30)""",유엘상사,2026.7.10,2026.7.17,,,,김민지,07월,
PNA52796_스타일 수면안대_A1,PO074384,PNA52796-코슬립수면의원,스타일수면안대,"스타일수면안대, 패브릭디지털, 안대파우치, 안대파우치, OPP(안대파우치), 패브릭디지털",300,301,https://airtable.com/appkRWtF2j99XgBTq/pag4McZ2Tc7xALrrs?5hZOH=recxAQzdjTKyqRFGn&UvxrW=recGn1wj553HyLl8P&Aq5EA=rec90zgquI6g28q9P,Order_PNA52796_PO074384.pdf (https://v5.airtableusercontent.com/v3/u/55/55/1784016000000/z8UNzv1YBFgzm-SUheyqHg/6sIFl8Rf92d2Xzq-pAP288Rl5gEAI370_f9hf0TxRxP_CmUW5DzuWiIPhWy7rEVppaZjDIrpAoJJw5EJHs9fe_nb-t9Hrj9hHZIW_5Lb75Mele3AN6I_2lLS9v79-lQFs31IMBS6iis6HIf0qE2M31aZFJ-GaR-a7A4Updd6JHJES9Q_Sxp_Qz-DlHGI_vIS/KfxJgBn9F0e4G2gB5TtbSDnKBMO0NMP2chqY_thQscA),주식회사 세라노,2026.7.3,2026.7.14,,26.7.13-7.17_주식회사 세라노,,김민지,07월,
PNA52459_에브리 폴더블 멀티충전기_A1,PO074625,PNA52459-나이스홀딩스,에브리폴더블멀티충전기,"UV, 에브리폴더블멀티충전기",170,175,https://airtable.com/appkRWtF2j99XgBTq/pag4McZ2Tc7xALrrs?5hZOH=recxAQzdjTKyqRFGn&UvxrW=recPAWWKmbJHqRabl&Aq5EA=recjzhT9FSaUwUg3y,"""Order_PNA52459_Every_MultiCharger,.pdf (https://v5.airtableusercontent.com/v3/u/55/55/1784016000000/3uqS7XTmhtY_P7MQAN9I6Q/7yb5BBuVp0irj8wy5lYSN6-NvDPbz5JNYfUXa-RfEfQCCS1Ai0QgaUiHq20xdz7623Gx3m0Hs-O30izTvPXm3sPl4qR6tQDBYQc9ij4t-AHE_1yus70BRfjmRNgLOorjTIecRJ4h1kj2IztyeMiUM0J6b7D-njbkeTgz2NlS3GwHw3jXl8qpqRxP1xMZeBwU/MIV8I-jV13CsdL_aSOemk3WIbSPpIHIBDlpXfqAzSpE)""",주식회사 알리오코리아,2026.7.14,2026.7.23,,,,김민지,07월,
PNA52676_오피스 마우스패드 [1]_A1,PO074421,PNA52676-알로스타,오피스마우스패드+인쇄,"OPP, 공박(음각), 오피스마우스패드(스탠다드)",100,101,https://airtable.com/appkRWtF2j99XgBTq/pag4McZ2Tc7xALrrs?5hZOH=recxAQzdjTKyqRFGn&UvxrW=recAXl3g0SrpjsOgi&Aq5EA=recNneBaQIN331pVF,"""Order_,PNA52676_Mousepad.pdf (https://v5.airtableusercontent.com/v3/u/55/55/1784016000000/kQzidaJS_d-vJ_dOw338-Q/4EJx63Qlqm9RA0E7XhOA5UGfofKKTlG2BrQyLrlI5wiuwYTQLjwGCT4kgTYt90L4pO4tb4BeQDANemLVoj011BlNa9Co-F5g3a-IuHOrKf_bjSnEyMvR02-9mEABQlDBnMjy52W2-Z78v6F3aTKURv2M76NWehwhiMJxUDd0rKTlqfRH7MhUgrZxLgSrv6zc/-suGbUFA8DQebeyZ1Wa165bGr5SPZLQ-DNsWso4mgEk)""",주식회사 이루커머스,2026.7.6,2026.7.14,,26.7.13-7.17_주식회사 이루커머스,,김민지,07월,
PNA52868_데코 스티커_A1,PO074521,PNA52868-뷰티셀렉션,데코 스티커,"OPP, 데코스티커",100,100,https://airtable.com/appkRWtF2j99XgBTq/pag4McZ2Tc7xALrrs?5hZOH=recxAQzdjTKyqRFGn&UvxrW=recDmWwYXPHnA2vKz&Aq5EA=recmoZuuacGqACQlB,"""Order_,PNA52868_DecoSticker_Removable_130x190.pdf (https://v5.airtableusercontent.com/v3/u/55/55/1784016000000/UV_j8WJnOMoz6_Mv9LL85w/K7Bc-P-80WP-d1U86pNUz5i0JZpVBuYITaqcRoxsPxhp3-fCimJWSQYuO0wEYLxiM2ClKb-Xu5V5mq9IdiV38qZrQrHKa6lcWilTW7rW2EM665j--Gmzl1rCuS61Xgl4l7S1Nya9ZHsQ5Oh-1XJv4EtslqkpNdZ9SKtq_R-Gvk4rW6PrVLfccW8hhMKo1pPYypcmZoiWd-DkmNZ6t9Cjrw/XoUVO2PYqDrM_gojt-U955TIbUxZjj8qDoWMQ7LPvCQ)""",주식회사 케이원랩(KWON LAB),2026.7.8,2026.7.22,,,,김민지,07월,
PNA52675_프리미엄 스트링 후드집업_A1,PO074541,PNA52675-플러그링크,오디너리후드집업+인쇄,"자수, 나염, 오디너리후드집업(SS)",50,52,https://airtable.com/appkRWtF2j99XgBTq/pag4McZ2Tc7xALrrs?5hZOH=recxAQzdjTKyqRFGn&UvxrW=recIEZoblKSIaRXBV&Aq5EA=recXwOzz4EvjmOyjc,Order_PNA52675_PO074541.pdf (https://v5.airtableusercontent.com/v3/u/55/55/1784016000000/6IbOCcYIlB0HGr20LmP1Zg/ab6zs1gCmnoc6ZkHPUYJzg1mfNQFn-tEgz_eRFUhxijeE4YV7iLYspqYAJsSA0e8GwlqJEohanPJkofra1tUWypqjWzXuJM7icOvYIrSh-LaoOFWyAnk6AxeKaZI72GWpozP8NSZW1Sp2PEkZOZrJe_fbyArhI6ObmmJBmTDRTnRIUG-mcF_83apesqASaSp/GnobnbHrlTSebJyKvAgn4hM5AD_n7LFCet8nmSyck2k),크루티,2026.7.9,2026.7.29,,26.7.20-7.24_크루티,,김민지,07월,
PNA52896_브랜디드 노트북백_A1,PO074578,PNA52896-MAL,브랜디드노트북백,"레이저각인, 브랜디드노트북백",50,51,https://airtable.com/appkRWtF2j99XgBTq/pag4McZ2Tc7xALrrs?5hZOH=recxAQzdjTKyqRFGn&UvxrW=recyFpdbRKVd8G0rS&Aq5EA=recS8CYx5gPs0zcJ9,"""Order_PNA52896_BrandedLaptopbag_Laser,.pdf (https://v5.airtableusercontent.com/v3/u/55/55/1784016000000/46-5Bxf5rtnyqIhUwUjQjw/Kr29otT9pkm1zAQFusKYpwA6EDViJfC3u5SAfSohnPiIceiPeEJpafQg8UQacPgZedyH0u97pBjPGL1cvk5W4Tz9TWJ1cZnkO5Y_CknQzdvpPWBJm-D3T95jdEPB2cwrTYq0GHEOC6BAnddsa5vLYQn0MaciQd4bI6Db0fclL-zH5AfH4VRb0isT1jWvb9Qp2qbvukyi0OMQX3T_uCt19Q/aC4DoNPRgh9AOfLLSq_pn1RqbsvfpgR94g_MMnOKvw0)""",타우하이텍,2026.7.10,2026.7.22,,,,김민지,07월,
PNA52766_클리어 리유저블컵_A1,PO074588,PNA52766-메디테라피,실크((클리어 리유저블컵),"클리어리유저블컵_바디(473ml), UV실크",100,102,https://airtable.com/appkRWtF2j99XgBTq/pag4McZ2Tc7xALrrs?5hZOH=recwGP2SHVcvsxJMj&UvxrW=recZXxJSORvMqpZrc&Aq5EA=rec0n8QpVvUShScDX,"""Order_,PNA52766_ClearReusable_Cup.pdf (https://v5.airtableusercontent.com/v3/u/55/55/1784016000000/9DQxKDiNDg90jwhBY9J9Aw/HpHNgMa5MpXTtSsPKqgNiU6-zzByo8_VB7Nv5lQ_L7WhE8XpSdMK-kso6ztoCxgsYTwjf20yKSXriz6Hj9-epDZJy6W4yEmIXrgktvvyDs9lCaStW92C1Hzpl7AbQW9_EowoTe8U1XYngbF-VfM17-9k_LjS2PZTAjEHlin5gs7XiBLfzgWLUUcuIc7fmHHJ/TYK5OEyn9ypoHYJS1D6R4v4TcMW9rsE4UrTjCFCs8NI)""",성우스크린,2026.7.10,2026.7.20,,,2026.7.10 4:30오후,김영준,07월,
PNA52009_브랜드 스트랩 단우산_A1,PO074563,PNA52009-NanoH2O,브랜드스트랩단우산(블랙),"우산스트랩(기본), OPP",300,301,https://airtable.com/appkRWtF2j99XgBTq/pag4McZ2Tc7xALrrs?5hZOH=reclxArUqrG8RX4sO&UvxrW=rec9wOhwvCrzk6Ijq&Aq5EA=recKk02OTAV8pFfxH,Order_PNA52009_PO074563.pdf (https://v5.airtableusercontent.com/v3/u/55/55/1784016000000/VJASp9HxmHqYV-wvrpOzlQ/AwM6hv57n2POINr0UK_8wG6Em2SPgpR9fdzsvMUN8fi5UdMus52-Yi6DJmlnHJzGfszxvRAVHsRoKiN2zyBYt4Dd1wM8P58uw8bzp3Fy5RZj-gbNEI3kM_6p1_k_iGo1cVfflp6yG5szievWhei5xtFQPH1hQcIFFP5DuFd6n3yc5buqx5-U01GQ8mKRLRsK/6b7dn6bZYf7M8P17_VoF8Wb3AdtcpUZrNy25aTTgNgU),(주)유닉스글로벌,2026.7.10,2026.7.14,,26.7.20-7.24_(주)유닉스글로벌,2026.7.10 12:01오후,김하은,07월,
PNA38461_0709_3731,PO074533,PNA38461-26년7월_재고생산,캐리미와인잔(컵부분),,,1440,https://airtable.com/appkRWtF2j99XgBTq/pag4McZ2Tc7xALrrs?5hZOH=reclxArUqrG8RX4sO&UvxrW=recftazq5tdp97l5u&Aq5EA=recdLBecYeOxUwCQb,Order_PNA38461_PO074533.pdf (https://v5.airtableusercontent.com/v3/u/55/55/1784016000000/p4YJGNLvl0ig6H0ZeKh7Sg/sBs24YqRKXLYpoq8CnEIYDNp6IywxjrSK9AjOKyarAhO5t7A6NnOVXwbG7eLuPR9SiWdi8IWk6uZHSlb4IZS_BRLG8Uv2jqEkM8gZM4r04bX2JHY3dknMu0jNAl618TTFHqLXRwc87nAEybqZIpYxodnPjYdzDPxzU1E53zbWEXHCM5T46gXTfMMuO9gEGji/gSDQ7qEOtVIsYnUq1dk2R5RHMUbTC-DtV0OVM83pVMo),보소코리아,2026.7.9,2026.7.14,,26.7.13-7.17_보소코리아,2026.7.9 11:44오전,김하은,07월,
PNA38461_0709_3761,PO074535,PNA38461-26년7월_재고생산,캐리미와인잔(2개입케이스),,,755,https://airtable.com/appkRWtF2j99XgBTq/pag4McZ2Tc7xALrrs?5hZOH=reclxArUqrG8RX4sO&UvxrW=recSaOnpAPJuFWFa4&Aq5EA=recdLBecYeOxUwCQb,Order_PNA38461_PO074535.pdf (https://v5.airtableusercontent.com/v3/u/55/55/1784016000000/w4UJsOKWfsfJFfD-hH1tZg/uQg_sdirOmcZHUeGciP0o31uJuVMUZRbfyU7F8sJ0flqYOBmxLAn6x_SXpt0-BPJUXrZlaHmsVCLdLODLCzMIMLOLnhhDkW9CY3-rdhGgja9g3OyYHzaL8_WxTnRDv4gcvDqDaDdtN3yAld2Z4qkoAV5cTsvwok0lTA2fPVYy6_8yP4zm5mZeiwHwo5-MWTD/IaG2frvIjwSYBVgkdAcSigAB9QsrB2iSB2Xko5IaFvQ),보소코리아,2026.7.9,2026.7.14,,26.7.13-7.17_보소코리아,2026.7.9 11:44오전,김하은,07월,
PNA38461_0709_3741,PO074534,PNA38461-26년7월_재고생산,캐리미와인잔(투명/받침대),,,1440,https://airtable.com/appkRWtF2j99XgBTq/pag4McZ2Tc7xALrrs?5hZOH=reclxArUqrG8RX4sO&UvxrW=rec75zSjWwLdsDMPv&Aq5EA=recdLBecYeOxUwCQb,Order_PNA38461_PO074534.pdf (https://v5.airtableusercontent.com/v3/u/55/55/1784016000000/rIOnhXsLVFBdChKErdEQ_A/BoVroiZ1ns8hGc9o7euisTiUuaK3M3qbooGPeX1itzkDQJ_Funcajx-_sByfwRDvfZeTgoaT6tusjCAaWO-aNh6Ns0XgsLQTJYUSihXxUwWyGwyjJiRuuPzhWzemG46QgGnJSv0HMnlZtnu1X8GfRmumjwFbDw3LO-Ljl4iLP6AAWec4jePkYZNQd7YjPpV_/6sfkwUqypZKlH4T9Nz5mF4Ix9nxP4arTVg7Ou5PJVhs),보소코리아,2026.7.9,2026.7.14,,26.7.13-7.17_보소코리아,2026.7.9 11:44오전,김하은,07월,
PNA38461_0714_3741,PO074636,PNA38461-26년7월_재고생산,캐리미와인잔(투명/받침대),,,202,https://airtable.com/appkRWtF2j99XgBTq/pag4McZ2Tc7xALrrs?5hZOH=reclxArUqrG8RX4sO&UvxrW=recBsdyWKJvusLEAA&Aq5EA=recdLBecYeOxUwCQb,Order_PNA38461_PO074636.pdf (https://v5.airtableusercontent.com/v3/u/55/55/1784016000000/RsC8lRzfe601W7RojNJTCg/tuVQoRRkArhT6lzlDu_XtwmfKu-fCHuTq8PfBXoAksW7iKO5erCtYuItebeeZX_naakhQXp8oO3by5fMUxmoT79Y7QrwiwZBXnxG70ErP_zI91GPKwSfYFs5GQoF1fLOAGkEpfnu19Y5iWPtknLjrqj2-b7ZB9eLnvlePfIAiqWuhhn1tKJTRwxYK3LJYEVh/HbbnafFx1wMT9gZXVWBLDq8NjY2vP-Y0BySw5OM_avg),보소코리아,2026.7.14,2026.7.20,,,2026.7.14 2:26오후,김하은,07월,
PNA38461_0714_3731,PO074635,PNA38461-26년7월_재고생산,캐리미와인잔(컵부분),,,202,https://airtable.com/appkRWtF2j99XgBTq/pag4McZ2Tc7xALrrs?5hZOH=reclxArUqrG8RX4sO&UvxrW=recwxY3EdOZ2TPYK9&Aq5EA=recdLBecYeOxUwCQb,Order_PNA38461_PO074635.pdf (https://v5.airtableusercontent.com/v3/u/55/55/1784016000000/lEx-JLrdWaZf0vsdGU2JjQ/sBnmte5E8cJ6krdJxqWCWSRXFkZ5_04R6VVQYK4SVyl-Fy4PKyG4Bukwn-z-9LNvdREfnlmlgsRpXyXGJwvR9SmwCtxi9D8zfIcA04wTcZWC9NgfVYE2rEYcfJssm4XB7WR8YwZuvqyOYq3vjCeGJWrDEcQ9EqnABch18P1YoL3quiOAAjzmJ2DqSxGa5R_5/GkR_MQxrbiSbqzcxtJXUUN_j-2-LfIsmcnK9lzaD2nM),보소코리아,2026.7.14,2026.7.20,,,2026.7.14 2:26오후,김하은,07월,
PNA52896_화이트 쇼핑백_A1,PO074591,PNA52896-MAL,쇼핑백(화이트_기타사이즈),,50,55,https://airtable.com/appkRWtF2j99XgBTq/pag4McZ2Tc7xALrrs?5hZOH=reclxArUqrG8RX4sO&UvxrW=recVKckEcUEZjjPsG&Aq5EA=recS8CYx5gPs0zcJ9,Order_PNA52896_PO074591.pdf (https://v5.airtableusercontent.com/v3/u/55/55/1784016000000/vLIEYyU3_ea-Lg2lqlsdsA/uIj-f3-abBH74xvXkmyNik0VDGUkEv_wtdsPJCEHRrbviw2pbf2oXQd3dbExJ5yFiN6j6BlHBVoLwilF5AT8yrg43ZnRIX32bRS20SoX6OmTPt-rC-BBQLh29B9q9coYW2kP4SlW64n18OaZIQnQYIi1VlkknnEIsMfrIo4JNGG4bt1bLOHseQ5lbCe3S-jV/ooSR3YIDvEJe53dv3KmF6de3Vs-LURYu4AfWj_FsIvw),에이피피몰,2026.7.13,2026.7.14,,26.7.13-7.17_에이피피몰,2026.7.13 10:23오전,김하은,07월,
PNA52492_스펙트럼 컬러펜_A1,PO074624,PNA52492-자라리테일코리아,스펙트럼컬러펜(다크블루.블랙잉크),,200,202,https://airtable.com/appkRWtF2j99XgBTq/pag4McZ2Tc7xALrrs?5hZOH=reclxArUqrG8RX4sO&UvxrW=reclz0hYnzLKSKWX5&Aq5EA=recSaeHAvvygCFXEM,Order_PNA52492_PO074624.pdf (https://v5.airtableusercontent.com/v3/u/55/55/1784016000000/Mm5_IeRJ64GFpLOshmxhFg/wN9rUgnpJdzdJS134X2roZKw4IcwPI2t3Trft8dpiThblh9j4SMfUlTPbNu8aR81Hx_AHRRcK0zRsgMWBxN_EimuOccbWGa6zw-hqkfi-LjxfRuAZ1UKtahriNnxB2vQxuQ_JCBTsu276phm2TTw4Bpg-2rx_7AFcZdJHKqFAkzCFJVtxuJIWwGJRNoOGPFT/48kyOwxLDsYfFZHuFv5hZLQVsPXGhe2Nsu8DDNzV33s),엘바 (ELVA),2026.7.14,2026.7.16,,,2026.7.14 2:22오후,김하은,07월,
PNA38461_0709_2121,PO074544,PNA38461-26년7월_재고생산,골프공(화이트/타이틀리스트프로V1),,,312,https://airtable.com/appkRWtF2j99XgBTq/pag4McZ2Tc7xALrrs?5hZOH=reclxArUqrG8RX4sO&UvxrW=recNtzqiZcMD0aJ1b&Aq5EA=recdLBecYeOxUwCQb,Order_PNA38461_PO074544.pdf (https://v5.airtableusercontent.com/v3/u/55/55/1784016000000/WWlv45KHXF5q_NxAnGYMhA/ufGBpSEdiBZOr1oLv1TKqklDC_P0m_pVWn5ZxRm5EWBhMdBiIvAWRJ_i3xtUsyzCh2LGFZ7gHMySHvoMUJy8fhGNaEcZLFxIdKgS7T0IUpWB4i-d5PPYq4_axiripsGI1yCPE2NybbT3gMkW8BVd1w45b-AaCIoyhgg5rLootbmy8Hju5sxIvYMK4NRSiPo3/gpqBgMymfOb2kB7m4_0otcVo_MrR0gXvA3jXwrdhxSQ),주식회사 연준프로비전,2026.7.9,2026.7.17,,26.7.13-7.17_주식회사 연준프로비전,2026.7.9 2:38오후,김하은,07월,
PNA52919_스탠딩 휴대용 선풍기 | LUMENA_A1,PO074554,PNA52919-성공홀딩스,실크(스탠딩 휴대용 선풍기),"실크, 스탠딩휴대용선풍기",100,101,https://airtable.com/appkRWtF2j99XgBTq/pag4McZ2Tc7xALrrs?5hZOH=recWOWtiCUDDjm3i5&UvxrW=reciTvkVpJBz3EJ43&Aq5EA=reclTQjLGlJxJj7nU,"""Order_,PNA52919_StandingPortableFan.pdf (https://v5.airtableusercontent.com/v3/u/55/55/1784016000000/tT7is_rIGh9xqGrwhnQW0w/5NaYAWBuKr4faaJDR6_Tt8Ar851iF-eQRLsFfwJDCKnkdZWNDAps7RSB0n5co7v7NAmfqCoDKqAY68FY1YAyoziEWurhOitlu0us60Fo00ru5FgofHCBtwv8yw-oLTSbn3TEGaRF03ffpgfMzl5zjNxIFxugqIJYeFU9cXUJRBcd_aaJmUJJDnZrNDxPEWUA/Gzg3sCcTUL7gwz7msYXZyBmwPCgC7Fhjq7-gf7A-okA)""",(주)루메나,2026.7.9,2026.7.20,,,,육승미,07월,
PNA52898_메시지 캐리어 파우치_A1,PO074560,PNA52898-에픽엔터테인먼트,메시지캐리어파우치,"메시지캐리어파우치, UV",62,63,https://airtable.com/appkRWtF2j99XgBTq/pag4McZ2Tc7xALrrs?5hZOH=recWOWtiCUDDjm3i5&UvxrW=recKobLnGncBN6R5T&Aq5EA=rec1gfDnopd22Qn0Z,"""Order_,PNA52898_MessageCarrierPouch.pdf (https://v5.airtableusercontent.com/v3/u/55/55/1784016000000/wB3VmUI-AMWnsQADrCW7xQ/9XYN0JSYKDB2DhQ6-tOhzZZD1aHVhl7ZcRGpb2VuksHVM0smYMnjLFUKSphEH10jSPdulceXt5VvRPgIpGoBS-2LeXzgFOiAA36eaUEIoQTGbIyr5M4ljOCioim_rCEuueHQX0-U6wQLAaARsd8PAOF_KAZ3FuzG1QPIer_xyriK-iz4z5RoEjOBREQA9Qs8/pdQr2tjp1ckwCd2bUGhXi1b11CAekLTmJw0X5MTTt_8)""",(주)뮤스트,2026.7.10,2026.7.20,,26.7.20-7.24_(주)뮤스트,,육승미,07월,
PNA52877_슬림 터보선풍기_A1,PO074529,PNA52877-아이콘커뮤니케이션,슬림터보선풍기,"슬림터보선풍기(냉각패드형), 레이저각인",500,503,https://airtable.com/appkRWtF2j99XgBTq/pag4McZ2Tc7xALrrs?5hZOH=recWOWtiCUDDjm3i5&UvxrW=recZvHcx4b3awJw6q&Aq5EA=recMWW9BwFuVyLlgC,"""Order_,PNA52877_Slim_TurboFan_Laser.pdf (https://v5.airtableusercontent.com/v3/u/55/55/1784016000000/pvz6Hc-Rs2QLC8CiQnFQDw/mZAg0jHU20u-bAqzXOHXaXWC6bleIEeuhGb6gbj8ICRa3KUOdP40SVPrzLwoBygZjl_sB5gjKJIcxOzpj7FIbfvu3Wl-AnCXkIhKwGylzD_dPXCFtESGmqi_P7S11b8D-2F97d3yalCGB0_klabdQxCjCy6hHphXnmz3Wcc2rcjBtixHacbfWNIt6TFbJVrW/Vgx42ktcjm4BrTyjH_RXlaYdljshTjaPT06ghI0-yU0)""",(주)쉔코리아,2026.7.9,2026.7.15,,,,육승미,07월,
PNA52867_라미 사파리 펜_A1,PO074508,PNA52867-모츠,사파리볼펜+인쇄,"사파리볼펜, 컬러조각인쇄, 덮개박스(라미사파리펜)",85,87,https://airtable.com/appkRWtF2j99XgBTq/pag4McZ2Tc7xALrrs?5hZOH=recWOWtiCUDDjm3i5&UvxrW=recNAXNDNJYdroasl&Aq5EA=recSyQ8xwbmTWk5k1,"""Order_,PNA52867_LAMY_SAFARI.pdf (https://v5.airtableusercontent.com/v3/u/55/55/1784016000000/Xu3SRvD8gkNedpXwEDGdWA/rwGUQ113bZ7CbqIiBAPKhU-j0af-lWXY9x0BOpbSuD-pSnUHsrjhKzStySe7t0KO6O_qb5FwvQp5H_gbOQKbz2AV2h7L72o11VfXjNOEQp8Oq3vokVquWEUPe75BkI15Em7_T4E7Fpj--hAdpkN9nRqa-QmOOq8EgEz-yUvmDd4zJlmGcmVJjAkRoI_7eESp/HQ1QVlUgHduhtxF7SVL6aNtCQTVNJttt35i_h0RwZPc)""",디케이에스에이치코리아(주),2026.7.8,2026.7.16,,,,육승미,07월,
PNA52646_미니멀 스텐머그 [1]_C1,PO074381,PNA52646-플라잉베어(메리츠증권),사각스티커(미니멀 스텐머그),,500,550,https://airtable.com/appkRWtF2j99XgBTq/pag4McZ2Tc7xALrrs?5hZOH=recWOWtiCUDDjm3i5&UvxrW=recA61p5HnVWjsFCv&Aq5EA=reccAQSDQgc4RR7I3,Order_PNA52646_MinimalStainlessMug_sticker_120x75.pdf (https://v5.airtableusercontent.com/v3/u/55/55/1784016000000/dsq1qp3TdG78_-WTMQ7mSg/VTRbH5N3q1ImVYnqMgMuLXaFPVqPI1zbgIrSCvbvgp-zK1148z__mo5S-3VgMvU3TL5OwYX1RCOC1ok8ZxOew0nJfvWcI9kBn6Tr72QKQuZH9vN1SMa8MlapRMW_yzdXASDjzyeSZewx13qKpN5FQISuDEkTF1y_AClsLJQX6ufrRRAnDe_qsD_R-DzfDL-gnU6dNMvMDTG2T2fR45bAcg/Uyz8i89wAjhVhwsmhbrpFoVXvOhGK1UKBnVN7xupQlc),서울디지털인쇄협동조합,2026.7.2,2026.7.22,,,2026.7.2 2:55오후,육승미,07월,
PNA52646_포켓 마켓백 [1]_B1,PO074377,PNA52646-플라잉베어(메리츠증권),핸들슬리브(포켓 마켓백),,500,530,https://airtable.com/appkRWtF2j99XgBTq/pag4McZ2Tc7xALrrs?5hZOH=recWOWtiCUDDjm3i5&UvxrW=recfgVeeBOPpbuRY8&Aq5EA=reccAQSDQgc4RR7I3,Order_PNA52646_PocketMarketbag_HandleSleeve.pdf (https://v5.airtableusercontent.com/v3/u/55/55/1784016000000/cRqMVAXueMDvRRzYP5fHSQ/RjSX9Lh46FmLfpLnFBWvEHgbFCcaxGEUI8Gnb70AV4l_NfFjh5QXKIc9dUVymuR01MdEAw4bpaYcdeMmb5maR2umLP83aMvLU-3eOO6McgrYK8yVkryfgC2Hfgex7cqUHZfWMQfSQJlS4fMqvib11O1gpwzTwj0-Ox49zJusKc9Tg2pzGDjJfGa84wpptDgyvCZwg75cBN_tnHHpF2-fKw/WJ2L93uXgk6XdWMwGrV2mlvNZo5IbYzpMAgBha67Wdg),서울디지털인쇄협동조합,2026.7.2,2026.7.22,,,2026.7.2 2:55오후,육승미,07월,
PNA52586_풀커버 스티치 노트_A1,PO074399,PNA52586-플랜백,풀커버스티치노트(디지털인쇄),"풀커버스티치노트(레드프린팅)(내지), 풀커버스티치노트(레드프린팅)(스티치), 풀커버스티치노트(레드프린팅)(커버)",100,110,https://airtable.com/appkRWtF2j99XgBTq/pag4McZ2Tc7xALrrs?5hZOH=recWOWtiCUDDjm3i5&UvxrW=recpvjPkqnnVfe40W&Aq5EA=recok9mGfae1acEGR,"""Order_,PNA52586_FullCover_StitchNote.pdf (https://v5.airtableusercontent.com/v3/u/55/55/1784016000000/a7fnpbQCdTjk4zILmi3peA/-_E4zjjJx1x1XmBWrft5os9dGhaD7o-rAhox8guJh7cdOSfHCzr2f0IR8OfNzL8-l5NePe5X6GNB_sKLeSVbYw2laztT4nIdM1FB6-kAgNvF_1VJGKUHLrwX7s8uDwpFF2OB9d-Ju2K04F69OwE-D5lka5C-QGPI1pKDxLQkpYavVP8tQ-GgTGMVq_UZwvQDLMr0VRw9KtVvQgGenYuG1g/_ikmJRnda_uVxHnyp4d2n3URcikeQeeb7IweWnj5T3U)""",서울디지털인쇄협동조합,2026.7.3,2026.7.15,,,2026.7.3 4:25오후,육승미,07월,
PNA52552_홀리데이 네임택_D1,PO074426,PNA52552-메가젠임플란트,사각스티커(네임택),,1000,1100,https://airtable.com/appkRWtF2j99XgBTq/pag4McZ2Tc7xALrrs?5hZOH=recWOWtiCUDDjm3i5&UvxrW=recsnZSlfKIP8o0Rr&Aq5EA=rec53Sxk3quaPWUio,Order_PNA52552_HolidayNameTag_Sticker_33x44.pdf (https://v5.airtableusercontent.com/v3/u/55/55/1784016000000/hF-EnYXFrVtlcWROZfMZ5g/qESGEUtEPlN6sBt39I4xI408TIw32RdGCkI-U3qfMLoXwZAfThg3Ut4Bw9UnTLFd2zrKjNflXJmCaptk7ys_ZN9tcBelyu8mRN3_JVmWEjnIvT_pF3GlArM9wpuA6gNngzIJ3vRZV1x_PiTIOF9ALbcq6lYssiFtw-wiuYMofmD7oDG0YuKUlTc2OEVj0_z9yqo8T9m8q-YJFDgmXaG-qA/lHiASXFMMW4Rqcf2gnSIK11jmdvKl6UjR8L93RfPqMk),서울디지털인쇄협동조합,2026.7.6,2026.7.22,,,2026.7.6 11:23오전,육승미,07월,
PNA52751_아트워크 타월_E1,PO074419,PNA52751-대구문화예술진흥원,띠지(브랜디드 타월),,300,330,https://airtable.com/appkRWtF2j99XgBTq/pag4McZ2Tc7xALrrs?5hZOH=recWOWtiCUDDjm3i5&UvxrW=recwKTCeWokJYc2Gw&Aq5EA=rec5lcNWxv1dd7vlP,Order_PNA52751_Artwork_Towel_Band_85x665.pdf (https://v5.airtableusercontent.com/v3/u/55/55/1784016000000/uxIsx9lRV_H70dvOnHMz-A/WMkmKSOYWe-giBiFWmGW7k-wOV1BBSLN-ngiHWGmrvA1XHdEsmgL074VdaEebjNUt6hXeTCASBEWjRtItONT9rIRVVLme8L61RAF7vFJx4ksDmQUu8VQTSHBn35JAWHSUUF3cwr-u3UQIR9pkoUhfvvxuKqtC1gGCug93Lz1QnAJaYFMTlY7Fg7amR5HdzrGVcpVhAITVb0PXqCesdE4kg/GbmsHMQvjzcM3WtBLTHxWsop3AS5oI_uaSGslg5D8-s),서울디지털인쇄협동조합,2026.7.6,2026.7.15,,,2026.7.6 11:23오전,육승미,07월,
PNA52802_풀커버 스티치 노트_A1,PO074466,PNA52802-비올,풀커버스티치노트(디지털인쇄),"풀커버스티치노트(레드프린팅)(내지), 풀커버스티치노트(레드프린팅)(커버), 풀커버스티치노트(레드프린팅)(스티치)",300,310,https://airtable.com/appkRWtF2j99XgBTq/pag4McZ2Tc7xALrrs?5hZOH=recWOWtiCUDDjm3i5&UvxrW=recufhXDYAVnlDLQi&Aq5EA=rec2VT5YqiAZfThJ4,"""Order_,PNA52802_FullCover_StitchNote.pdf (https://v5.airtableusercontent.com/v3/u/55/55/1784016000000/MsrfcWj1DyLdK30FIk8UtA/vL-_WxV6unrT8lVpAizS5X09DklGsUfepc8sn8_hJg75HsZnxc6PS9bfI9H3Jb159sHP6lJUzUQr9yNBoBN0G0tzWZscq4rpeGGM5yLiTTaENYon_F5RGc1xAXX04_AQGAaa2UH5NQkCMIx5Rds6qrVhgEAFeR9z5F_nXIw6Wp9TLvU1CJAQxXQB91C2x3IOYXqZK2Ipx-A9nTv7RShOEw/r_rzQ0mtzHO3bCvU2B-ZDKja-P766y0huHJH3WVB6Kw)""",서울디지털인쇄협동조합,2026.7.7,2026.7.15,,,,육승미,07월,
PNA52791_포켓 마켓백_B1,PO074502,PNA52791-유네스코한국위원회,핸들슬리브(포켓 마켓백),,1000,1050,https://airtable.com/appkRWtF2j99XgBTq/pag4McZ2Tc7xALrrs?5hZOH=recWOWtiCUDDjm3i5&UvxrW=recnSbjJvFoPCMaQD&Aq5EA=recXtLOiB5ZIFe5r4,Order_PNA52791_PocketMarketbag_HandleSleeve.pdf (https://v5.airtableusercontent.com/v3/u/55/55/1784016000000/CTuK1LYqvIoG5D2GZCaldw/0OhnxPStGW0OC3JEqQzkiu4YLi9SMQgQB3BLYet-Ze5nX3EUi99kQ0nPihUs60oeca4sHAJH4AZ_FrWgX_aOW_LOt6aBHBPc5FGwHPIqfsupwQSyyFisQg08ZE74pu7r3MKX01kE5IiF2IfC1xW2oKLQS9ggfSk71vQIebuf-M5WCD_TKdtb-q2QVt_2uhrkyQi-6HQ7kSFsWmuUZD2vjg/TGwctG_uhfroz1M1muiimWsWdej_Xp5rMz2zhT-Tjsw),서울디지털인쇄협동조합,2026.7.8,2026.7.29,,,,육승미,07월,
PNA52315_Solid 스탠다드 G형박스_D1,PO074552,PNA52315-아이지넷,띠지(Solid 커스텀 G형 박스_L),,55,60,https://airtable.com/appkRWtF2j99XgBTq/pag4McZ2Tc7xALrrs?5hZOH=recWOWtiCUDDjm3i5&UvxrW=rec0w086Ttm51EKu3&Aq5EA=recYdlWp7ZstrQgNJ,Order_PNA52315_(A0887)_Gbox_L_Band_85x665.pdf (https://v5.airtableusercontent.com/v3/u/55/55/1784016000000/Mb-pT4LoGBdCFh9D2eC23Q/Bn9D-JAjrxzYaRl-VNE-LcDWJZy8VMeeLCh_xsQMqhqjg4hYNQRArqQ3xfc2HmGJeGcNs9wMRKRLAGsLqyQzij3S6AiGIlcBrjrgHv6j2wQyrrIjP4GHjZT2g80pJeT-m5LU9_Hql-eFt2yV7JgNyQMzvCMgQ8YPlUvgNwxNgCIkL8ewdkcTsCkONHfG_JSjso3b0_1KwO6E51JChvQFdA/tZZTwfJ37uHd1Z2U0msIl2QztMi8cAtp5mQKHRJQ45I),서울디지털인쇄협동조합,2026.7.9,2026.7.16,,,2026.7.9 4:15오후,육승미,07월,
PNA52924_페이퍼 샤쉐_B1,PO074567,PNA52924-가빈컴퍼니,주의사항표기택(페이퍼 샤쉐_워터풀),,220,230,https://airtable.com/appkRWtF2j99XgBTq/pag4McZ2Tc7xALrrs?5hZOH=recWOWtiCUDDjm3i5&UvxrW=recdFhtEk6SsoOPuw&Aq5EA=rec2yUNWjXb62WYal,Order_PNA52924_Papersachet_Tag_Aqua.pdf (https://v5.airtableusercontent.com/v3/u/55/55/1784016000000/3YMInHMFyHmSkrn5jS7_Fw/RIUKZgOAU6VZE-fjDPGtddBTjOzgumf7RwtuMhsucYhLNtvCH2S5oC1HYmH2JEqzNWeUT59tnve5ucSnSGhKBOisatT6CR7GeB9xdiI2a5u9pO5hzUZgwl8q73W_whnCntjrtmE6O5ZDIBA_RI1XieuctvxRO9Um-1gjxh5Jwn50cnLhLvBZofrAhxJlx5LMozprbA51F91OgB1I5VojPQ/TY8iPR_IQb70gx2QnJaEkQ5u7i9D_r4LBnfWXMPI8Rk),서울디지털인쇄협동조합,2026.7.10,2026.7.22,,,2026.7.10 2:38오후,육승미,07월,
PNA52924_페이퍼 샤쉐_C1,PO074566,PNA52924-가빈컴퍼니,사각스티커(샤쉐_낱장재단),,220,230,https://airtable.com/appkRWtF2j99XgBTq/pag4McZ2Tc7xALrrs?5hZOH=recWOWtiCUDDjm3i5&UvxrW=rec24rz151d2ewpvT&Aq5EA=rec2yUNWjXb62WYal,Order_PNA52924_Papersachet_Sticker_46x160.pdf (https://v5.airtableusercontent.com/v3/u/55/55/1784016000000/I7IMNosiNLl1lfyJQCJETw/dIETQEviXq6C8aXR5-0DidqQQ5YatvfVKF8uOUHU23qMs2GVkKYZmJlabwKWmO_f6m9vEupBQ-9AQK0oY7UX7saohMfKQjQijK6uF8QZND1vmmntJiss1FniNyGIhLj8U8Al-9SDSDuWR6Vl-T_e88UV-1FWr7eKyc-LoefKMLMJ0iPDe15HwH9Dx24bchPpeFsnkefI5_VKslVcOqM7KA/1fUwb3cp1ScOPB55U7L7PCbXTeDan5WYwZdbvaYjCoQ),서울디지털인쇄협동조합,2026.7.10,2026.7.22,,,2026.7.10 2:38오후,육승미,07월,
PNA52766_스펙트럼 컬러펜_G1,PO074590,PNA52766-메디테라피,배경지(펜류),,100,110,https://airtable.com/appkRWtF2j99XgBTq/pag4McZ2Tc7xALrrs?5hZOH=recWOWtiCUDDjm3i5&UvxrW=reccOGGRf2OkTfPpP&Aq5EA=rec0n8QpVvUShScDX,Order_PNA52766_SpectrumPen_GlossyPouch_bg_paper_43x155.pdf (https://v5.airtableusercontent.com/v3/u/55/55/1784016000000/5twFEK0yflz_nsnAW-Orfg/tZb7BrjHwLq5PrQ2rzCaBBXCW9O-ai2OXQJ6Km4PbC7x_LP_hxYzHzy4YkUzdwuPbQn5H46hZc_dxIbqKD1eEyhH0HMccoMYyu1xJFMJG02idJDjnVAxI14UXtv2lE6BjLNexFxeQEdAkKN_km_1q71SFnKrp4Xm01ucMIktMAN_eSeWbDxY_U27gWpOzyVvsTN6NIA95YlBhQFCRAkT8dSEU4OOynp2WYdN7MMYRdw/9lG1yX0Pn7XTRnFTdYPO-K1iq6IWx4J4GU8mImDi6o0),서울디지털인쇄협동조합,2026.7.10,2026.7.20,,,2026.7.10 4:52오후,육승미,07월,
PNA52808_챔피언 피규어 트로피_E1,PO074582,PNA52808-한국오픈소스협회,배경지(챔피언 피규어 트로피),,50,60,https://airtable.com/appkRWtF2j99XgBTq/pag4McZ2Tc7xALrrs?5hZOH=recWOWtiCUDDjm3i5&UvxrW=recouTvwgXQ2qQx61&Aq5EA=recUOSw2Uyi47cCwy,Order_PNA52808_ChampionFigureTrophy_bg_paper_97x142.pdf (https://v5.airtableusercontent.com/v3/u/55/55/1784016000000/mxkeTr6sBeXXKV6orzb0bA/Rusm2P5fndsS_fyotePXPCiPLyK1Ewh_sfss9djsY4C3z8NCQrgtKG_6DHep4mKX6LisYOIDUV9LGVVix-dZv7LC2s_5wUvkBOYXN2hm6Q5R_1ADSCamFXUxY-PrtqM1y-uyY0eCNW1s42Z5qT48CDy1qvkO06g_ya7H2MwxfbmpedlmSb_1sM5BiozE9QnXXCsTbrGA2NTn_u6NQVFBuO03bkzUe5WaEsAq_Y062To/NuLzK8SaTsxxu69QQkKSFMXB1fxTqnjlLZCajzL76Cg),서울디지털인쇄협동조합,2026.7.10,2026.7.20,,,2026.7.10 4:52오후,육승미,07월,
PNA52766_Solid 스탠다드 G형박스_E1,PO074586,PNA52766-메디테라피,사각스티커(Solid 커스텀 G형 박스_L),,100,110,https://airtable.com/appkRWtF2j99XgBTq/pag4McZ2Tc7xALrrs?5hZOH=recWOWtiCUDDjm3i5&UvxrW=rec2EnmfRepVF3X93&Aq5EA=rec0n8QpVvUShScDX,Order_PNA52766_(A1286)_Gbox_L_Sticker_62x180.pdf (https://v5.airtableusercontent.com/v3/u/55/55/1784016000000/3MaBuQOvmGbXcyxYijYWKQ/evNpEsjmOd3-lTMjVqflja__Su6-8k_Xr5cuWvF3qnXdwJ2TuBBvmh0nzkXDui-8S7wdETe01-J9RO8Y-w1GBZAbDCDltI1txn__QSHFzyRNQS0jtnizryVRJt4eLNFPeUtyXZNPCzRxKHCghSeQxxiltDYJsT4VHVdvC-eS7mXLDzGSuCkRHZuzYlziMK7nL60Ye6x3T0hBrMJtUWZ8KQ/F8ArjNm0xbn2OwPh9Y3agCnE8Sl8vV8cj2nKW-zpXJ8),서울디지털인쇄협동조합,2026.7.10,2026.7.20,,,2026.7.10 4:52오후,육승미,07월,
PNA52896_스펙트럼 컬러펜_B1,PO074579,PNA52896-MAL,배경지(펜류),,50,60,https://airtable.com/appkRWtF2j99XgBTq/pag4McZ2Tc7xALrrs?5hZOH=recWOWtiCUDDjm3i5&UvxrW=rec1yECT3SffEUSVI&Aq5EA=recS8CYx5gPs0zcJ9,Order_PNA52896_SpectrumPen_bg_paper_33x167.pdf (https://v5.airtableusercontent.com/v3/u/55/55/1784016000000/-0tqLgoVhhqAxKhvp8lAHw/uMNDg8KQjMWpCQirXTcJtGmbH35ozdyVVkIZSvT739dKSU2jbafB0Ea7yGcof03WyLzyew9x91UVajGm1dF_ptAig3s2upI_SIgMcJMvaUPTZ3M4zy710KTM93exzsXwB7BexXJAZwGRr8fheqfC9zcfkeSqixTN4YXeEFVSc7RKznGAbVsGoI0mYlW2Ut3aObyZKbLVGSrAfsJJ9ZTnow/DnyvDsIZEcVoct2B0QJ384AOA6rkYIKvYeNVNg5cS40),서울디지털인쇄협동조합,2026.7.10,2026.7.20,,,2026.7.10 4:52오후,육승미,07월,
PNA52896_미스트 워터보틀_B1,PO074580,PNA52896-MAL,사각스티커(미스트 워터보틀),,50,60,https://airtable.com/appkRWtF2j99XgBTq/pag4McZ2Tc7xALrrs?5hZOH=recWOWtiCUDDjm3i5&UvxrW=recOG8jFFfomUX05D&Aq5EA=recS8CYx5gPs0zcJ9,Order_PNA52896_MistWaterBottle_Sticker_80x75.pdf (https://v5.airtableusercontent.com/v3/u/55/55/1784016000000/JvUOEQ1sQPP9WhdlOycB5g/0YMax07c4i-4BDV9IDNuUcgt-JM6EUwP9ZoBe-0MG7klEybeyJWzGvpnoF6cuiRqndwzriF-WBOSYEFlHjF58Up291DxrIyhuyldF30-rQoi8T691PIGOWzHuHk1HLOF2UeCkDK7tTy4ThC9fQlRo6qKVpLy9KOqAkIYDudArEAjGjnm6m_rvYyXiCiVdoXwHHmLO8HMWzWNHr4asg870Q/P9FvWiVNKvj1s5zEblB-gwIt_7Pu0tDHeC4MYAHb5rg),서울디지털인쇄협동조합,2026.7.10,2026.7.20,,,2026.7.10 4:52오후,육승미,07월,
PNA52601_챔피언 피규어 트로피_E1,PO074575,PNA52601-기상,배경지(챔피언 피규어 트로피),,168,180,https://airtable.com/appkRWtF2j99XgBTq/pag4McZ2Tc7xALrrs?5hZOH=recWOWtiCUDDjm3i5&UvxrW=rec87h5awuo5pzNXA&Aq5EA=rec9rYBQbQUdEFHQh,Order_PNA52601_ChampionFigureTrophy_bg_paper_97x142.pdf (https://v5.airtableusercontent.com/v3/u/55/55/1784016000000/jS4qzEd_SmwuczaX8rXc-A/cWAuVpYllcr_SLjDoZGfQ1zLEONRo2eX7qKLzziITXTHs2IRDkDZH-xnuOtDfAsPTL9Lpd47ugah8j4uC60OS5JgO9GCIC5FvVnKKHhZQeG58heQx7-YEv8ZjLG2o2G25DfpUnGSYqFEkf5fD8ZK9rlrR04zn_3ZDqJv8G6NMo2AT4q-efrP1KY4MgHzkARzf16KhodcxrrVsftA7eICDucqsntL8rXJLJTklMn8c3M/_RwjPjzSmFHjK-ZbtEw4d0lGP79r9k3nojFMN99tASQ),서울디지털인쇄협동조합,2026.7.10,2026.7.20,,,2026.7.10 4:52오후,육승미,07월,
PNA52709_Tailored 스트랩 박스 [1]_P1,PO074594,PNA52709-한국무역협회,,,300,330,https://airtable.com/appkRWtF2j99XgBTq/pag4McZ2Tc7xALrrs?5hZOH=recWOWtiCUDDjm3i5&UvxrW=recuFjhQZjDfwxcuu&Aq5EA=recmVcDH5dlNKycSK,Order_PNA52709_PO074594.pdf (https://v5.airtableusercontent.com/v3/u/55/55/1784016000000/ES56hVhQdm0NVS8DoiCtGA/jaJg5Sy2P45yg0GHAOSEVSzXKGnutL6VidY-jKMjUKUb_CmDT95sfdo0aaxCFM2Chs263hLE9QMWYr1TxON1aH1Oij8EvrxVsoh-zHGcvLNbv3uEBupNT09FFG6EUeFgNh-DVtPndTvTDFOWxCPuTJZMSesJ7pONh9p1dekqEMmzlrb2S2OmcXlFfXsA9RoQ/h7v6WY_IFFxlsi_q0qimxq2rLAOTdsc_3ZmoXTrj7_g),서울디지털인쇄협동조합,2026.7.13,2026.7.15,,,2026.7.13 10:26오전,육승미,07월,
PNA52709_비스포크 밥용기박스_P1,PO074595,PNA52709-한국무역협회,,,300,330,https://airtable.com/appkRWtF2j99XgBTq/pag4McZ2Tc7xALrrs?5hZOH=recWOWtiCUDDjm3i5&UvxrW=recT8VUZWBwpQefoM&Aq5EA=recmVcDH5dlNKycSK,Order_PNA52709_PO074595.pdf (https://v5.airtableusercontent.com/v3/u/55/55/1784016000000/x6ipnVmZREux2TRjmNfEuw/dXpHdd9T2qIE57L5JOhQ2prZ5_9dEZftMYsexX7Y2NrLe1dLXv9a76Ght-G-NKCBp3UQRe6rlsks85ZyVSfXTIC27XcgS0HUcmab9eAslJwcaRtWPL69kz-BYpMK9tSzNE0dZ9pH1J0-d1QR8S5ACm5ogEOq5qbvGy611Xpdt2UdDvqSMGGXUKMEY3NIWPQT/O50AGtTh2roz4SsOm3dFNk5c6zDEkVKGZgDIrHUC7pk),서울디지털인쇄협동조합,2026.7.13,2026.7.15,,,2026.7.13 10:26오전,육승미,07월,
task수동생성_휴대폰스트랩배경지 CSO 샘플(블리스터),PO074599,,,,,60,https://airtable.com/appkRWtF2j99XgBTq/pag4McZ2Tc7xALrrs?5hZOH=recWOWtiCUDDjm3i5&UvxrW=recC8UvmXWatSlUO3&Aq5EA=,,서울디지털인쇄협동조합,2026.7.13,,,,,육승미,월,
task수동생성_휴대폰스트랩배경지 CSO 샘플(실버팩),PO074600,,,,,60,https://airtable.com/appkRWtF2j99XgBTq/pag4McZ2Tc7xALrrs?5hZOH=recWOWtiCUDDjm3i5&UvxrW=receUK1Kq0qkOQtVQ&Aq5EA=,,서울디지털인쇄협동조합,2026.7.13,,,,,육승미,월,
PNA52795_브랜디드 피규어 키링_A1,PO074602,PNA52795-메틀러토레도,배경지(키링),,200,210,https://airtable.com/appkRWtF2j99XgBTq/pag4McZ2Tc7xALrrs?5hZOH=recWOWtiCUDDjm3i5&UvxrW=recEXHVOUCtaQqJew&Aq5EA=recVdH2kcvnolTwRj,Order_PNA52795_BrandedFigure_Keyring_bg_paper_76x108.pdf (https://v5.airtableusercontent.com/v3/u/55/55/1784016000000/zYBNkdGC6T7mg30FTNXrqQ/ckygGoLMbnoFCdquikZrjm26O5g7qeUefffrZH6DK5SAfY7sSQ9jt-o4g9-KE9Sno3MDH24bUoaLsygFJK2yS8dtF-bUOf9rfUGdYbr-9nKY0RaXRWdL0i1DaQ9Yw-Zp92KKrilXpztXp7E1nzJRG5zumpJY5PHfAlsO3cgDvDrJW1C00sGE36_DYr7YR8rkAxsrCk74gEhDqcic34AxeZZnON2ggHwY1ng089QfQgI/T1Riut8JiT3qSUkfXSvcBt_kabY8s8l2ikAPkWsmkEo),서울디지털인쇄협동조합,2026.7.13,2026.7.20,,,2026.7.13 12:08오후,육승미,07월,
PNA52948_칠링패드 냉각선풍기_B1,PO074605,PNA52948-더에스엠씨,사각스티커(칠링패드 냉각선풍기),,57,60,https://airtable.com/appkRWtF2j99XgBTq/pag4McZ2Tc7xALrrs?5hZOH=recWOWtiCUDDjm3i5&UvxrW=rec25BoavYWwdY5b0&Aq5EA=recWYPOePkLJFM4wE,Order_PNA52948_ChillingPad_CoolingFan_Sticker_65x62.pdf (https://v5.airtableusercontent.com/v3/u/55/55/1784016000000/c6DK00u8EGhv5BSSFEDHjQ/Y5tchbKKS43Ao1945NKUjRhdwFQ2gTafwtmHYHE1iK3A44uI2d7pOoAeA163jtlSXSEQoL_4LNF0hjXCWrj7e3ORacp5aT4yJXfg8TvSCvxhCjw85luZJA2_EYm0nxi_dtJfYKm93tMIDByGAc13Fx6SI3aZt0FYqm0v2AxESAMbf4Q9pfq1vzmw7ZAcTzaXGKj4UxS_U5ZmEYgV1AsXYjxNv7Rq4F0Axu5FMVLP-8A/Gjwd8hD6HdfmXNlf4vsLeTaHFO8tfRPJkIbb0XAMYx0),서울디지털인쇄협동조합,2026.7.13,2026.7.16,,,,육승미,07월,
PNA52955_Simple 슬라이드 지퍼백_B1,PO074611,PNA52955-네이버지회노동조합,사각스티커(Simple 슬라이드지퍼백),,300,320,https://airtable.com/appkRWtF2j99XgBTq/pag4McZ2Tc7xALrrs?5hZOH=recWOWtiCUDDjm3i5&UvxrW=recZrfn8gYv3tkF2P&Aq5EA=recd1ApDGps7jJ1b0,Order_PNA52955_Slide_Zipperbag_Sticker_58x80.pdf (https://v5.airtableusercontent.com/v3/u/55/55/1784016000000/e-lajkftl210dTuhe9RZOA/YvSMf8aOJQrqhpmoIOIaUK4xCPZgYagrsydXygaImcCQDLLocGeg0T-am1H23GBx08c0Vd3YuJjjQldH0ShgoN7HMda17ErWW6K-3lq0CXyzWmhHJze1rxv7_wQTctWfeNik1DG4lG-oP7ZV-x2WSgHHBuEq0ezd4Fcka-chXIWmeYh1E_c3wo6dirBnf4aOv94VOk6ApEotOtv1k6tQjg/5T7cADO2EJjVBDgNopiCMnaBc_-1HDqlZlQjz9XbcHk),서울디지털인쇄협동조합,2026.7.13,2026.7.22,,,2026.7.13 4:39오후,육승미,07월,
PNA52913_킵세이프 마그넷 배터리 Slim_B1,PO074615,PNA52913-TheLivingCompany,사각스티커(킵세이프 마그넷 배터리),,150,160,https://airtable.com/appkRWtF2j99XgBTq/pag4McZ2Tc7xALrrs?5hZOH=recWOWtiCUDDjm3i5&UvxrW=recB8cEnj2CowpdWc&Aq5EA=recKZpaDtsJAz9POn,Order_PNA52913_(A6562)_KeepSafe_Battery_Slim_Sticker_72x62.pdf (https://v5.airtableusercontent.com/v3/u/55/55/1784016000000/Dth3VL63JAPWcHWV2yasRg/npUQooOC7Nx-a0Zu0lRv7Ld3gQhzkOMlL3ipDuSxvzszx3VKV1WZdpfl3VfuJtVlycM3OwsbLMSXRskfJ3hBFOrUl2U4NyMH7BsWXSfKZbuSuRk2yc_MhOZnuBxoWOF0CMLrJ_VhXOQMHeT6JeJMy4rJxDIGWXN6dK5NIxKlf6tT3cBAqPEIjTJdDirIEzFxAzQe3CRiawfklK57Mwspvb6YILuArT5Zgx50sGgmz6A/BQJ_uDKr0IPf3z3A_dIOf_Q0McSrW2Lp0teNG_u6Zpc),서울디지털인쇄협동조합,2026.7.14,2026.7.20,,,2026.7.14 10:52오전,육승미,07월,
PNA51710_브랜디드 피규어 키링 [1]_A2,PO074355,PNA51710-벡스코,브랜디드피규어키링,"UV, 본드접착(키링), UV, 브랜디드피규어(기본피규어), 실버팩, 피규어부품(헤어/모자), 피규어부품(손)",100,101,https://airtable.com/appkRWtF2j99XgBTq/pag4McZ2Tc7xALrrs?5hZOH=recWOWtiCUDDjm3i5&UvxrW=recna2llBEjsTdqPf&Aq5EA=rec5TknimrByBrMoX,"""Order_,PNA51710_BrandedFigure_Keyring.pdf (https://v5.airtableusercontent.com/v3/u/55/55/1784016000000/M504HtQOmUMSFvryOQqV7w/hZNGab1__WFMxg2z5q-GmA4ymex_LC_zcE6pJEYgZBf5fjNLKoftKadaSe4fv5VK-XJUG3B9jyANUifZaW6yXg2QgRm-6UmgpL6KfgrB6eYQGqKjHnp159DagKb3etNm7umFyHvAQOPZevjTzMD3nNKb31lffxkhXjxNJPQSiHQKE6NgCSoWi-tS3Bv487welcRwo94gMLMm641UlIcZsg/Y1nDxdL41wkyWMhyJpn7s-cUmZYK5MdUWGDAqs2sodw)""",엠알오즈(MROZ),2026.7.1,2026.7.20,,,,육승미,07월,
PNA52802_브랜디드 피규어 [1]_A2,PO074469,PNA52802-비올,브랜디드피규어,"브랜디드피규어(기본피규어), UV, 지퍼백, 핸드블록(A)",150,155,https://airtable.com/appkRWtF2j99XgBTq/pag4McZ2Tc7xALrrs?5hZOH=recWOWtiCUDDjm3i5&UvxrW=rectxOkOlErPVQ98R&Aq5EA=rec2VT5YqiAZfThJ4,"""Order_,PNA52802_BrandedFigure_A2.pdf (https://v5.airtableusercontent.com/v3/u/55/55/1784016000000/MlP5ArFlNvlifTZlrfzEeA/giFvhFICIf1DQargokljipiAuf3E00J1q5s_no9fkgMXXhurWTGbEBhSjnnpPl-Prq1-Gly9K6n4HKFP9xkiQQfoQf7PQov0f4onMk-8usTgaVWH4ruarzkifFSYyp3zRuqzLuthV-nMQqHbX4SNVMfhfYtR-MPgoKwTSP6WvJFgaPXyI4Hr_SbFlwKYfCPx/s3I4oSy3Hn-i74mCvlYXCCwsGy-VlPwcQggxIb8cWlM)""",엠알오즈(MROZ),2026.7.7,2026.7.15,,,2026.7.7 11:38오전,육승미,07월,
PNA52802_브랜디드 피규어 [2]_A2,PO074465,PNA52802-비올,브랜디드피규어,"UV, 피규어부품(치마), 핸드블록(A), 지퍼백, 브랜디드피규어(기본피규어)",150,155,https://airtable.com/appkRWtF2j99XgBTq/pag4McZ2Tc7xALrrs?5hZOH=recWOWtiCUDDjm3i5&UvxrW=recIhgWcXCM9El3XQ&Aq5EA=rec2VT5YqiAZfThJ4,"""Order_,PNA52802_BrandedFigure_A1.pdf (https://v5.airtableusercontent.com/v3/u/55/55/1784016000000/VJ6s_d3V6wN6CSaR_eWq1Q/98VJZXRHodQ0QXG0ARnjolaYHvhlHpOFiyooMj5E1FmBhvZpKNH8jPZq1EPypudnPCE55Hb84ojZq5a7CHbVo1PbF3KVj27Cdv-FhR0mGl-LYcwcNS4ztMmWPYFiD6y4wcpe5bRn18hnwW9nhy89w6EFuUqJSIO9Bbl0_FmcWjm9x9LsIwR74rzXZcKnTXKI/_ZlZIRvAGCs4dO5deWtzAl0oqvWe5n4-RaSGfDQ9ads)""",엠알오즈(MROZ),2026.7.7,2026.7.15,,,2026.7.7 11:38오전,육승미,07월,
PNA52634_챔피언 피규어 트로피_A1,PO074538,PNA52634-토스,챔피언피규어,"챔피언피규어(기본피규어), UV",84,85,https://airtable.com/appkRWtF2j99XgBTq/pag4McZ2Tc7xALrrs?5hZOH=recWOWtiCUDDjm3i5&UvxrW=recRLetBUn0zouLzR&Aq5EA=recAnuVpCKMsOqh9T,"""Order_,PNA52634_ChampionFigureTrophy_Figure.pdf (https://v5.airtableusercontent.com/v3/u/55/55/1784016000000/AJ38CJUXyPXrecThnn8JoQ/-CxlP1A6U6htO-nC3SwleC0k5CjqDcfBlC141ZrBIT3rr0DWLkcsrzWxhFpUPAPbHddYNK48-C2X4rN0MrblbqcFC1lFcrQYhEucCqQH07JHhRAcmLrw66XEKCwMD2eSUrgYLLK5wKDaDzgEFCqSCsMXSZwweXmxCKDWgfuk8o_Qrk-ZI9G4WE1rEHSSL_9jy32-lngq9F_LGgtY5XtVvg/i2MwouG7ZdnZw2nvvCeAPxUrzHjZf3Iv0rwGH6hfMlI)""",엠알오즈(MROZ),2026.7.9,2026.7.20,,,,육승미,07월,
PNA52808_챔피언 피규어 트로피_A1,PO074583,PNA52808-한국오픈소스협회,챔피언피규어,"챔피언피규어(기본피규어), UV",50,52,https://airtable.com/appkRWtF2j99XgBTq/pag4McZ2Tc7xALrrs?5hZOH=recWOWtiCUDDjm3i5&UvxrW=recGjPoTzThwi501f&Aq5EA=recUOSw2Uyi47cCwy,"""Order_,PNA52808_ChampionFigureTrophy_Figure.pdf (https://v5.airtableusercontent.com/v3/u/55/55/1784016000000/P2Viv-7vDX5LxQWB1icE4A/kA7VxnlikkjvlAKfSdLpQLc9w3Rg2tdNKXqUUhBEWsWk1z4XgHaC6fNJIJrpztylsxUusVuffL4YU-JMN2uAY2KFrE1DDL8Xt_VRDXWIUQs-a3JeXzsU-vGkMrAvg-D6duN7XeLIfqyqx8js161eW0yNiTslNAGkAlVYlVc1xxx4p3SAbjfWPx4W008_UWV9V3H2KlZqiroEZxjFlGDsXg/1rkMoQG53jigstN5hoDIbaMjDw8GywEwdl1dPBA_KYk)""",엠알오즈(MROZ),2026.7.10,2026.7.20,,,,육승미,07월,
PNA52601_챔피언 피규어 트로피_A1,PO074574,PNA52601-기상,챔피언피규어,"UV, 챔피언피규어(기본피규어)",168,170,https://airtable.com/appkRWtF2j99XgBTq/pag4McZ2Tc7xALrrs?5hZOH=recWOWtiCUDDjm3i5&UvxrW=recKxcReKfPItp80F&Aq5EA=rec9rYBQbQUdEFHQh,"""Order_,PNA52601_ChampionFigureTrophy_Figure.pdf (https://v5.airtableusercontent.com/v3/u/55/55/1784016000000/7LO_IeTObR6xllVO5QfT8w/-CF5oc_-0b8olONKz40CkPdGxhL7q3mvdzIC-6uiNVoNsu-cuojBuO8_Wxf1Vq__XZ8bEItNi4J0OIwPGR8gZO1WUF5DHwZ5SM9u-k4z_dqGegQrIsmpE-Fhb0L7TgJ5k-bXVP_d08kRBAqskLbSO8eg5AxmywLYj_u0ci9n4lrmmcSx8mf0wNJe5TXQCUM5EeKoj-5IMk5pTICEzTuXhQ/55HZ11BgthlnAhMTqIEwt21zAqHnoQEirLKTCTOw5MI)""",엠알오즈(MROZ),2026.7.10,2026.7.20,,,,육승미,07월,
PNA52795_브랜디드 피규어 키링_A2,PO074601,PNA52795-메틀러토레도,브랜디드피규어키링,"UV, 피규어부품(헤어/모자), 핸드블록(B), 피규어부품(손), 본드접착(키링), 실버팩, UV, 브랜디드피규어(기본피규어)",200,202,https://airtable.com/appkRWtF2j99XgBTq/pag4McZ2Tc7xALrrs?5hZOH=recWOWtiCUDDjm3i5&UvxrW=recDBJJovdQzzniXm&Aq5EA=recVdH2kcvnolTwRj,"""Order_,PNA52795_BrandedFigure_Keyring.pdf (https://v5.airtableusercontent.com/v3/u/55/55/1784016000000/SngqfEM6B1ef3KJaALjLCg/KNqkT0Ayr8ZYGiG_Cri1ayh0S4Ddl3tGDG1gKPYGGckNoPrbyUA5VAOhI79f7Em2MeIibHQUqxjuLVWXkFmglBfL3rA5tShkThOFREJ44SDpzb8fVdPjSKuCGzykymI87i6lVfE2uJNQGDG850uW3LjM7ACmDCC6qbzMO4vOFPlSC8Bs_hk1ldBC0PX2TFXSzM5N3FohALvQf7yPXLMMzg/B3opIzaR1Z3BPaCI-CjAXBHU-eSK5Dn8ZO4cv4wzzUo)""",엠알오즈(MROZ),2026.7.13,2026.7.29,,,,육승미,07월,
PNA52646_아임히어 리플렉터 키링 [1]_A2,PO074378,PNA52646-플라잉베어(메리츠증권),리플렉터키링,"블리스터, 실크, 리플렉터키링(사각형)",500,510,https://airtable.com/appkRWtF2j99XgBTq/pag4McZ2Tc7xALrrs?5hZOH=recWOWtiCUDDjm3i5&UvxrW=recG3GTQcu3NSbiXR&Aq5EA=reccAQSDQgc4RR7I3,"""Order_,PNA52646_ImHere_Reflector_Keyring_Standard.pdf (https://v5.airtableusercontent.com/v3/u/55/55/1784016000000/7V-q49rFgIMFMShXYWuJPg/jeORjMjJ3yju6B17BAclmkJiZC7HGN7ipA9i0ElKGB-whTSzuhBOT2E1DS2LzgqxtNXQgD6p9MYjGkA8Cd3t_26pTfpz7NNk5svMGtMiYYaZsYZWb4060lxyA1d2Vugi_oGF_xhZB3vqTBrXvNINc7rg90TKDfbvFb-pJ0VXCObiRdji6_3ITt49Q3g6SFFw-e9LR3ZL6z1y2y7JsNA_2g/g7suwVBcgu1jH6PcD2bSF0IMtAtZh38cAc3JLBB2EMo)""",이지굿스,2026.7.2,2026.7.24,,,,육승미,07월,
PNA52552_홀리데이 네임택_A1,PO074425,PNA52552-메가젠임플란트,홀리데이네임택,"홀리데이네임택, 디지털인쇄",1000,1010,https://airtable.com/appkRWtF2j99XgBTq/pag4McZ2Tc7xALrrs?5hZOH=recWOWtiCUDDjm3i5&UvxrW=reclkNFNtRQR26OV1&Aq5EA=rec53Sxk3quaPWUio,"""Order_,PNA52552_HolidayNameTag.pdf (https://v5.airtableusercontent.com/v3/u/55/55/1784016000000/pixEpa3AUha8nkUcr_zgWw/KHCoso-rnyRFWCR1Ipp-Yro4mTyLKTg_50grhQd9_pq6RH3dtwkhiZ7FtvOgnG3I3SvQugqO21ChpIpyOVhTOPyvsR4Joh5IgF0IdJlJTlGDYOG1BGZ9H-reL1vpUa4yGn4NFpbWAKzg_l12RDTaUDaOPsdMcgbwYbXmDwnC7ZyYoImUZX7UxAEdD6y3dFYG/0fUuqaWqGgEihGRIQlQRyjeeiUSO-YrhBDKlCv-p4-o)""",이지굿스,2026.7.6,2026.7.24,,,,육승미,07월,
PNA52519_그립잇_A2,PO074530,PNA52519-큐로홀딩스(일리카페코리아),그립잇(인쇄+조립),"그립잇(사각), 샘플, OPP","0, 1",2,https://airtable.com/appkRWtF2j99XgBTq/pag4McZ2Tc7xALrrs?5hZOH=recWOWtiCUDDjm3i5&UvxrW=recPLKwHchtbq9GBd&Aq5EA=reczvAzwf7R6KSm8C,Order_PNA52519_PO074530.pdf (https://v5.airtableusercontent.com/v3/u/55/55/1784016000000/H3xGuFEtSzmly0z2XplKUA/dSb2XRZKzTFfE6PgkmnLckXNQsWTadiL8RPR-6hZIPboLpg26v0Kfgu64le0iP3ATR5IkdqKmlzuJT2O11Sb0q8-cmh_P1HPFsZjbjsDI7Re9n2LbgBZ8Bggvr2Ev_AkpIRQwAoMdmnC45QKR6-r1yXGUKtFffOTFo1czw7eJwMRinSL4VFhVf1-NEhfL2tZ/ZvoITgKXwWVoMRlTleO_gG2DvNhlDXNh2cMWy_dDC9M),이지굿스,2026.7.9,2026.7.14,입하완료,,,육승미,07월,
PNA51387_에디션 골프공 6구_C1,PO074441,PNA51387-현대위아,틴케이스+스펀지패드,"스펀지패드, 틴케이스, 레이저각인",200,202,https://airtable.com/appkRWtF2j99XgBTq/pag4McZ2Tc7xALrrs?5hZOH=recWOWtiCUDDjm3i5&UvxrW=rec8MLFx1O8I2SVGi&Aq5EA=recGLVNADF9DZfdAw,"""Order_,PNA51387_EditionGolfball_Tincase_Laser.pdf (https://v5.airtableusercontent.com/v3/u/55/55/1784016000000/ECVBoIoUu6GssiXmkJYh-w/g9JPwYnUILXKFvXOOw4c1Vw4rYno32Xcxf4wnPdN52XiHYYVooc90wnZQDYhBOEbXGlRPptU5padc6JA4fjpZQgey3UFT_AHpERZPD73RCgoppeY_KonKjNIDzhyOQK5STD0CTvEHm11WwnFDyoBCfnkoMfXjX3Bd3wMprWr6OJkft4xHvz1y2VFCLCfFBk1vRc6BaSr3HLjeM7Z_-Ia7Q/FwnknN1MEpqJ5OKFwKUP51fK9jzt00x-mAAEJmwaocU)""",주식회사 기억니은 (구. 화영),2026.7.6,2026.7.20,,,,육승미,07월,
PNA38461_0708_3651,PO074515,PNA38461-26년7월_재고생산,투명손잡이지퍼백(L),,,2000,https://airtable.com/appkRWtF2j99XgBTq/pag4McZ2Tc7xALrrs?5hZOH=recWOWtiCUDDjm3i5&UvxrW=recImTjqmDBRcWmMv&Aq5EA=recdLBecYeOxUwCQb,Order_PNA38461_PO074515.pdf (https://v5.airtableusercontent.com/v3/u/55/55/1784016000000/krV1Xd8qfhtwlS7wdBG9UQ/ARcQagjoCeM7kQ0eCaq4ZEjvVY0i70R8lw71ZlUMpvwrRrrQYEtsojC6ZxpuUoLUAeMU4m2wT2IgqaPzoCqxAg2ePY72xBN5PKyypvcvDSMPyktAqONQ_y2zkJOxZlLKWdX1KBkkQ4yG_79-oNHB49GaoesAkNtsz4iF7Mvo1luy1cTmF6luEl8BTaCR5tXh/UI20GpZVh4qqPHEsWtjmnaS7X8xyI5iF_5Rzz-3YRYs),착한포장,2026.7.8,2026.7.15,,26.7.13-7.17_착한포장,2026.7.8 3:27오후,육승미,07월,
PNA52895_에센셜 장우산_A1,PO074506,PNA52895-피플앤드테크놀러지,에센셜장우산,"전사, 레이저각인, 에센셜장우산(세트_본품및우산집), 단품박스(블랙박스), 전사",100,101,https://airtable.com/appkRWtF2j99XgBTq/pag4McZ2Tc7xALrrs?5hZOH=recWOWtiCUDDjm3i5&UvxrW=recAVaaVp9U2dhks1&Aq5EA=recK9Fk5aaZFmg3Rb,Order_PNA52895_PO074506.pdf (https://v5.airtableusercontent.com/v3/u/55/55/1784016000000/0SdiqAMhOO3R90yefJPH4Q/njwon-M4pdBPJqX0EaJYYH7uW5ltWIsHHQFyyAEdQ6d6x3pPBsayMlQUEmr2hZUDUbToddgC57mir1VeZGLgtkioTyJcE9MbYogE_BRvddqDdgqmukU57piijv6Xb67px46jXLwXgOg7pGY_Tdf-S4sSx0s22lbrnCP0xhE9OgVBG1q1DXGarEu8-qOg9dWE/Hi_PLAvA9kEg4X_27nQVLnLeayiE6ynUPKhSMsOv0eU),협립코리아,2026.7.8,2026.7.21,,,,육승미,07월,
PNA52867_라미 사파리 펜_B1,PO074509,PNA52867-모츠,슬리브(라미 사파리 펜),"슬리브, 색박(음각)",85,90,https://airtable.com/appkRWtF2j99XgBTq/pag4McZ2Tc7xALrrs?5hZOH=recrzBCkLRHhKYmYc&UvxrW=recru0b0p1x402wtb&Aq5EA=recSyQ8xwbmTWk5k1,"""Order_,PNA52867_LAMY_Sleeve.pdf (https://v5.airtableusercontent.com/v3/u/55/55/1784016000000/R_qStoCnlyLvDZBYEIMgrA/LcqFiUiON3Z-_-FNkOuKv_zea-7Jau67Euzwl3dumXZUlowTk2NcFxRXccCJ3a-Nv4eI2W954PlOYXse8F02-xDpYQNXjPa-WtHs8V_Hco3DWM9jvRkPmV2LZ4WZ1lMGGBT3oTFmHe5frJv74TfOgwRr3BE4CG8mUD5LpnxtiX2oRvT_xDsVfS2IjGyjXz9M/naqxUlIPgFIJaBPSbG-E5W4iXDOb2sDbuK3BWtOLLNo)""",(주)청산인쇄,2026.7.8,2026.7.16,,,2026.7.8 2:39오후,이난영,07월,
PNA41401-내부(CX) 샘플카드,PO074516,PNA41401-내부(CX),커스텀제작 요청사항,,600,600,https://airtable.com/appkRWtF2j99XgBTq/pag4McZ2Tc7xALrrs?5hZOH=recrzBCkLRHhKYmYc&UvxrW=recVMxnDFavc0oevY&Aq5EA=recbQlUd0KslN1IOT,Order_PNA41401_PO074516.pdf (https://v5.airtableusercontent.com/v3/u/55/55/1784016000000/JLU204UHKEcW5iBVie2bkQ/3E6AIt-btFk4FiwM7FELay0TOC4Obk9mpeo8AceEzFTiJ5AkL8Bo_JrgI09BjeWi7iuOh8RABcf70hTQLa55AeRjwtJBu7aJJkwrL4H9sVP7cVrBtSkI3UfhLrYrnoegOe9hHfsyMutG1elx9qhECNzNVKE-FI6-OBYmFRYTgOW-6iI-xlrUnzQs3wKnpqC8/_-Edcunve1FUgNXdcYhwdKzO6i1S8LzRNmiy2LT5Xv0),(주)청산인쇄,2026.7.8,2026.7.22,,,2026.7.8 4:06오후,이난영,07월,
PNA52044_풀커버 스티치 노트_재제작_B1,PO074526,PNA52044-주식회사디마이너스원,풀커버스티치노트(옵셋인쇄),"풀커버스티치노트(청산인쇄)(커버), 풀커버스티치노트(청산인쇄)(스티치), 풀커버스티치노트(청산인쇄)(내지)",,200,https://airtable.com/appkRWtF2j99XgBTq/pag4McZ2Tc7xALrrs?5hZOH=recrzBCkLRHhKYmYc&UvxrW=recgfksTZa8RLNhO6&Aq5EA=recVFK2LkEn25NaxH,"""Order_PNA52044_FullCover_StitchNote,.pdf (https://v5.airtableusercontent.com/v3/u/55/55/1784016000000/D_9-q3tdOlhD_tK3VJPN6w/d_i1ImsXiLvNMJI_S6XbCPaInXIv5p1A7vQm13iTvVXAC-l0kjdwxa883RKrTv2VdNDbVkzrCi_Ow-rGHNToulIAtYmz9TvS--IR8KbWRVXvFKADGJNFlw8rgePZUM1_RwOU5yGs5r16sg89N7ZA-gWqxjca2zbpdF0kVKZ_dSs14BIW2rHLcUWhYNHhT0I-8ZypkMkWx01xjcNJ-d6CNQ/ombeSysfhX5Ny775uMiIn8CUHHWkHcab_g7GLe5uVOg)""",(주)청산인쇄,2026.7.8,2026.7.22,,,2026.7.8 6:48오후,이난영,07월,
PNA38461_0709_1751,PO074539,PNA38461-26년7월_재고생산,스탠다드단품박스(그레이.6호),,,1000,https://airtable.com/appkRWtF2j99XgBTq/pag4McZ2Tc7xALrrs?5hZOH=recrzBCkLRHhKYmYc&UvxrW=recH4bmrsFivH0dOR&Aq5EA=recdLBecYeOxUwCQb,Order_PNA38461_PO074539.pdf (https://v5.airtableusercontent.com/v3/u/55/55/1784016000000/Yuf3cKd9m47b60CPDoDEsw/LqlNQEesu8v0sPWm_NPLEB_eT69sEWJGnqHjR2oORVV0b5GHrE9ihgOqnC-Jt_nMVItEQUCKa3T289ocjqKRdw8FdC3LSNsrPQMsbnP8dG_3l7HMe3TdyiI7-CtUtTHC9XsQBvTtsTmnINDzX6cejzGpKO3X5VhrsUR_VBHAG0gzbxanpxqfjR5-ZhAoxIyM/RviHsF0CwqgAL-hmMI_67PvkzXbXzLdHIqUAUFRMFMo),(주)청산인쇄,2026.7.9,2026.7.23,,,2026.7.9 1:51오후,이난영,07월,
PNA52924_페이퍼 샤쉐_A1,PO074565,PNA52924-가빈컴퍼니,페이퍼샤쉐커버,페이퍼샤쉐,220,250,https://airtable.com/appkRWtF2j99XgBTq/pag4McZ2Tc7xALrrs?5hZOH=recrzBCkLRHhKYmYc&UvxrW=recGioOWrDLioME9q&Aq5EA=rec2yUNWjXb62WYal,"""Order_,PNA52924_Papersachet_Cover_Colorprinting.pdf (https://v5.airtableusercontent.com/v3/u/55/55/1784016000000/QeUQWyJHlnoKTurD7ythzA/UWpZH5Iw7iau3TSECAccTXzfEgeQaZpZCBvVF5wTCR6Z6JwVjzfAcRR-13lnhQ3UvWF4aWRSfYDdo5aiFHiNYxe2yhEDK6iOI14pZ6zVnaUGFfn8RtzPOa7i9VuNtBCavu_JwtDYSSrL5Giy1-tJBLvpwhNYSB9XQ_2CNpsUbiu6Iftn49KgQ_0MlPvCYRkGzxEYkYFa1b-iTBBXi04OSQ/mCH-pKg2FPNhsKVwcrD6fV2dMB41vFYS9QKh8HVVlrw)""",(주)청산인쇄,2026.7.10,2026.7.20,,,2026.7.10 2:36오후,이난영,07월,
PNA52766_풀커버 스프링노트_A1,PO074585,PNA52766-메디테라피,풀컬러스프링노트,"풀컬러스프링노트_커버, 풀컬러스프링노트_내지(무지), 풀커버스프링노트_스프링, OPP",100,110,https://airtable.com/appkRWtF2j99XgBTq/pag4McZ2Tc7xALrrs?5hZOH=recrzBCkLRHhKYmYc&UvxrW=recxcUudU9ZZH9Rcw&Aq5EA=rec0n8QpVvUShScDX,"""Order_,PNA52766_FullcoverSpringnote_Cover_Colorprinting.pdf (https://v5.airtableusercontent.com/v3/u/55/55/1784016000000/Myb61nbdnz_4ALtb0eZBjA/MGfQRFUBqS0yY0rL8ivdPkXrCYxnTDsfnL-kM83xpSOVYUmztOZm6oiR_292--YrG9Hk5jXjCJaESvh_2H6rzFqAxAg8YiqEb7W1TwMKGaKu2WxzhRYPj6pyiiO4080yLFPFsiWnCQVXspGG1vA-Y8O5-SkmFTS-FYPKYKOP3d7BKhVc7477xHd1sQr67pZnGQIH2wH0EfIeRqBjgg-nM3Rk_hC4f3yoQFOFF57wuDA/MNxrp6fPt9QDn0ogLEGsJM7fo-qEyE_QV5cGx7MPduk)""",(주)청산인쇄,2026.7.10,2026.7.23,,,2026.7.10 4:41오후,이난영,07월,
PNA52955_디자이너 노트_A1,PO074609,PNA52955-네이버지회노동조합,디자이너노트+인쇄,"디자이너노트_내지(커스텀인쇄1p), 공박(양각), 디자이너노트_커버(그문드비)",300,300,https://airtable.com/appkRWtF2j99XgBTq/pag4McZ2Tc7xALrrs?5hZOH=recrzBCkLRHhKYmYc&UvxrW=recUEwNAGICQzOyY4&Aq5EA=recd1ApDGps7jJ1b0,Order_PNA52955_PO074609.pdf (https://v5.airtableusercontent.com/v3/u/55/55/1784016000000/ZO7dei5ChTZByOq-K71_HQ/etNUmHGA1UMOgBysi9PYZZpDCCJeN0O0WgKyGH2_5CtDksSsX0cfJw1n1Vat8Xv1ovIbh7zYMTm_379y3ulI7xLrorEstRDero9ijhaYenWTO6geE9qJuPjCjITyWgyeGIO6Zrep5QVepZI7WL5DpBgZg21bopmmiSpJYr2Tda0FBOXtgXZnDAW7tP_PTU74/2C-f0fkcBa4dumsN7oloeUd1lZfZxWznavOxgUOpnrA),(주)청산인쇄,2026.7.13,2026.7.28,,,2026.7.13 3:58오후,이난영,07월,
PNA52896_미스트 워터보틀_A1,PO074576,PNA52896-MAL,미스트워터보틀,"실크, 미스트 워터보틀, 원형스티커",50,55,https://airtable.com/appkRWtF2j99XgBTq/pag4McZ2Tc7xALrrs?5hZOH=recrzBCkLRHhKYmYc&UvxrW=recmXerYSxN1qMYDH&Aq5EA=recS8CYx5gPs0zcJ9,"""Order_,PNA52896_MistWaterBottle.pdf (https://v5.airtableusercontent.com/v3/u/55/55/1784016000000/-a02sWmCkW2tzjgrKIuWVQ/IivPcENYo6VPjWttx72ruyc1QR39921uL5wRBo5QK-WjNTO2M50OG0FCNS6GHWVD_STh4MWpaAChrRS90kxYlEp4s1qzEGnKNnuWDOqBLxSxTgqO3Kn7KmFcDn5lsBghZadAKmJist8NUf2gIF9R3J-tKSAtLMKkPKnBRAh00Vj9kJA2SguzuCNum253R5tz/7aI8Byo_X_9nGTLqCBi6w4oTXe7EJiI_JTFgPylpQQs)""",강천FNT,2026.7.10,2026.7.22,,,2026.7.10 4:37오후,이난영,07월,
PNA52827_밀크 에코컵_A1,PO074512,PNA52827-신영균예술문화재단,밀크에코컵,"밀크에코컵(레귤러), 골지단품박스, 승화전사",50,51,https://airtable.com/appkRWtF2j99XgBTq/pag4McZ2Tc7xALrrs?5hZOH=recrzBCkLRHhKYmYc&UvxrW=recWgcfzJTllYccHn&Aq5EA=recNl0kMeeK88BLpZ,"""Order_,PNA52827_Milk_EcoCup.pdf (https://v5.airtableusercontent.com/v3/u/55/55/1784016000000/wWZ_sQX8G3LnrmOyAKDwlA/uobx4mXoKugcp5x28jbqr63N0METZSsuwp-EgXIm_I5YfWdtGox4GIFztYFW8yQzKrT1YnaVP2B94KOha4d4QIG_HQZzD5MkfY7aR16XAGa3xQqpcuDbdFTXVNINVFByUlRtjtQOUKi87sZkyZYszg7blby5d0KEt8xaGNxdmJGYhO_2XrhY9QZdFrTLRVak/0GSFONiMPPwtMVxROYVVZi1dYKzMCLviPaWBTg4l5pk)""",아인 디스트리뷰션,2026.7.8,2026.7.20,,26.7.20-7.24_아인 디스트리뷰션,2026.7.8 3:11오후,이난영,07월,
PNA52646_미니멀 스텐머그 [1]_A1,PO074379,PNA52646-플라잉베어(메리츠증권),미니멀 스텐머그 +인쇄,"미니멀스텐머그, 실크",500,500,https://airtable.com/appkRWtF2j99XgBTq/pag4McZ2Tc7xALrrs?5hZOH=recrzBCkLRHhKYmYc&UvxrW=reclYatAjSVEM7Jrj&Aq5EA=reccAQSDQgc4RR7I3,"""Order_,PNA52646_MinimalStainlessMug.pdf (https://v5.airtableusercontent.com/v3/u/55/55/1784016000000/nfcXcy8bba7C3uLgT2PmUQ/p9dvSSPbX7aZk8OjZDXtf9WY6W3hQDTRdiZ5OK8OlvC1tstXSAKZwt60a1F30AfPOSeuk3Zypa9veXd5MCg2Uwk01aVo3kFGqYinnOG81rZf5jBi5L3b_HnwocSyupkESekbqLjGIj0XdtKKIW66ZZM67I7UgkrAsD4u3qU7O-14MzOzON1x3WEhLkXTR7X_/hDeG8pRRqZKGKnzOnKZpBgbKdFgXDe2JLexvsXD9xbU)""",주식회사 꾸띠잔홀딩스,2026.7.2,2026.7.15,,,2026.7.2 2:08오후,이난영,07월,
PNA52919_매트블랙 텀블러_A1,PO074593,PNA52919-성공홀딩스,"인쇄(매트블랙 텀블러_레이저,실크)","매트블랙텀블러, 실크",100,101,https://airtable.com/appkRWtF2j99XgBTq/pag4McZ2Tc7xALrrs?5hZOH=recrzBCkLRHhKYmYc&UvxrW=recflQMl92F210br8&Aq5EA=reclTQjLGlJxJj7nU,"""Order_,PNA52919_Matt_Tumbler.pdf (https://v5.airtableusercontent.com/v3/u/55/55/1784016000000/B_3j1I0oRetULD3rfw4nBg/MLB0AFMHll4LeOItpUCOlT2JFLD5-5jsIdMvkB2IqhvnWXRUJOa-CdoKvPetAy_jZL5ZeOAbz9udKosWklfiAFVep-hkrp4eyox33P53ss8W21leo5E9kMjjyc_OxEoSlvwR_sJb-z4Dxgt9-N9-kxyp2pMxQDEwmO-fPHgW8_fu8UGCJao2e_vrc97-aKNW/4CE_DsmxjqULPweaAt3gxvBrqlaaDtAgh04miemBOqk)""",주식회사 꾸띠잔홀딩스,2026.7.10,2026.7.16,,,2026.7.10 4:46오후,이난영,07월,
PNA52365_매트블랙 텀블러_A1,PO074604,PNA52365-FIG(피이그)_샘플,"인쇄(매트블랙 텀블러_레이저,실크)","매트블랙텀블러, 실크, 샘플(본제작과동일옵션)",1,2,https://airtable.com/appkRWtF2j99XgBTq/pag4McZ2Tc7xALrrs?5hZOH=recrzBCkLRHhKYmYc&UvxrW=recPLhIS5pvQCZ1R4&Aq5EA=recgh6uCZuMWqttaS,"""Order_PNA52365_Matt_Tumbler,.pdf (https://v5.airtableusercontent.com/v3/u/55/55/1784016000000/eYGtVU3FbHmed5NMKwONYg/y2g11yPR0pAMWvlnroipgjiivmRtXbAFHJsoRB87wI0W53SC40WxXgQcS8uCnAFMDqdkQ5t9LshZWgzDmntKmhahu68PjwqHUKSDi8nHwN6wo_GK6KLhze8Thk1_EcXH39dmeFhf5RgsDYyKbxVQC8NVWyXvcvrd-yW_vD4Kn47lQL4vd9dAhO5FKkjhrvYa/zure6XxNbV5QC8UBV4z5ZXDKCRM0K7crbzjpPOsm5h0)""",주식회사 꾸띠잔홀딩스,2026.7.13,2026.7.16,,,2026.7.13 2:20오후,이난영,07월,
PNA52709_비스포크 밥용기박스_D1,PO074351,PNA52709-한국무역협회,,,300,300,https://airtable.com/appkRWtF2j99XgBTq/pag4McZ2Tc7xALrrs?5hZOH=recrzBCkLRHhKYmYc&UvxrW=recAFGMDWqmtuoc3P&Aq5EA=recmVcDH5dlNKycSK,Order_PNA52709_PO074351.pdf (https://v5.airtableusercontent.com/v3/u/55/55/1784016000000/T6Os5MWl5bZbsnqi6CjrWA/rH8-5IkkcrbwrCbgZarXSOFf1vYPLkdfR15Aty8NovMDwTgin1utcIANOQefBwQ_EoERP1h9s3k_Nf_tRm7cbJXVPRNd3s7BeT70fUkM3_vfwhA-QYEuWV2THmeWsL4EvvkpTTUBKIpeNTO9YtG2fXBdB7mUdJfrzv6vsaRUoEVSckTzO9FHKTamXB01Xuxz/4s903j2HdLLX95u5AxOuupg11P_o0Qxx_Xqkx82nUQ8),주식회사 모아패키지,2026.7.1,2026.7.17,,,2026.7.1 2:37오후,이난영,07월,
PNA52709_매트블랙 텀블러 [1]_P1,PO074347,PNA52709-한국무역협회,,,300,300,https://airtable.com/appkRWtF2j99XgBTq/pag4McZ2Tc7xALrrs?5hZOH=recrzBCkLRHhKYmYc&UvxrW=reczX43WiFobo4IIq&Aq5EA=recmVcDH5dlNKycSK,Order_PNA52709_PO074347.pdf (https://v5.airtableusercontent.com/v3/u/55/55/1784016000000/dmMRq4R5JcSwJhXz77GETg/CBQXAge0yHq-tXN-1gAq888nTTkBnmlN5R6kz9zuHn63bBFT8DGJjKlHIR57GAT8fCUyuMz-TdxNcJy89iMym7lw2tFjMEF3fBF9RPrLVZXgaB8i--ZNk66G9EriwQ9Ys5fGWDYDVjJcqiVwP7haDcp5OUJuL8QCKLk2kjLxhOJhLrfIJO0y4k5K7H7gpgDo/cJHO5Ud9FvUi3xHyYVnzM-T2x1OWIIyYE-1ljDjcdkw),주식회사 모아패키지,2026.7.1,2026.7.17,,,2026.7.1 2:27오후,이난영,07월,
PNA52709_비스포크 자동우산박스_C1,PO074350,PNA52709-한국무역협회,,,300,300,https://airtable.com/appkRWtF2j99XgBTq/pag4McZ2Tc7xALrrs?5hZOH=recrzBCkLRHhKYmYc&UvxrW=recXV6JfngCyIU75l&Aq5EA=recmVcDH5dlNKycSK,Order_PNA52709_PO074350.pdf (https://v5.airtableusercontent.com/v3/u/55/55/1784016000000/OxwjJIRfIjGXRLW3V4zivg/6or76Gz5A26IfppuPmtFrJtOV2hwO2S1b3coPFiEoABONmOmhIAaOwdDPniOycAe8njQaAl2nw6R2G_k9KdeU8vawUO6l5M0f4UVe5ep_n7w8nYS9ZxyvCRtXxl2KBMYzeIVHB8_Rr5hNg-LaED31UKQBu52vmdQ7-b3RX87e4NEFDXlTEWDcKrPooXl7PTN/Gr6iattGVKnTLWjxAb6qYnQvPxhtoEoyy5Onnk2jFek),주식회사 모아패키지,2026.7.1,2026.7.17,,,2026.7.1 2:34오후,이난영,07월,
PNA52709_Tailored 스트랩 박스 [1]_A1,PO074348,PNA52709-한국무역협회,슬리브(Tailored 스트랩 박스_커스텀),"실크, 슬리브, 헤링본끈",300,300,https://airtable.com/appkRWtF2j99XgBTq/pag4McZ2Tc7xALrrs?5hZOH=recrzBCkLRHhKYmYc&UvxrW=rec6BJpYEJn7WedSD&Aq5EA=recmVcDH5dlNKycSK,"""Order_,PNA52709_TailoredStrapBox_Sleeve_Blackpaper_Silk.pdf (https://v5.airtableusercontent.com/v3/u/55/55/1784016000000/oGzlIvRcJWmIfJsVe3r0bA/gGB3s6c9MYTcxAPWwLVUk1kbojLdcu5aR2Gwiv36QXQio2lZxFPTaJn7oGrY1Yv6w9OVbSHhuXk1g1cdP1h9ASW5XgNdLBJY98liTY1NKTCVdQcsqdM__QW39IsO6paiz7ZY6RD3d5b8qSliPzWmWYhdUWzefETjs0l9OE0LJcPYOdXakpt_a8Dk_xhOeyuryOTQ0MptBJ_QiFDKiuDtGfyKUEcg1wHVl4aPIeUcTHI/snAV4DYD0KrgUdbNm7V5z3Q1Eo65Uu2WdlFYVDrqTzc)""",주식회사 모아패키지,2026.7.1,2026.7.17,,,2026.7.1 2:39오후,이난영,07월,
PNA52144_프레젠트 골프공 3구_C1,PO074455,PNA52144-모멘텀(구글),싸바리뚜껑박스(프레젠트골프공),"싸바리뚜껑박스, 색박(음각)",100,105,https://airtable.com/appkRWtF2j99XgBTq/pag4McZ2Tc7xALrrs?5hZOH=recrzBCkLRHhKYmYc&UvxrW=reccIzZ3D6rjj7qy3&Aq5EA=rec60eJxO9ntYbkI4,"""Order_PNA52144_PresentGolfball_Box,.pdf (https://v5.airtableusercontent.com/v3/u/55/55/1784016000000/WqQZzQOUq-rLv6wQ9Ly5gg/YQGtM9O3GOPIyg9HurjGmBk9TPVgrAPWriXq7098twk8cZWyZMwNabcPUh1FQg1fPmYuNiCiURm2rRIuwXtsTiLwWzz29ptOfCzILW69iVbAcq2tDQvgcT2wfPbL1Uyhk8WMs1ybcWflrc3W1eeBspLz-7Hl9-1syhxY_uBiR2j3PpfGD6Rwzmj1bwiIs4Qd/jG-YK43mRuL8tzTAx6k-5mLB7hepHmAcphhso7dfEl8)""",주식회사 모아패키지,2026.7.6,2026.7.20,,,2026.7.6 3:52오후,이난영,07월,
PNA52831_Brandfit 커스텀 쇼핑백_A1,PO074500,PNA52831-삼성SDS,브랜드핏쇼핑백,"브랜드핏쇼핑백(M), 브랜드핏쇼핑백손잡이",500,530,https://airtable.com/appkRWtF2j99XgBTq/pag4McZ2Tc7xALrrs?5hZOH=recrzBCkLRHhKYmYc&UvxrW=reczwTPaM0LSJJpoc&Aq5EA=rec8SdyHtcdo2PocH,"""Order_,PNA52831_Brandfit_ShoppingBag_M.pdf (https://v5.airtableusercontent.com/v3/u/55/55/1784016000000/4TFWTxKuZa4hARhY7fCGNQ/X_B0SiQyNluGWmFrAYAiX2dtD3RryxEhuLJui32sYjgl6TolTqG4Ns-FBaz9LF5HBcjQKSOshplKaGzWcd7aYr_YF4dt3GY-Lu7vg-wJ5Sr0z003oNQ9x_qxjsbIrlmF5iZ785Kut6JYdlyroUViTSJ1BlU14sd19QVolkCmLvG4fbAOCg2HWm7uJ6DKKkFiZqTRloGVwsxF7fTgwsBwNw/ULSy2NGWirbaa9gQaEcM9Fi49TQ_IkyxEx-TCukkzdI)""",주식회사 모아패키지,2026.7.7,2026.7.24,,,2026.7.7 4:59오후,이난영,07월,
PNA52874_비주얼핏 키캡키링 [1]_A1,PO074484,PNA52874-832미니스트리,키캡키링,키캡키링(4구LED),150,155,https://airtable.com/appkRWtF2j99XgBTq/pag4McZ2Tc7xALrrs?5hZOH=recrzBCkLRHhKYmYc&UvxrW=recmVYsdDwROTXFmA&Aq5EA=rectkztUbnrHfFZQK,"""Order_,PNA52874_Visualfit_KeycapKeyring_A2.pdf (https://v5.airtableusercontent.com/v3/u/55/55/1784016000000/TGtGtNAyZ8pf_wSxO_zo2g/K2w0bGoUo1dbh5cuGMwpRMeidDMvoVNxf1FxDcbuDrQLS8V2i_JitoNzbcaL-O1OEOsTOd6ughHWmJFImNY7S8zRo1AS3tVX0UHjesGol5QkYPshum7GQ9ZADj01t1_WY8mJPWv7aK6nDZWxINM8JpIVC1lHGDY_P3NWm_dNLmVIIwbiRPyzxyismA0LfC5fCNzV0a00KKOW3GWJ_b7bjw/yQg1H4bXpisYUR8NYBtwLBeMynYMo5reM6fbtA0zTPo)""",주식회사 위즈프로(구.호언),2026.7.7,2026.7.16,,,2026.7.7 2:59오후,이난영,07월,
PNA52874_비주얼핏 키캡키링 [2]_A1,PO074485,PNA52874-832미니스트리,키캡키링,키캡키링(4구LED),150,155,https://airtable.com/appkRWtF2j99XgBTq/pag4McZ2Tc7xALrrs?5hZOH=recrzBCkLRHhKYmYc&UvxrW=recTmFhCMyLtYp4Sj&Aq5EA=rectkztUbnrHfFZQK,"""Order_,PNA52874_Visualfit_KeycapKeyring_A1.pdf (https://v5.airtableusercontent.com/v3/u/55/55/1784016000000/RxGyCXDLtXQqhz6scmM3HA/rndjXNz1_WSUmaZOJwWQDhMl0HUSQSZ5967oXBcgZUki3sKnoAJC_-gX3uYo9PuGh94s6Mt63-JU6auf8eQXtPn7O3O_wbC-AbJZ1vuHGy4tttegkaFwskxETfGdbjxWusEFiZn0g2XQolOg-1PcvWA5iXgZzk6h0ZrPElHV7h9qHuMHlw2c_VS1TR8V1jqbP1iFhAdEQslKLzBJfdpoVg/wyvJf4Kzwq_F1WHVXRLWsIqBbaegkYaJA60ISmkqfiM)""",주식회사 위즈프로(구.호언),2026.7.7,2026.7.16,,,2026.7.7 3:00오후,이난영,07월,